date,tau,M,H,H_full,value_origin,tail,nu,E_in,relax_gap,fun,fun_uncapped,cap_iters,cap_converged,cap_pinned,cap_viol,deg_cd,deg_bc,sum_C,sum_D,fallback,skip
2025-02-01,0,19,144,144,0,0,0.48064598,10800.000000,0.01052837,21405.764219,21182.744473,4,0,1,1.499e-12,-1.637e-12,0.000e+00,345429.6346,294028.9409,3,0
2025-02-01,6,19,108,144,36,0,0.48064598,10214.077215,0.00766042,11738.197069,11648.961128,1,1,0,0.000e+00,0.000e+00,0.000e+00,334470.3932,269777.6540,3,0
2025-02-01,12,19,72,144,72,0,0.48064598,7696.165788,0.00762892,10135.187209,10058.452039,1,1,0,0.000e+00,0.000e+00,0.000e+00,234765.4492,146044.7203,3,0
2025-02-01,18,19,36,144,108,0,0.48064598,10650.988521,0.00000000,2968.266783,2968.266783,1,1,0,0.000e+00,0.000e+00,0.000e+00,168731.5254,142841.2917,3,0
2025-02-02,0,20,144,144,0,0,0.45269873,10729.285675,0.00585071,49900.283694,49610.029853,2,1,0,5.684e-13,-1.842e-12,-1.353e-11,403991.7256,339050.6136,3,0
2025-02-02,6,20,108,144,36,0,0.45269873,10528.999910,0.00779339,40216.021665,39905.026422,2,1,0,0.000e+00,0.000e+00,0.000e+00,385032.6570,315633.7347,3,0
2025-02-02,12,20,72,144,72,0,0.45269873,7066.643651,0.00921436,28207.780699,27950.237014,1,1,0,0.000e+00,0.000e+00,0.000e+00,298472.1534,183249.2757,3,0
2025-02-02,18,20,36,144,108,0,0.45269873,10392.543372,0.00000000,12006.554557,12006.554557,1,1,0,0.000e+00,0.000e+00,0.000e+00,182032.1447,154673.1042,3,0
2025-02-03,0,21,144,144,0,0,0.49498200,9272.825733,0.00799386,59961.003261,59485.484432,2,1,0,1.137e-13,-4.093e-13,-4.320e-12,458946.4207,360306.6807,3,0
2025-02-03,6,21,108,144,36,0,0.49498200,10714.590099,0.00580698,47090.582111,46818.706671,3,1,0,1.137e-13,0.000e+00,0.000e+00,411776.0383,343593.9839,3,0
2025-02-03,12,21,72,144,72,0,0.49498200,6473.654792,0.00727717,33019.054467,32780.505045,2,1,0,1.137e-13,0.000e+00,0.000e+00,321334.0222,190113.4966,3,0
2025-02-03,18,21,36,144,108,0,0.49498200,10525.550758,0.00000000,12012.053888,12012.053888,1,1,0,1.137e-13,0.000e+00,0.000e+00,185480.4521,160742.8963,3,0
2025-02-04,0,22,144,144,0,0,0.49699509,9793.897942,0.00676997,63074.346637,62650.206795,3,1,0,0.000e+00,0.000e+00,0.000e+00,493723.7843,397239.4944,3,0
2025-02-04,6,22,108,144,36,0,0.49699509,10800.000000,0.00549608,50613.662682,50337.006608,2,1,0,0.000e+00,0.000e+00,0.000e+00,448922.8854,374175.4888,3,0
2025-02-04,12,22,72,144,72,0,0.49699509,7922.006786,0.00439051,35606.012840,35450.367521,2,1,0,0.000e+00,0.000e+00,0.000e+00,326723.6274,218118.7739,3,0
2025-02-04,18,22,36,144,108,0,0.49699509,10749.895657,0.00000000,11821.939069,11821.939069,1,1,0,1.137e-13,0.000e+00,0.000e+00,194467.3304,167329.4987,3,0
2025-02-05,0,23,144,144,0,0,0.49828922,10568.565107,0.00555395,57554.852075,57236.960611,4,0,1,6.182e-13,-1.228e-10,0.000e+00,477097.1587,400098.3560,3,0
2025-02-05,6,23,108,144,36,0,0.49828922,10241.531674,0.01078016,48741.842149,48222.001144,2,1,0,1.137e-13,0.000e+00,0.000e+00,472489.0709,390096.9473,3,0
2025-02-05,12,23,72,144,72,0,0.49828922,6102.472235,0.00647500,33240.010646,33026.166076,1,1,0,1.137e-13,0.000e+00,0.000e+00,363542.8789,208815.0062,3,0
2025-02-05,18,23,36,144,108,0,0.49828922,10707.470044,0.00000000,11473.528428,11473.528428,1,1,0,1.137e-13,0.000e+00,0.000e+00,201389.6206,173144.1835,3,0
2025-02-06,0,24,144,144,0,0,0.49861426,10313.481194,0.00540220,62486.346797,62150.596887,4,0,1,2.728e-12,0.000e+00,0.000e+00,527536.1331,436335.3166,3,0
2025-02-06,6,24,108,144,36,0,0.49861426,10676.747007,0.00487236,49802.833058,49561.352447,3,1,0,1.137e-13,0.000e+00,0.000e+00,494436.3566,410458.5752,3,0
2025-02-06,12,24,72,144,72,0,0.49861426,7266.255106,0.00719675,34613.194351,34365.871929,2,1,0,1.137e-13,0.000e+00,0.000e+00,352042.9122,220466.6353,3,0
2025-02-06,18,24,36,144,108,0,0.49861426,10455.312595,0.00000000,12281.181732,12281.181732,1,1,0,5.684e-13,0.000e+00,0.000e+00,209148.6960,179221.0919,3,0
2025-02-07,0,25,144,144,0,0,0.50068900,10212.405694,0.01110649,21836.770286,21596.904433,1,1,0,4.798e-11,-2.615e-12,0.000e+00,470542.4391,387428.9673,3,0
2025-02-07,6,25,108,144,36,0,0.50068900,10250.770370,0.00859322,12808.904553,12699.772580,1,1,0,0.000e+00,0.000e+00,-2.274e-13,446412.2518,362275.8008,3,0
2025-02-07,12,25,72,144,72,0,0.50068900,7752.357695,0.00000000,10330.414599,10330.414599,1,1,0,1.137e-13,0.000e+00,0.000e+00,304882.9658,190424.3271,3,0
2025-02-07,18,25,36,144,108,0,0.50068900,10671.739332,0.00000000,3163.681023,3163.681023,1,1,0,1.137e-13,0.000e+00,0.000e+00,218813.1452,185739.5850,3,0
2025-02-08,0,26,144,144,0,0,0.46009524,10618.791937,0.00130559,14897.350343,14877.925801,3,1,0,0.000e+00,0.000e+00,0.000e+00,507519.9718,421989.6771,3,0
2025-02-08,6,26,108,144,36,0,0.46009524,8054.859865,0.01245825,9768.872178,9648.666713,1,1,0,1.137e-13,0.000e+00,0.000e+00,489402.9066,354151.4692,3,0
2025-02-08,12,26,72,144,72,0,0.46009524,7216.032522,0.00477661,8645.043222,8603.945558,1,1,0,1.137e-13,0.000e+00,0.000e+00,343520.3361,215138.5123,3,0
2025-02-08,18,26,36,144,108,0,0.46009524,9728.735676,0.00000000,3903.510875,3903.510875,1,1,0,1.137e-13,0.000e+00,0.000e+00,238284.2650,191899.5179,3,0
2025-02-09,0,27,144,144,0,0,0.43558584,9662.777969,0.00635140,49694.569433,49380.931318,3,1,0,5.684e-14,0.000e+00,-1.137e-13,560037.3470,448389.7526,3,0
2025-02-09,6,27,108,144,36,0,0.43558584,10181.530450,0.00891610,41607.643670,41239.944358,1,1,0,2.274e-13,0.000e+00,0.000e+00,515157.8561,422564.5170,3,0
2025-02-09,12,27,72,144,72,0,0.43558584,8671.831951,0.00264470,27550.379867,27477.709697,2,1,0,1.137e-13,0.000e+00,0.000e+00,343537.5638,240716.1484,3,0
2025-02-09,18,27,36,144,108,0,0.43558584,10682.042651,0.00000000,10763.132302,10763.132302,1,1,0,1.137e-13,0.000e+00,0.000e+00,230685.2044,198217.0924,3,0
2025-02-10,0,28,144,144,0,0,0.49114612,9718.678430,0.00660316,54534.626964,54176.888036,4,1,0,2.274e-13,-1.791e-12,-1.478e-12,586975.1241,471206.7326,3,0
2025-02-10,6,28,108,144,36,0,0.49114612,10430.033059,0.00397973,40516.362257,40355.757276,4,0,1,1.137e-13,0.000e+00,0.000e+00,525977.2829,431939.2435,3,0
2025-02-10,12,28,72,144,72,0,0.49114612,6213.661542,0.00608332,31256.819439,31067.823844,1,1,0,1.137e-13,0.000e+00,0.000e+00,418221.8027,239178.7724,3,0
2025-02-10,18,28,36,144,108,0,0.49114612,10755.124742,0.00000000,11130.234726,11130.234726,1,1,0,1.137e-13,0.000e+00,0.000e+00,240366.1150,207082.8529,3,0
2025-02-11,0,29,144,144,0,0,0.48605149,10213.063502,0.00543204,54368.559834,54074.823161,4,0,1,1.137e-13,0.000e+00,0.000e+00,596527.4338,490569.8004,3,0
2025-02-11,6,29,108,144,36,0,0.48605149,10659.151212,0.00415929,41574.628122,41402.423336,2,1,0,1.137e-13,0.000e+00,0.000e+00,569681.4188,472765.5116,3,0
2025-02-11,12,29,72,144,72,0,0.48605149,5926.178206,0.00484923,32061.095352,31906.374096,2,1,0,0.000e+00,0.000e+00,0.000e+00,441243.3959,244813.7615,3,0
2025-02-11,18,29,36,144,108,0,0.48605149,10754.957110,0.00000000,11843.419906,11843.419906,1,1,0,0.000e+00,0.000e+00,0.000e+00,252037.8946,216173.9155,3,0
2025-02-12,0,30,144,144,0,0,0.48991045,10325.014561,0.00625103,54764.649397,54424.440687,4,1,0,9.834e-12,0.000e+00,-9.322e-12,626806.6406,518377.8918,0,0
2025-02-12,6,30,108,144,36,0,0.48991045,10566.045644,0.00413141,42198.102726,42024.482379,2,1,0,0.000e+00,0.000e+00,0.000e+00,584765.5260,483119.9569,0,0
2025-02-12,12,30,72,144,72,0,0.48991045,6194.167684,0.00586160,31115.729758,30934.404635,2,1,0,0.000e+00,0.000e+00,-1.137e-13,453975.0605,258824.8257,0,0
2025-02-12,18,30,36,144,108,0,0.48991045,10404.246343,0.00000000,11971.433679,11971.433679,1,1,0,0.000e+00,0.000e+00,0.000e+00,259466.5116,221638.8393,0,0
2025-02-13,0,30,144,144,0,0,0.48809811,10046.458858,0.00412708,49038.750147,48837.195311,4,0,1,6.963e-13,0.000e+00,0.000e+00,588273.8392,476775.7092,0,0
2025-02-13,6,30,108,144,36,0,0.48809811,10142.718865,0.00238307,36602.949919,36515.930071,2,1,0,1.137e-13,0.000e+00,0.000e+00,582339.5235,468574.3448,0,0
2025-02-13,12,30,72,144,72,0,0.48809811,6294.551204,0.00324377,28601.172697,28508.697079,1,1,0,1.137e-13,0.000e+00,0.000e+00,436717.5516,260013.2372,0,0
2025-02-13,18,30,36,144,108,0,0.48809811,10674.006595,0.00000000,11233.378299,11233.378299,1,1,0,1.137e-13,0.000e+00,0.000e+00,267988.4663,227123.8077,0,0
2025-02-14,0,30,144,144,0,0,0.48838729,10554.304880,0.00005058,14772.221103,14771.473889,2,1,0,5.969e-13,-3.274e-12,0.000e+00,589365.2511,485878.8035,0,0
2025-02-14,6,30,108,144,36,0,0.48838729,8634.793131,0.00000000,8543.888848,8543.888848,1,1,0,1.137e-13,-3.274e-12,0.000e+00,542446.4521,400090.0668,0,0
2025-02-14,12,30,72,144,72,0,0.48838729,7432.613248,0.00000000,8239.298650,8239.298650,1,1,0,6.466e-12,-3.274e-12,0.000e+00,404402.8859,254483.6115,0,0
2025-02-14,18,30,36,144,108,0,0.48838729,9980.033850,0.00000000,3382.274602,3382.274602,1,1,0,1.137e-13,0.000e+00,0.000e+00,290291.4813,231101.5687,0,0
2025-02-15,0,30,144,144,0,0,0.44489613,10524.144684,0.00031532,13400.197429,13395.973468,2,1,0,0.000e+00,0.000e+00,0.000e+00,561835.2020,461735.0277,0,0
2025-02-15,6,30,108,144,36,0,0.44489613,7618.585891,0.00000000,7228.780881,7228.780881,1,1,0,0.000e+00,0.000e+00,0.000e+00,569447.7330,386636.9869,0,0
2025-02-15,12,30,72,144,72,0,0.44489613,7427.948011,0.00000000,7128.738901,7128.738901,1,1,0,0.000e+00,0.000e+00,0.000e+00,403963.7435,247961.0639,0,0
2025-02-15,18,30,36,144,108,0,0.44489613,10091.821374,0.00000000,3129.026039,3129.026039,1,1,0,0.000e+00,0.000e+00,0.000e+00,290130.8604,229609.1934,0,0
2025-02-16,0,30,144,144,0,0,0.42795683,9967.914414,0.00261411,44722.496177,44605.891381,4,0,1,1.435e-12,0.000e+00,0.000e+00,667953.4681,536389.3646,0,0
2025-02-16,6,30,108,144,36,0,0.42795683,10160.197491,0.00118610,34147.252439,34106.798211,2,1,0,0.000e+00,0.000e+00,0.000e+00,600842.1810,483963.1360,0,0
2025-02-16,12,30,72,144,72,0,0.42795683,5521.798526,0.00006372,25486.041324,25484.417517,2,1,0,0.000e+00,0.000e+00,0.000e+00,468620.0672,252226.7496,0,0
2025-02-16,18,30,36,144,108,0,0.42795683,9278.574481,0.00000000,12116.426608,12116.426608,1,1,0,1.137e-13,0.000e+00,0.000e+00,278152.9336,215415.0302,0,0
2025-02-17,0,30,144,144,0,0,0.48796731,9352.651775,0.00289344,52169.354913,52018.841353,4,0,1,1.023e-12,0.000e+00,0.000e+00,666986.4952,520022.3346,0,0
2025-02-17,6,30,108,144,36,0,0.48796731,10487.827104,0.00081458,38242.546979,38211.420579,2,1,0,0.000e+00,0.000e+00,0.000e+00,611615.7699,501872.3768,0,0
2025-02-17,12,30,72,144,72,0,0.48796731,7561.054798,0.00064504,27410.846265,27393.176642,2,1,0,0.000e+00,0.000e+00,0.000e+00,407779.3988,258618.7955,0,0
2025-02-17,18,30,36,144,108,0,0.48796731,10386.094456,0.00000000,11121.166231,11121.166231,1,1,0,0.000e+00,0.000e+00,-2.025e-13,276092.7954,232091.8839,0,0
2025-02-18,0,30,144,144,0,0,0.48658446,9900.765971,0.00387178,45248.151922,45073.636575,4,1,0,0.000e+00,0.000e+00,-5.000e-13,593255.2771,475971.8162,0,0
2025-02-18,6,30,108,144,36,0,0.48658446,9934.343526,0.00766660,35914.813175,35641.563447,4,0,1,1.137e-13,0.000e+00,0.000e+00,563074.2464,453754.1244,0,0
2025-02-18,12,30,72,144,72,0,0.48658446,7157.072685,0.00124322,26089.891416,26057.496184,1,1,0,1.137e-13,0.000e+00,0.000e+00,417514.1255,257520.0384,0,0
2025-02-18,18,30,36,144,108,0,0.48658446,9933.094627,0.00000000,11360.695263,11360.695263,1,1,0,1.137e-13,0.000e+00,0.000e+00,273732.0511,229604.1779,0,0
2025-02-19,0,30,144,144,0,0,0.48326595,9755.240431,0.00332466,45362.318439,45212.003782,3,1,0,5.684e-14,0.000e+00,0.000e+00,630949.0510,502449.9253,0,0
2025-02-19,6,30,108,144,36,0,0.48326595,9622.015476,0.00275626,35417.719801,35320.367808,2,1,0,1.137e-13,0.000e+00,0.000e+00,583154.1205,456805.8351,0,0
2025-02-19,12,30,72,144,72,0,0.48326595,5586.597244,0.00148128,28626.919775,28584.578119,2,1,0,0.000e+00,0.000e+00,0.000e+00,478461.1712,269599.7363,0,0
2025-02-19,18,30,36,144,108,0,0.48326595,10720.179830,0.00000000,11126.617072,11126.617072,1,1,0,1.137e-13,0.000e+00,0.000e+00,275524.7002,241799.6295,0,0
2025-02-20,0,30,144,144,0,0,0.48324154,9673.764075,0.00343182,47615.035738,47452.188516,4,0,1,1.137e-13,0.000e+00,0.000e+00,629059.6558,499071.0119,0,0
2025-02-20,6,30,108,144,36,0,0.48324154,10491.973046,0.00097821,36996.138520,36959.983864,2,1,0,1.137e-13,0.000e+00,-5.116e-13,596183.1748,498265.0420,0,0
2025-02-20,12,30,72,144,72,0,0.48324154,7557.213841,0.00073528,26541.185801,26521.684834,2,1,0,0.000e+00,0.000e+00,0.000e+00,395894.2939,250593.4373,0,0
2025-02-20,18,30,36,144,108,0,0.48324154,10580.984981,0.00000000,11526.979832,11526.979832,1,1,0,1.137e-13,0.000e+00,0.000e+00,274632.7096,238373.1265,0,0
2025-02-21,0,30,144,144,0,0,0.48699198,10386.534973,0.00002777,13622.940910,13622.562577,3,1,0,0.000e+00,0.000e+00,-1.338e-12,601043.8482,489553.2428,0,0
2025-02-21,6,30,108,144,36,0,0.48699198,7092.437217,0.00000000,7508.619122,7508.619122,1,1,0,1.137e-13,0.000e+00,0.000e+00,591744.8302,393852.1125,0,0
2025-02-21,12,30,72,144,72,0,0.48699198,8249.940445,0.00000000,7249.684597,7249.684597,1,1,0,1.137e-13,0.000e+00,0.000e+00,374634.8757,250150.5345,0,0
2025-02-21,18,30,36,144,108,0,0.48699198,10009.667041,0.00000000,3163.605701,3163.605701,1,1,0,1.137e-13,0.000e+00,0.000e+00,288618.2362,230169.0041,0,0
2025-02-22,0,30,144,144,0,0,0.43922570,10459.785280,0.00011705,11991.689229,11990.285746,2,1,0,0.000e+00,0.000e+00,0.000e+00,599708.3187,490473.3633,0,0
2025-02-22,6,30,108,144,36,0,0.43922570,6262.582757,0.00082101,7214.247249,7208.329111,2,1,0,1.137e-13,0.000e+00,0.000e+00,598607.1200,380818.8038,0,0
2025-02-22,12,30,72,144,72,0,0.43922570,7134.952567,0.00000000,6568.383827,6568.383827,1,1,0,1.137e-13,0.000e+00,0.000e+00,410849.1475,247591.7455,0,0
2025-02-22,18,30,36,144,108,0,0.43922570,9976.149164,0.00000000,3284.561757,3284.561757,1,1,0,1.137e-13,0.000e+00,0.000e+00,286714.6732,227244.9379,0,0
2025-02-23,0,30,144,144,0,0,0.42567873,10095.929329,0.00319289,39785.533544,39658.906885,4,0,1,2.274e-13,0.000e+00,-8.640e-13,611781.6928,496249.7912,0,0
2025-02-23,6,30,108,144,36,0,0.42567873,9714.255798,0.00422183,32325.081201,32189.184011,2,1,0,2.842e-14,-2.046e-12,5.684e-14,601699.4587,478232.7272,0,0
2025-02-23,12,30,72,144,72,0,0.42567873,6442.902468,0.00042778,24268.494517,24258.117314,2,1,0,0.000e+00,0.000e+00,0.000e+00,427993.9375,245153.6008,0,0
2025-02-23,18,30,36,144,108,0,0.42567873,9213.102694,0.00000000,12146.000384,12146.000384,1,1,0,1.137e-13,0.000e+00,0.000e+00,272195.3783,207462.5361,0,0
2025-02-24,0,30,144,144,0,0,0.48090851,9534.038339,0.00505881,44360.412863,44137.131605,4,0,1,8.968e-13,0.000e+00,0.000e+00,644281.5684,507484.7168,0,0
2025-02-24,6,30,108,144,36,0,0.48090851,10032.478047,0.01186402,34941.717361,34532.028664,4,1,0,1.137e-13,0.000e+00,0.000e+00,563879.5005,456684.8856,0,0
2025-02-24,12,30,72,144,72,0,0.48090851,6974.844089,0.00058665,26193.088167,26177.730895,2,1,0,1.137e-13,0.000e+00,0.000e+00,417264.1925,251930.5026,0,0
2025-02-24,18,30,36,144,108,0,0.48090851,9705.066066,0.00000000,12085.936502,12085.936502,1,1,0,1.137e-13,0.000e+00,0.000e+00,270438.4060,213923.4006,0,0
2025-02-25,0,30,144,144,0,0,0.48150569,9951.218339,0.00558459,45272.594492,45021.169734,4,0,1,3.020e-13,0.000e+00,0.000e+00,611810.3814,491840.7679,0,0
2025-02-25,6,30,108,144,36,0,0.48150569,10198.018475,0.00181096,33965.300865,33903.902357,2,1,0,1.137e-13,0.000e+00,0.000e+00,554542.7862,451022.5595,0,0
2025-02-25,12,30,72,144,72,0,0.48150569,8623.566726,0.00043186,24411.424095,24400.886240,3,1,0,1.137e-13,-2.274e-13,0.000e+00,351316.7019,243607.7216,0,0
2025-02-25,18,30,36,144,108,0,0.48150569,9815.855333,0.00000000,12138.769617,12138.769617,1,1,0,1.137e-13,0.000e+00,0.000e+00,269645.4864,216756.1660,0,0
2025-02-26,0,30,144,144,0,0,0.47588080,9789.012854,0.00601299,39845.100941,39606.944744,4,0,1,1.329e-12,0.000e+00,0.000e+00,588749.3936,469438.1884,0,0
2025-02-26,6,30,108,144,36,0,0.47588080,9668.601247,0.01265365,31973.196981,31573.674619,4,0,1,1.137e-13,0.000e+00,0.000e+00,559867.6940,444566.3659,0,0
2025-02-26,12,30,72,144,72,0,0.47588080,6138.325264,0.00118988,27518.692500,27485.987480,2,1,0,0.000e+00,0.000e+00,0.000e+00,435630.3058,252830.3513,0,0
2025-02-26,18,30,36,144,108,0,0.47588080,9746.203313,0.00000000,12000.238718,12000.238718,1,1,0,1.137e-13,0.000e+00,0.000e+00,268500.6750,214884.2342,0,0
2025-02-27,0,30,144,144,0,0,0.47835561,9981.281730,0.00728656,41420.488370,41120.858905,4,0,1,6.366e-12,0.000e+00,0.000e+00,580281.9422,468494.7384,0,0
2025-02-27,6,30,108,144,36,0,0.47835561,9951.278901,0.00498823,31608.260674,31451.373899,1,1,0,0.000e+00,0.000e+00,0.000e+00,566091.1924,458848.0539,0,0
2025-02-27,12,30,72,144,72,0,0.47835561,6340.648505,0.00212563,24718.732723,24666.301221,1,1,0,0.000e+00,0.000e+00,0.000e+00,414150.0840,243367.3111,0,0
2025-02-27,18,30,36,144,108,0,0.47835561,9663.674559,0.00000000,12160.748550,12160.748550,1,1,0,1.137e-13,0.000e+00,0.000e+00,263092.7829,213165.5646,0,0
2025-02-28,0,30,144,144,0,0,0.48040686,9883.446621,0.00002701,12981.663230,12981.312605,2,1,0,0.000e+00,0.000e+00,-4.263e-14,602797.9417,475861.9462,0,0
2025-02-28,6,30,108,144,36,0,0.48040686,5581.044869,-0.00000000,7542.710957,7542.710957,1,1,0,1.137e-13,0.000e+00,0.000e+00,603096.4411,359404.3672,0,0
2025-02-28,12,30,72,144,72,0,0.48040686,9076.493369,-0.00000000,7061.786198,7061.786198,1,1,0,0.000e+00,0.000e+00,0.000e+00,346298.3269,245435.0120,0,0
2025-02-28,18,30,36,144,108,0,0.48040686,10149.270498,0.00000000,3194.760254,3194.760254,1,1,0,1.137e-13,0.000e+00,0.000e+00,287597.7935,226722.2178,0,0
2025-03-01,0,30,144,144,0,0,0.43728183,10488.316330,0.00395172,13250.549031,13198.392720,3,1,0,0.000e+00,0.000e+00,0.000e+00,527177.8553,435817.0813,0,0
2025-03-01,6,30,108,144,36,0,0.43728183,9456.228890,0.00000000,6762.014811,6762.014811,1,1,0,1.137e-13,0.000e+00,0.000e+00,493261.4200,375413.8416,0,0
2025-03-01,12,30,72,144,72,0,0.43728183,10800.000000,-0.00000000,6631.289677,6631.289677,1,1,0,1.137e-13,0.000e+00,0.000e+00,280937.5455,240173.6756,0,0
2025-03-01,18,30,36,144,108,0,0.43728183,10079.163980,0.00000000,3088.574174,3088.574174,1,1,0,1.137e-13,0.000e+00,0.000e+00,279673.1327,224390.9535,0,0
2025-03-02,0,30,144,144,0,0,0.41726647,9961.497541,0.00665213,37131.317012,36885.947067,4,0,1,8.598e-13,0.000e+00,0.000e+00,584210.1480,473716.7633,0,0
2025-03-02,6,30,108,144,36,0,0.41726647,9698.229570,0.00269978,30912.405026,30829.173084,2,1,0,1.137e-13,0.000e+00,0.000e+00,587613.9314,466710.4435,0,0
2025-03-02,12,30,72,144,72,0,0.41726647,7288.757937,0.00037368,23657.825233,23648.988087,2,1,0,1.137e-13,0.000e+00,0.000e+00,401730.5099,251870.5505,0,0
2025-03-02,18,30,36,144,108,0,0.41726647,8058.247493,0.00000000,12041.284311,12041.284311,1,1,0,1.137e-13,0.000e+00,0.000e+00,258864.3025,182861.7929,0,0
2025-03-03,0,30,144,144,0,0,0.47596207,8565.191363,0.00462255,47271.207479,47053.699435,4,0,1,3.575e-12,0.000e+00,-7.461e-13,653832.7673,492584.4756,0,0
2025-03-03,6,30,108,144,36,0,0.47596207,10765.586177,0.00108114,34689.018266,34651.555058,3,1,0,1.137e-13,0.000e+00,0.000e+00,590878.1414,511210.8795,0,0
2025-03-03,12,30,72,144,72,0,0.47596207,7181.250277,0.00175118,27009.108353,26961.893178,2,1,0,1.137e-13,0.000e+00,0.000e+00,392143.1212,251387.1421,0,0
2025-03-03,18,30,36,144,108,0,0.47596207,8803.612075,0.00000000,12115.949734,12115.949734,1,1,0,1.137e-13,0.000e+00,0.000e+00,259441.9957,198360.6871,0,0
2025-03-04,0,30,144,144,0,0,0.47768245,8700.099189,0.00632446,41435.859310,41175.446926,4,0,1,1.137e-13,0.000e+00,0.000e+00,630109.4694,474009.7919,0,0
2025-03-04,6,30,108,144,36,0,0.47768245,9571.795580,0.00592024,33207.729793,33012.289201,2,1,0,1.137e-13,0.000e+00,-2.842e-13,575521.2567,456036.5295,0,0
2025-03-04,12,30,72,144,72,0,0.47768245,6403.859646,0.00468312,25545.442952,25426.368281,1,1,0,1.137e-13,0.000e+00,0.000e+00,403514.0007,234318.6363,0,0
2025-03-04,18,30,36,144,108,0,0.47768245,8670.672940,0.00000000,12795.471454,12795.471454,1,1,0,1.137e-13,0.000e+00,0.000e+00,266705.7489,199291.4767,0,0
2025-03-05,0,30,144,144,0,0,0.47317972,9174.494642,0.00383357,42860.170795,42696.490723,3,1,0,1.137e-13,-2.274e-13,0.000e+00,632302.5717,490792.0289,0,0
2025-03-05,6,30,108,144,36,0,0.47317972,9796.423071,0.00100765,31874.464121,31842.378124,2,1,0,3.482e-13,0.000e+00,0.000e+00,571669.5332,457303.1220,0,0
2025-03-05,12,30,72,144,72,0,0.47317972,7440.802461,0.00071396,25239.186687,25221.179854,2,1,0,7.887e-13,0.000e+00,0.000e+00,383471.4926,236948.2744,0,0
2025-03-05,18,30,36,144,108,0,0.47317972,9452.187396,0.00000000,12408.144581,12408.144581,1,1,0,1.137e-13,0.000e+00,0.000e+00,265618.0052,203760.7676,0,0
2025-03-06,0,30,144,144,0,0,0.46997838,10052.431111,0.00436848,39035.044064,38865.261843,2,1,0,4.547e-13,0.000e+00,0.000e+00,594435.9521,482980.8410,0,0
2025-03-06,6,30,108,144,36,0,0.46997838,9809.824551,0.00171471,29582.266982,29531.628824,3,1,0,1.137e-13,0.000e+00,0.000e+00,578685.0497,460904.7152,0,0
2025-03-06,12,30,72,144,72,0,0.46997838,6471.637125,0.00339994,25932.404591,25844.534730,1,1,0,1.137e-13,0.000e+00,0.000e+00,414424.5581,243654.3854,0,0
2025-03-06,18,30,36,144,108,0,0.46997838,9503.255297,0.00000000,12036.939778,12036.939778,1,1,0,1.137e-13,0.000e+00,0.000e+00,267202.5685,205701.6809,0,0
2025-03-07,0,30,144,144,0,0,0.47288279,10252.204266,0.00003464,12561.994805,12561.559669,2,1,0,0.000e+00,-2.331e-12,0.000e+00,598363.8287,484891.7312,0,0
2025-03-07,6,30,108,144,36,0,0.47288279,6032.747490,0.00000000,7096.357347,7096.357347,1,1,0,5.329e-15,-2.331e-12,0.000e+00,571725.4909,345002.2399,0,0
2025-03-07,12,30,72,144,72,0,0.47288279,10800.000000,0.00000000,6894.849149,6894.849149,1,1,0,0.000e+00,-2.331e-12,0.000e+00,286792.2546,243121.6689,0,0
2025-03-07,18,30,36,144,108,0,0.47288279,9960.413633,0.00000000,3169.919110,3169.919110,1,1,0,0.000e+00,-2.331e-12,0.000e+00,285576.8439,218717.4260,0,0
2025-03-08,0,30,144,144,0,0,0.43814801,10527.561642,-0.00000000,10398.697890,10398.697890,1,1,0,0.000e+00,0.000e+00,0.000e+00,595919.0142,490385.3911,0,0
2025-03-08,6,30,108,144,36,0,0.43814801,4554.819456,0.00001104,6607.925855,6607.852895,1,1,0,0.000e+00,0.000e+00,0.000e+00,602071.1876,333821.9617,0,0
2025-03-08,12,30,72,144,72,0,0.43814801,10103.087875,0.00000000,6112.116721,6112.116721,1,1,0,0.000e+00,0.000e+00,0.000e+00,310283.2060,247889.4828,0,0
2025-03-08,18,30,36,144,108,0,0.43814801,9640.540070,0.00000000,3463.608684,3463.608684,1,1,0,0.000e+00,0.000e+00,0.000e+00,286170.7212,217975.9949,0,0
2025-03-09,0,30,144,144,0,0,0.41682858,9900.736170,0.00345225,35219.523089,35098.354840,4,1,0,7.958e-13,0.000e+00,-9.592e-13,596031.3982,479631.3439,0,0
2025-03-09,6,30,108,144,36,0,0.41682858,9553.799423,0.00061812,24934.196154,24918.793229,1,1,0,1.137e-13,0.000e+00,-1.137e-13,566456.7321,440151.2359,0,0
2025-03-09,12,30,72,144,72,0,0.41682858,4780.879915,0.00111903,22174.783820,22149.997247,1,1,0,1.137e-13,0.000e+00,0.000e+00,469432.9183,235999.4815,0,0
2025-03-09,18,30,36,144,108,0,0.41682858,9784.193618,0.00000000,11184.196753,11184.196753,1,1,0,1.137e-13,0.000e+00,0.000e+00,267950.3434,210927.5437,0,0
2025-03-10,0,30,144,144,0,0,0.46747320,9631.649471,0.00377216,39045.649134,38898.916198,4,0,1,1.137e-13,0.000e+00,0.000e+00,604229.8573,478813.9929,0,0
2025-03-10,6,30,108,144,36,0,0.46747320,9708.441846,0.00342379,30899.178891,30793.747682,2,1,0,1.137e-13,0.000e+00,0.000e+00,579796.9127,457016.8210,0,0
2025-03-10,12,30,72,144,72,0,0.46747320,6653.615565,0.00256409,25291.926803,25227.241877,1,1,0,1.137e-13,0.000e+00,0.000e+00,420791.5707,254261.1554,0,0
2025-03-10,18,30,36,144,108,0,0.46747320,9423.761176,0.00000000,12172.223880,12172.223880,1,1,0,1.137e-13,0.000e+00,0.000e+00,268354.1498,206656.5574,0,0
2025-03-11,0,30,144,144,0,0,0.47353719,9716.365565,0.00272044,34764.945356,34670.626029,4,0,1,2.274e-12,0.000e+00,0.000e+00,602005.6296,479822.5138,0,0
2025-03-11,6,30,108,144,36,0,0.47353719,9943.710407,0.00648277,32702.038347,32491.404158,4,0,1,1.137e-13,0.000e+00,0.000e+00,587374.4214,479223.4803,0,0
2025-03-11,12,30,72,144,72,0,0.47353719,6264.864063,0.00407682,26060.842745,25955.028771,1,1,0,1.137e-13,0.000e+00,-2.842e-13,424171.7352,249597.5208,0,0
2025-03-11,18,30,36,144,108,0,0.47353719,9383.926526,0.00000000,12783.893891,12783.893891,1,1,0,1.137e-13,0.000e+00,0.000e+00,267086.2657,205143.6043,0,0
2025-03-12,0,30,144,144,0,0,0.46892470,10182.877029,0.00388426,40115.454619,39960.238752,4,1,0,0.000e+00,-1.251e-12,0.000e+00,610262.0383,499318.4147,0,0
2025-03-12,6,30,108,144,36,0,0.46892470,9674.502489,0.00232945,28172.982729,28107.507768,2,1,0,0.000e+00,0.000e+00,-4.547e-13,573060.1142,447720.8374,0,0
2025-03-12,12,30,72,144,72,0,0.46892470,5711.433520,0.00089432,25201.860988,25179.342531,2,1,0,0.000e+00,0.000e+00,0.000e+00,448361.4622,240453.2898,0,0
2025-03-12,18,30,36,144,108,0,0.46892470,9901.307220,0.00000000,12151.559547,12151.559547,1,1,0,0.000e+00,0.000e+00,0.000e+00,268586.0615,214100.5426,0,0
2025-03-13,0,30,144,144,0,0,0.46619079,9880.126126,0.00498301,40895.570807,40692.798369,4,0,1,1.137e-13,0.000e+00,0.000e+00,597541.0644,480177.0661,0,0
2025-03-13,6,30,108,144,36,0,0.46619079,9857.783982,0.00614159,31919.141876,31724.304235,2,1,0,1.137e-13,-4.547e-13,0.000e+00,534053.9725,432389.5529,0,0
2025-03-13,12,30,72,144,72,0,0.46619079,8862.076675,0.00136690,24218.021843,24184.963382,1,1,0,1.137e-13,0.000e+00,0.000e+00,344228.4665,245813.9220,0,0
2025-03-13,18,30,36,144,108,0,0.46619079,9840.621535,0.00000000,11853.545702,11853.545702,1,1,0,0.000e+00,0.000e+00,0.000e+00,268903.2107,212748.9610,0,0
2025-03-14,0,30,144,144,0,0,0.47403452,10091.637877,0.00000000,12059.174565,12059.174565,1,1,0,5.400e-13,0.000e+00,0.000e+00,600466.7627,483095.5212,0,0
2025-03-14,6,30,108,144,36,0,0.47403452,5169.736337,0.00000000,7603.720413,7603.720413,1,1,0,0.000e+00,0.000e+00,0.000e+00,577468.9426,334086.1323,0,0
2025-03-14,12,30,72,144,72,0,0.47403452,10800.000000,0.00000000,7152.056138,7152.056138,1,1,0,0.000e+00,0.000e+00,0.000e+00,290360.7695,254721.1259,0,0
2025-03-14,18,30,36,144,108,0,0.47403452,10084.492198,0.00000000,3697.320506,3697.320506,1,1,0,0.000e+00,0.000e+00,0.000e+00,289173.6952,232758.3796,0,0
2025-03-15,0,30,144,144,0,0,0.43517916,10800.000000,0.00000000,10119.902587,10119.902587,1,1,0,1.933e-12,-1.364e-12,0.000e+00,594033.7707,500947.5986,0,0
2025-03-15,6,30,108,144,36,0,0.43517916,4559.663700,0.00848515,6656.408740,6600.403305,1,1,0,1.137e-13,0.000e+00,0.000e+00,594899.5231,337007.4117,0,0
2025-03-15,12,30,72,144,72,0,0.43517916,8421.362888,0.00000000,6348.700523,6348.700523,1,1,0,1.137e-13,0.000e+00,0.000e+00,364436.8240,255122.9113,0,0
2025-03-15,18,30,36,144,108,0,0.43517916,10173.962335,0.00000000,3390.644566,3390.644566,1,1,0,0.000e+00,0.000e+00,0.000e+00,284134.2888,231908.7944,0,0
2025-03-16,0,30,144,144,0,0,0.41923242,9527.634933,0.00615755,34116.400581,33907.612723,4,1,0,1.137e-12,-2.274e-13,3.683e-12,630155.6348,497917.1827,0,0
2025-03-16,6,30,108,144,36,0,0.41923242,9545.291986,0.00858279,27614.662955,27379.669099,3,1,0,1.137e-13,0.000e+00,0.000e+00,591129.8263,467738.1536,0,0
2025-03-16,12,30,72,144,72,0,0.41923242,6648.832077,0.00197610,22535.108234,22490.664534,2,1,0,1.137e-13,0.000e+00,0.000e+00,419854.4413,243123.4496,0,0
2025-03-16,18,30,36,144,108,0,0.41923242,9821.301746,0.00000000,11698.799308,11698.799308,1,1,0,1.137e-13,0.000e+00,0.000e+00,268682.6780,212833.6255,0,0
2025-03-17,0,30,144,144,0,0,0.46595698,9972.423558,0.00475003,35289.634833,35122.800439,4,1,0,2.842e-12,-4.889e-12,0.000e+00,566600.9902,457320.2893,0,0
2025-03-17,6,30,108,144,36,0,0.46595698,9984.277985,0.00154245,24040.127185,24003.103565,1,1,0,2.217e-12,0.000e+00,4.434e-12,561558.6962,446439.2700,0,0
2025-03-17,12,30,72,144,72,0,0.46595698,5359.704254,0.00287746,24128.805291,24059.574928,2,1,0,0.000e+00,0.000e+00,-2.046e-12,439056.9607,236670.6993,0,0
2025-03-17,18,30,36,144,108,0,0.46595698,9512.716204,0.00000000,12534.750375,12534.750375,1,1,0,0.000e+00,0.000e+00,0.000e+00,268867.7245,205636.6752,0,0
2025-03-18,0,30,144,144,0,0,0.46204185,10232.015078,0.00347741,41011.359090,40869.240118,3,1,0,5.741e-12,0.000e+00,-6.972e-12,589648.2707,483574.8506,0,0
2025-03-18,6,30,108,144,36,0,0.46204185,9979.865031,0.00223176,30638.939946,30570.713426,3,1,0,0.000e+00,0.000e+00,0.000e+00,567374.1504,461260.1784,0,0
2025-03-18,12,30,72,144,72,0,0.46204185,8656.357728,0.00136963,23186.419214,23154.705795,1,1,0,0.000e+00,0.000e+00,0.000e+00,351374.7711,241865.1605,0,0
2025-03-18,18,30,36,144,108,0,0.46204185,10007.222590,0.00000000,12118.304197,12118.304197,1,1,0,0.000e+00,0.000e+00,0.000e+00,268503.3744,217071.6056,0,0
2025-03-19,0,30,144,144,0,0,0.46287706,10185.463664,0.00732653,32688.367131,32450.616734,4,1,0,9.095e-13,0.000e+00,0.000e+00,579626.8542,472217.8775,0,0
2025-03-19,6,30,108,144,36,0,0.46287706,9687.411634,0.01425781,28977.070938,28569.729217,4,0,1,9.095e-13,0.000e+00,0.000e+00,578535.4974,461469.8217,0,0
2025-03-19,12,30,72,144,72,0,0.46287706,5469.054649,0.00345802,24674.039967,24589.010729,4,0,1,9.095e-13,0.000e+00,0.000e+00,440889.4789,238429.7337,0,0
2025-03-19,18,30,36,144,108,0,0.46287706,9959.434080,0.00000000,11881.909716,11881.909716,1,1,0,9.095e-13,0.000e+00,0.000e+00,269531.1696,215579.8275,0,0
2025-03-20,0,30,144,144,0,0,0.46165913,10170.115515,0.00715819,37419.929417,37153.974130,3,1,0,8.072e-12,-3.297e-12,8.072e-12,605682.9077,494907.6101,0,0
2025-03-20,6,30,108,144,36,0,0.46165913,9540.686236,0.00213957,26608.520985,26551.711665,1,1,0,3.297e-12,-3.297e-12,-7.503e-12,576488.3916,446107.0782,0,0
2025-03-20,12,30,72,144,72,0,0.46165913,5069.269639,0.00133762,25425.534729,25391.570437,2,1,0,1.137e-13,-3.297e-12,0.000e+00,462618.0908,236198.9396,0,0
2025-03-20,18,30,36,144,108,0,0.46165913,9350.447964,0.00000000,12262.617445,12262.617445,1,1,0,1.137e-13,-3.297e-12,0.000e+00,267686.6410,204600.9613,0,0
2025-03-21,0,30,144,144,0,0,0.46746121,9761.793586,0.00000000,11180.158291,11180.158291,1,1,0,0.000e+00,0.000e+00,0.000e+00,606171.8953,479354.7278,0,0
2025-03-21,6,30,108,144,36,0,0.46746121,3561.218862,0.00005360,6735.518556,6735.157563,1,1,0,0.000e+00,0.000e+00,0.000e+00,609703.1973,313444.8979,0,0
2025-03-21,12,30,72,144,72,0,0.46746121,10800.000000,0.00000000,6603.394290,6603.394290,1,1,0,0.000e+00,0.000e+00,0.000e+00,293993.0063,255258.2999,0,0
2025-03-21,18,30,36,144,108,0,0.46746121,10193.365201,0.00000000,3228.793331,3228.793331,1,1,0,0.000e+00,0.000e+00,0.000e+00,293009.5588,235061.2173,0,0
2025-03-22,0,30,144,144,0,0,0.42924017,10494.014524,-0.00000000,10432.182489,10432.182489,1,1,0,4.547e-13,0.000e+00,0.000e+00,600525.9725,494055.5347,0,0
2025-03-22,6,30,108,144,36,0,0.42924017,4641.450553,0.00000000,6245.981610,6245.981610,1,1,0,1.137e-13,0.000e+00,0.000e+00,588380.8983,325724.1218,0,0
2025-03-22,12,30,72,144,72,0,0.42924017,10800.000000,0.00000000,5981.605691,5981.605691,1,1,0,1.137e-13,0.000e+00,0.000e+00,293827.7297,252628.4485,0,0
2025-03-22,18,30,36,144,108,0,0.42924017,10246.787184,0.00000000,3189.209296,3189.209296,1,1,0,1.137e-13,0.000e+00,0.000e+00,293013.2035,236447.6545,0,0
2025-03-23,0,30,144,144,0,0,0.41205048,10452.407666,0.00947305,34265.960986,33944.403881,3,1,0,2.274e-13,0.000e+00,9.095e-13,592004.2316,490162.6805,0,0
2025-03-23,6,30,108,144,36,0,0.41205048,9437.354366,0.00586443,25740.312187,25590.239954,2,1,0,0.000e+00,0.000e+00,0.000e+00,560175.8517,431004.0126,0,0
2025-03-23,12,30,72,144,72,0,0.41205048,7421.559456,0.00242423,20697.082703,20647.029488,2,1,0,0.000e+00,0.000e+00,0.000e+00,379697.7860,231371.0955,0,0
2025-03-23,18,30,36,144,108,0,0.41205048,9906.887589,0.00000000,12156.434587,12156.434587,1,1,0,0.000e+00,0.000e+00,0.000e+00,268518.4241,218507.3041,0,0
2025-03-24,0,30,144,144,0,0,0.45963479,9645.187227,0.01104945,36599.027645,36199.048164,3,1,0,5.684e-13,0.000e+00,5.684e-13,581508.3758,459599.8957,0,0
2025-03-24,6,30,108,144,36,0,0.45963479,9925.967759,0.00605305,27014.962276,26852.423262,3,1,0,1.137e-13,0.000e+00,0.000e+00,548145.9928,445268.6756,0,0
2025-03-24,12,30,72,144,72,0,0.45963479,8225.901802,0.00113943,22680.900432,22655.086659,1,1,0,1.137e-13,0.000e+00,0.000e+00,372202.2869,255788.8362,0,0
2025-03-24,18,30,36,144,108,0,0.45963479,9974.181567,0.00000000,12157.342339,12157.342339,1,1,0,1.137e-13,0.000e+00,0.000e+00,268448.4904,216810.3263,0,0
2025-03-25,0,30,144,144,0,0,0.46089652,10178.454271,0.00875180,40872.799616,40518.192617,4,0,1,2.462e-12,0.000e+00,0.000e+00,582683.2104,475522.9809,0,0
2025-03-25,6,30,108,144,36,0,0.46089652,9711.550048,0.00384332,28182.548469,28074.648497,2,1,0,4.547e-13,0.000e+00,0.000e+00,566491.8510,443923.4653,0,0
2025-03-25,12,30,72,144,72,0,0.46089652,5917.276977,0.00168379,23399.183740,23359.850562,1,1,0,1.137e-13,0.000e+00,1.137e-13,434692.6524,236476.4810,0,0
2025-03-25,18,30,36,144,108,0,0.46089652,9771.194702,0.00000000,12058.168112,12058.168112,1,1,0,0.000e+00,0.000e+00,0.000e+00,264998.2882,210872.7830,0,0
2025-03-26,0,30,144,144,0,0,0.45911184,9805.082814,0.01188105,34905.616119,34495.770252,3,1,0,0.000e+00,-1.978e-12,0.000e+00,601830.5232,480456.3959,0,0
2025-03-26,6,30,108,144,36,0,0.45911184,9789.343565,0.01080674,25889.104384,25612.318593,2,1,0,1.137e-13,0.000e+00,0.000e+00,570308.7870,452137.7268,0,0
2025-03-26,12,30,72,144,72,0,0.45911184,6589.274763,0.00215121,22868.252081,22819.163366,2,1,0,1.137e-13,0.000e+00,0.000e+00,407184.2034,231716.9731,0,0
2025-03-26,18,30,36,144,108,0,0.45911184,9941.820715,0.00000000,12551.264745,12551.264745,1,1,0,1.137e-13,0.000e+00,0.000e+00,267224.6702,215710.8033,0,0
2025-03-27,0,30,144,144,0,0,0.45572241,10170.869861,0.00991875,36623.021208,36263.334339,2,1,0,4.832e-13,-1.978e-12,0.000e+00,567296.0947,462564.1627,0,0
2025-03-27,6,30,108,144,36,0,0.45572241,9489.323675,0.00519896,27543.179018,27400.723796,2,1,0,2.274e-13,-1.637e-12,0.000e+00,536697.9113,425456.6834,0,0
2025-03-27,12,30,72,144,72,0,0.45572241,7440.962912,0.00248133,22388.502589,22333.086869,1,1,0,1.137e-13,-3.411e-13,0.000e+00,376996.0038,230115.0765,0,0
2025-03-27,18,30,36,144,108,0,0.45572241,9857.452934,0.00000000,12441.203089,12441.203089,1,1,0,1.137e-13,0.000e+00,0.000e+00,265801.4921,213407.2433,0,0
2025-03-28,0,30,144,144,0,0,0.46178824,10054.735273,0.00000000,11369.970474,11369.970474,1,1,0,5.684e-14,0.000e+00,0.000e+00,602233.2275,481226.4710,0,0
2025-03-28,6,30,108,144,36,0,0.46178824,5169.025006,-0.00000000,6531.674313,6531.674313,1,1,0,0.000e+00,0.000e+00,0.000e+00,574911.0168,326263.7272,0,0
2025-03-28,12,30,72,144,72,0,0.46178824,10800.000000,0.00000000,6345.409971,6345.409971,1,1,0,1.137e-13,0.000e+00,0.000e+00,294746.2448,251077.8725,0,0
2025-03-28,18,30,36,144,108,0,0.46178824,10186.284790,0.00000000,3402.310634,3402.310634,1,1,0,0.000e+00,0.000e+00,0.000e+00,293988.1181,236050.8824,0,0
2025-03-29,0,30,144,144,0,0,0.42478705,10716.048553,-0.00000000,8978.410722,8978.410722,1,1,0,0.000e+00,0.000e+00,0.000e+00,596047.5026,497866.7502,0,0
2025-03-29,6,30,108,144,36,0,0.42478705,3839.337017,-0.00000000,5895.678028,5895.678028,1,1,0,1.137e-13,0.000e+00,0.000e+00,587976.1969,306277.7683,0,0
2025-03-29,12,30,72,144,72,0,0.42478705,10800.000000,0.00000000,5496.957557,5496.957557,1,1,0,1.137e-13,0.000e+00,0.000e+00,289625.2936,253189.6103,0,0
2025-03-29,18,30,36,144,108,0,0.42478705,9902.111154,0.00000000,3476.362797,3476.362797,1,1,0,1.137e-13,0.000e+00,0.000e+00,288958.8123,231422.9153,0,0
2025-03-30,0,30,144,144,0,0,0.40406369,9821.636585,0.00936140,31315.479447,31025.041728,3,1,0,1.137e-13,-1.137e-13,-1.318e-12,570700.8647,458285.1823,0,0
2025-03-30,6,30,108,144,36,0,0.40406369,9483.029391,0.00483301,21799.528203,21694.677562,2,1,0,0.000e+00,0.000e+00,0.000e+00,561121.3031,437475.5375,0,0
2025-03-30,12,30,72,144,72,0,0.40406369,6394.903322,0.00317583,19111.475825,19050.973181,1,1,0,0.000e+00,0.000e+00,0.000e+00,411611.2525,234798.0301,0,0
2025-03-30,18,30,36,144,108,0,0.40406369,9350.848583,0.00000000,11809.295436,11809.295436,1,1,0,0.000e+00,-1.137e-13,0.000e+00,266217.3348,210442.1757,0,0
2025-03-31,0,30,144,144,0,0,0.45562766,9639.035399,0.01060682,30793.059822,30469.871431,2,1,0,0.000e+00,-1.137e-13,-8.527e-13,571138.7843,451788.9944,0,0
2025-03-31,6,30,108,144,36,0,0.45562766,9282.359708,0.01044055,29089.959347,28789.382317,4,0,1,6.821e-13,0.000e+00,0.000e+00,605101.5531,473578.4378,0,0
2025-03-31,12,30,72,144,72,0,0.45562766,7369.144665,0.00672432,22169.345024,22021.267022,1,1,0,1.137e-13,0.000e+00,2.274e-13,380665.4158,238936.0909,0,0
2025-03-31,18,30,36,144,108,0,0.45562766,9818.484345,0.00000000,11432.022710,11432.022710,1,1,0,0.000e+00,0.000e+00,0.000e+00,270985.4778,229064.8991,0,0
2025-04-01,0,30,144,144,0,0,0.45948038,9799.336229,0.01080447,37449.268973,37048.974568,3,1,0,2.487e-14,0.000e+00,-7.274e-13,552437.3183,444526.9837,0,0
2025-04-01,6,30,108,144,36,0,0.45948038,9167.114124,0.00456326,27966.719309,27839.679481,2,1,0,0.000e+00,0.000e+00,0.000e+00,510359.0462,397078.1036,0,0
2025-04-01,12,30,72,144,72,0,0.45948038,9783.383567,0.00054574,22027.110517,22015.095917,1,1,0,2.132e-14,0.000e+00,0.000e+00,294976.4640,231325.4806,0,0
2025-04-01,18,30,36,144,108,0,0.45948038,10246.075812,0.00000000,11778.712900,11778.712900,1,1,0,0.000e+00,0.000e+00,0.000e+00,257775.3193,223655.6989,0,0
2025-04-02,0,30,144,144,0,0,0.46037364,9580.065547,0.01528275,36881.199749,36326.038000,4,1,0,1.847e-13,0.000e+00,-3.681e-12,580031.4777,455761.7689,0,0
2025-04-02,6,30,108,144,36,0,0.46037364,9411.037106,0.01723188,29266.754298,28770.976298,3,1,0,1.137e-13,0.000e+00,0.000e+00,530551.1521,415906.2107,0,0
2025-04-02,12,30,72,144,72,0,0.46037364,8421.338044,-0.00000000,20586.463467,20586.463467,1,1,0,1.137e-13,0.000e+00,-3.794e-12,353197.2193,241081.8135,0,0
2025-04-02,18,30,36,144,108,0,0.46037364,10529.388876,0.00000000,10926.706108,10926.706108,1,1,0,1.137e-13,0.000e+00,0.000e+00,275412.4400,243059.5468,0,0
2025-04-03,0,30,144,144,0,0,0.46045273,9739.571478,0.01435775,37395.715792,36866.397336,3,1,0,1.933e-12,0.000e+00,1.933e-12,605905.8757,478623.2380,0,0
2025-04-03,6,30,108,144,36,0,0.46045273,9676.447660,0.00509299,25823.062383,25692.212265,3,1,0,0.000e+00,0.000e+00,0.000e+00,573003.5312,446956.6225,0,0
2025-04-03,12,30,72,144,72,0,0.46045273,8139.657654,0.00001671,21758.161149,21757.797469,1,1,0,1.137e-13,-4.547e-13,0.000e+00,379458.9323,250914.7953,0,0
2025-04-03,18,30,36,144,108,0,0.46045273,10615.285587,0.00000000,11064.274319,11064.274319,1,1,0,1.137e-13,0.000e+00,0.000e+00,286491.6974,244741.7804,0,0
2025-04-04,0,30,144,144,0,0,0.46359709,10212.304574,-0.00000000,9448.302684,9448.302684,1,1,0,0.000e+00,0.000e+00,0.000e+00,601523.7821,487071.3988,0,0
2025-04-04,6,30,108,144,36,0,0.46359709,3572.625418,-0.00000000,5254.367935,5254.367935,1,1,0,0.000e+00,0.000e+00,0.000e+00,598888.8424,302785.5684,0,0
2025-04-04,12,30,72,144,72,0,0.46359709,10800.000000,-0.00000000,5303.344561,5303.344561,1,1,0,0.000e+00,0.000e+00,0.000e+00,293050.0695,254106.4659,0,0
2025-04-04,18,30,36,144,108,0,0.46359709,10129.443605,0.00000021,2780.995157,2780.994578,1,1,0,0.000e+00,0.000e+00,0.000e+00,291536.5293,234018.6118,0,0
2025-04-05,0,30,144,144,0,0,0.42362086,10470.590966,0.00000000,8065.101397,8065.101397,1,1,0,0.000e+00,0.000e+00,0.000e+00,605472.3758,496689.3711,0,0
2025-04-05,6,30,108,144,36,0,0.42362086,2691.129536,0.00009332,5093.640289,5093.164997,1,1,0,0.000e+00,0.000e+00,0.000e+00,611179.5854,291098.6280,0,0
2025-04-05,12,30,72,144,72,0,0.42362086,10800.000000,0.00000000,4573.810801,4573.810801,1,1,0,1.137e-13,0.000e+00,0.000e+00,294470.7790,254521.8060,0,0
2025-04-05,18,30,36,144,108,0,0.42362086,9756.838174,0.00000000,3629.519521,3629.519521,1,1,0,1.137e-13,0.000e+00,0.000e+00,292129.9482,228556.5426,0,0
2025-04-06,0,30,144,144,0,0,0.40967748,9772.071598,0.01401290,30742.709481,30317.868125,3,1,0,1.819e-12,0.000e+00,5.185e-12,583595.0426,461216.4085,0,0
2025-04-06,6,30,108,144,36,0,0.40967748,9826.794735,0.00357461,21017.951632,20943.088315,2,1,0,1.705e-12,0.000e+00,0.000e+00,581434.8598,462369.0994,0,0
2025-04-06,12,30,72,144,72,0,0.40967748,7439.002073,0.00066742,19748.368235,19735.196649,1,1,0,1.137e-13,0.000e+00,0.000e+00,406508.1044,259520.8762,0,0
2025-04-06,18,30,36,144,108,0,0.40967748,10670.246456,0.00000000,11048.088167,11048.088167,1,1,0,1.705e-12,0.000e+00,0.000e+00,286103.8805,247715.7204,0,0
2025-04-07,0,30,144,144,0,0,0.45948898,10347.952766,0.01967562,29312.844260,28747.224738,2,1,0,1.137e-13,0.000e+00,0.000e+00,573286.6268,467270.4213,0,0
2025-04-07,6,30,108,144,36,0,0.45948898,9597.543608,0.02649220,23584.247236,22975.573765,4,0,1,1.137e-13,0.000e+00,0.000e+00,527364.9339,411756.7287,0,0
2025-04-07,12,30,72,144,72,0,0.45948898,7771.062226,0.00788649,20529.421438,20368.783263,2,1,0,1.137e-13,0.000e+00,0.000e+00,391195.4142,251912.2206,0,0
2025-04-07,18,30,36,144,108,0,0.45948898,10449.269795,-0.00000000,11015.781781,11015.781781,1,1,0,1.137e-13,0.000e+00,0.000e+00,289571.0830,242929.2197,0,0
2025-04-08,0,30,144,144,0,0,0.46111399,10188.036194,0.01635310,34480.213431,33925.427581,4,1,0,1.137e-13,0.000e+00,-6.525e-12,584340.5352,472669.4149,0,0
2025-04-08,6,30,108,144,36,0,0.46111399,9676.564162,0.00787016,23946.783028,23759.789588,3,1,0,1.137e-13,0.000e+00,0.000e+00,562837.7116,442721.4303,0,0
2025-04-08,12,30,72,144,72,0,0.46111399,7297.874758,0.00011978,20566.791898,20564.328681,1,1,0,1.137e-13,0.000e+00,0.000e+00,404230.9568,246248.7467,0,0
2025-04-08,18,30,36,144,108,0,0.46111399,10254.543657,0.00000000,11276.381704,11276.381704,1,1,0,0.000e+00,0.000e+00,0.000e+00,285739.3325,239309.5139,0,0
2025-04-09,0,30,144,144,0,0,0.45947148,9597.630293,0.01546138,33761.056199,33247.011395,3,1,0,1.137e-13,0.000e+00,5.684e-13,621820.3100,485321.2765,0,0
2025-04-09,6,30,108,144,36,0,0.45947148,9621.608914,0.02302532,25919.179127,25335.813970,4,0,1,1.137e-13,0.000e+00,0.000e+00,583225.8365,455522.9276,0,0
2025-04-09,12,30,72,144,72,0,0.45947148,6399.294976,0.00343089,22302.758177,22226.501435,2,1,0,1.137e-13,0.000e+00,0.000e+00,446685.3984,256680.7907,0,0
2025-04-09,18,30,36,144,108,0,0.45947148,10486.296944,0.00000000,11325.494458,11325.494458,1,1,0,1.137e-13,0.000e+00,0.000e+00,294248.5457,246185.3660,0,0
2025-04-10,0,30,144,144,0,0,0.46206310,10178.279526,0.02139717,33468.022109,32766.903038,4,0,1,0.000e+00,0.000e+00,0.000e+00,565935.1964,456412.1739,0,0
2025-04-10,6,30,108,144,36,0,0.46206310,9444.373680,0.07871877,26924.286464,24959.504897,4,1,0,0.000e+00,0.000e+00,0.000e+00,484900.5602,370445.3019,0,0
2025-04-10,12,30,72,144,72,0,0.46206310,8809.102448,0.00008376,20389.400421,20387.692848,1,1,0,1.137e-13,0.000e+00,0.000e+00,360024.3886,251801.4668,0,0
2025-04-10,18,30,36,144,108,0,0.46206310,10165.745041,0.00000000,11694.772696,11694.772696,1,1,0,0.000e+00,0.000e+00,0.000e+00,291934.6263,239627.2533,0,0
2025-04-11,0,30,144,144,0,0,0.46542396,10253.640365,0.00000000,8349.384266,8349.384266,1,1,0,0.000e+00,0.000e+00,-1.762e-12,598871.2025,491626.4415,0,0
2025-04-11,6,30,108,144,36,0,0.46542396,2281.963889,0.00007494,5703.329680,5702.902292,2,1,0,1.137e-13,0.000e+00,0.000e+00,604590.9263,282520.7108,0,0
2025-04-11,12,30,72,144,72,0,0.46542396,10800.000000,0.00000000,4651.772965,4651.772965,1,1,0,1.137e-13,-5.547e-14,-5.684e-13,287941.1522,254527.7401,0,0
2025-04-11,18,30,36,144,108,0,0.46542396,9810.035532,0.00000000,3541.496966,3541.496966,1,1,0,1.137e-13,0.000e+00,0.000e+00,285263.5561,229885.9228,0,0
2025-04-12,0,30,144,144,0,0,0.42744909,9910.532607,0.00010941,8420.998541,8420.077312,1,1,0,0.000e+00,0.000e+00,0.000e+00,597595.8833,480461.7111,0,0
2025-04-12,6,30,108,144,36,0,0.42744909,3010.497416,-0.00000000,4630.729342,4630.729342,1,1,0,1.638e-12,0.000e+00,0.000e+00,592562.7648,288045.1548,0,0
2025-04-12,12,30,72,144,72,0,0.42744909,10800.000000,0.00000000,4594.825830,4594.825830,1,1,0,0.000e+00,0.000e+00,0.000e+00,287189.8380,251593.2473,0,0
2025-04-12,18,30,36,144,108,0,0.42744909,10030.899911,0.00000000,2923.400049,2923.400049,1,1,0,0.000e+00,0.000e+00,0.000e+00,285570.0917,233621.1952,0,0
2025-04-13,0,30,144,144,0,0,0.41147146,9961.034248,0.02799144,27877.902529,27118.808020,4,0,1,1.137e-13,0.000e+00,0.000e+00,554840.7210,447814.1271,0,0
2025-04-13,6,30,108,144,36,0,0.41147146,9742.471859,0.02435531,19525.874195,19061.622557,2,1,0,1.137e-13,0.000e+00,0.000e+00,524416.2939,415373.6476,0,0
2025-04-13,12,30,72,144,72,0,0.41147146,6361.176589,0.00519848,18103.055203,18009.433444,1,1,0,1.137e-13,0.000e+00,0.000e+00,432814.4649,249512.5874,0,0
2025-04-13,18,30,36,144,108,0,0.41147146,10562.545765,0.00000000,10665.587141,10665.587141,1,1,0,1.137e-13,0.000e+00,0.000e+00,285278.1095,245999.4823,0,0
2025-04-14,0,30,144,144,0,0,0.46256809,10239.501799,0.02669211,33289.775374,32424.302314,4,1,0,0.000e+00,0.000e+00,0.000e+00,584466.2268,471703.7167,0,0
2025-04-14,6,30,108,144,36,0,0.46256809,9240.253482,0.00968145,21298.382980,21094.160899,3,1,0,1.137e-13,0.000e+00,0.000e+00,574204.7501,433545.2043,0,0
2025-04-14,12,30,72,144,72,0,0.46256809,5608.109675,0.00435658,19859.753095,19773.607879,2,1,0,0.000e+00,0.000e+00,0.000e+00,467189.9508,249568.9195,0,0
2025-04-14,18,30,36,144,108,0,0.46256809,10192.383998,0.00000000,10912.920268,10912.920268,1,1,0,1.137e-13,0.000e+00,0.000e+00,294554.2436,240601.0576,0,0
2025-04-15,0,30,144,144,0,0,0.46385376,10090.124164,0.01874586,27933.579213,27419.575584,2,1,0,2.558e-13,0.000e+00,0.000e+00,590525.6178,471299.8916,0,0
2025-04-15,6,30,108,144,36,0,0.46385376,9683.738729,0.03208703,22402.470856,21705.989997,4,0,1,1.137e-13,0.000e+00,0.000e+00,536755.1248,418845.0865,0,0
2025-04-15,12,30,72,144,72,0,0.46385376,9012.034860,0.00026857,18613.124391,18608.126773,1,1,0,1.137e-13,0.000e+00,0.000e+00,359895.9341,256412.1918,0,0
2025-04-15,18,30,36,144,108,0,0.46385376,10146.000000,0.00000000,11190.642896,11190.642896,1,1,0,0.000e+00,0.000e+00,0.000e+00,298173.0253,239988.7967,0,0
2025-04-16,0,30,144,144,0,0,0.46091638,10229.107422,0.03207384,30930.814327,29969.574953,4,1,0,1.137e-13,0.000e+00,-5.315e-12,531271.1792,429704.3245,0,0
2025-04-16,6,30,108,144,36,0,0.46091638,9158.277494,0.03064966,24902.881880,24162.315162,4,0,1,3.070e-12,0.000e+00,0.000e+00,506466.4492,385924.4299,0,0
2025-04-16,12,30,72,144,72,0,0.46091638,7493.862450,0.00215739,19506.024992,19464.033420,2,1,0,1.137e-13,0.000e+00,0.000e+00,396281.3439,251077.2242,0,0
2025-04-16,18,30,36,144,108,0,0.46091638,10309.591625,0.00000000,10593.418641,10593.418641,1,1,0,1.137e-13,-1.137e-13,0.000e+00,285884.9156,238669.6187,0,0
2025-04-17,0,30,144,144,0,0,0.46563280,9829.231476,0.01332989,28770.585448,28392.121615,2,1,0,1.634e-12,0.000e+00,0.000e+00,586002.5325,461000.5571,0,0
2025-04-17,6,30,108,144,36,0,0.46563280,7912.186373,0.05172750,24510.747294,23305.226181,4,0,1,1.137e-13,0.000e+00,0.000e+00,559771.2107,388903.1713,0,0
2025-04-17,12,30,72,144,72,0,0.46563280,7014.005338,0.00722621,19683.173463,19541.959066,2,1,0,1.137e-13,0.000e+00,0.000e+00,420205.8161,248563.3256,0,0
2025-04-17,18,30,36,144,108,0,0.46563280,10573.037448,0.00000000,10861.110228,10861.110228,1,1,0,1.137e-13,0.000e+00,0.000e+00,294742.3538,245929.2821,0,0
2025-04-18,0,30,144,144,0,0,0.46877984,10656.565680,0.00000000,8051.229503,8051.229503,1,1,0,0.000e+00,-5.684e-14,0.000e+00,608832.7784,500665.9207,0,0
2025-04-18,6,30,108,144,36,0,0.46877984,2398.162500,0.00000000,4707.911799,4707.911799,1,1,0,0.000e+00,-5.684e-14,0.000e+00,615894.2727,281423.2959,0,0
2025-04-18,12,30,72,144,72,0,0.46877984,10800.000000,0.00000000,4513.465809,4513.465809,1,1,0,0.000e+00,-3.149e-14,0.000e+00,298375.8684,253277.1678,0,0
2025-04-18,18,30,36,144,108,0,0.46877984,10115.299450,0.00000000,3026.167792,3026.167792,1,1,0,0.000e+00,-5.684e-14,0.000e+00,295818.5335,231018.6499,0,0
2025-04-19,0,30,144,144,0,0,0.43284002,10800.000000,0.00011036,7124.817059,7124.030819,2,1,0,0.000e+00,-5.116e-13,0.000e+00,597862.8652,499788.0995,0,0
2025-04-19,6,30,108,144,36,0,0.43284002,3074.103829,0.00000000,3701.569109,3701.569109,1,1,0,1.137e-13,0.000e+00,0.000e+00,595343.3531,287880.7680,0,0
2025-04-19,12,30,72,144,72,0,0.43284002,10800.000000,0.00000000,3938.511305,3938.511305,1,1,0,1.137e-13,0.000e+00,0.000e+00,290272.1531,253721.5815,0,0
2025-04-19,18,30,36,144,108,0,0.43284002,9996.742720,0.00000000,3039.981753,3039.981753,1,1,0,1.137e-13,0.000e+00,0.000e+00,287693.2042,231534.8765,0,0
2025-04-20,0,30,144,144,0,0,0.41665422,9945.556070,0.01968146,25699.136854,25203.103078,2,1,0,1.137e-13,0.000e+00,0.000e+00,580449.3451,460259.4535,0,0
2025-04-20,6,30,108,144,36,0,0.41665422,9268.082224,0.06244610,18995.193280,17878.735897,4,1,0,1.137e-13,0.000e+00,0.000e+00,533867.7191,405779.7540,0,0
2025-04-20,12,30,72,144,72,0,0.41665422,6761.789018,0.01140835,17614.042492,17415.362001,3,1,0,1.137e-13,0.000e+00,0.000e+00,423813.0054,249258.8993,0,0
2025-04-20,18,30,36,144,108,0,0.41665422,10519.685129,0.00000000,11164.821811,11164.821811,1,1,0,1.137e-13,0.000e+00,0.000e+00,293447.3381,246360.8419,0,0
2025-04-21,0,30,144,144,0,0,0.46673849,10575.330807,0.01805738,29740.639161,29213.126604,4,0,1,1.137e-13,0.000e+00,0.000e+00,537773.9037,442687.5309,0,0
2025-04-21,6,30,108,144,36,0,0.46673849,8982.387839,-0.00000000,18611.944038,18611.944038,1,1,0,1.137e-13,0.000e+00,0.000e+00,533250.8676,392425.4723,0,0
2025-04-21,12,30,72,144,72,0,0.46673849,6277.759140,0.00000000,18365.034603,18365.034603,1,1,0,5.684e-13,0.000e+00,0.000e+00,447987.1010,252069.1465,0,0
2025-04-21,18,30,36,144,108,0,0.46673849,10306.390850,0.00000000,11231.851002,11231.851002,1,1,0,4.974e-14,0.000e+00,0.000e+00,295019.2146,243741.8183,0,0
2025-04-22,0,30,144,144,0,0,0.46710919,9877.654401,0.00589177,27444.316290,27283.567906,2,1,0,1.137e-13,0.000e+00,-2.132e-14,621152.1622,491399.6694,0,0
2025-04-22,6,30,108,144,36,0,0.46710919,9624.637624,0.05902818,22723.640350,21457.068567,4,0,1,1.137e-13,0.000e+00,0.000e+00,526899.5532,411380.4094,0,0
2025-04-22,12,30,72,144,72,0,0.46710919,8280.712710,0.00027626,18735.201700,18730.027357,1,1,0,0.000e+00,0.000e+00,-5.116e-13,382845.1126,256622.1225,0,0
2025-04-22,18,30,36,144,108,0,0.46710919,10498.311555,0.00000000,11062.700656,11062.700656,1,1,0,0.000e+00,0.000e+00,0.000e+00,295778.9445,247264.7101,0,0
2025-04-23,0,30,144,144,0,0,0.46947368,10224.867766,0.00303561,25800.436237,25722.353306,2,1,0,0.000e+00,0.000e+00,0.000e+00,601413.6576,486137.5656,0,0
2025-04-23,6,30,108,144,36,0,0.46947368,7388.934381,0.04233661,21917.751134,21027.517350,4,0,1,1.137e-13,0.000e+00,0.000e+00,577812.1906,392458.5342,0,0
2025-04-23,12,30,72,144,72,0,0.46947368,7093.783111,0.01075718,18641.078908,18442.687626,2,1,0,1.137e-13,0.000e+00,0.000e+00,414350.0167,251517.6945,0,0
2025-04-23,18,30,36,144,108,0,0.46947368,10184.264054,0.00000000,11049.702551,11049.702551,1,1,0,0.000e+00,0.000e+00,0.000e+00,294272.4992,240974.7221,0,0
2025-04-24,0,30,144,144,0,0,0.46999963,10203.426129,0.00695058,27033.973706,26847.368790,2,1,0,0.000e+00,0.000e+00,-1.368e-13,589140.0539,476745.5293,0,0
2025-04-24,6,30,108,144,36,0,0.46999963,9172.561747,0.00000000,17793.508686,17793.508686,1,1,0,1.137e-13,0.000e+00,0.000e+00,534885.0461,404247.1809,0,0
2025-04-24,12,30,72,144,72,0,0.46999963,6814.009545,0.00000000,18570.016906,18570.016906,1,1,0,1.137e-13,0.000e+00,0.000e+00,425982.7488,255240.7008,0,0
2025-04-24,18,30,36,144,108,0,0.46999963,10479.586441,0.00000000,11126.008204,11126.008204,1,1,0,1.137e-13,0.000e+00,0.000e+00,291176.2341,244989.9948,0,0
2025-04-25,0,30,144,144,0,0,0.47393586,10357.996752,0.00000000,7812.305716,7812.305716,1,1,0,0.000e+00,0.000e+00,0.000e+00,596632.6459,488071.3733,0,0
2025-04-25,6,30,108,144,36,0,0.47393586,2233.869437,0.00000000,4324.732057,4324.732057,1,1,0,1.137e-13,0.000e+00,0.000e+00,601269.2490,271833.5182,0,0
2025-04-25,12,30,72,144,72,0,0.47393586,10800.000000,0.00000000,3995.909269,3995.909269,1,1,0,1.137e-13,-1.468e-14,0.000e+00,289457.5546,247082.1710,0,0
2025-04-25,18,30,36,144,108,0,0.47393586,10083.912300,0.00000000,2552.628632,2552.628632,1,1,0,1.137e-13,0.000e+00,0.000e+00,287964.1025,230615.1483,0,0
2025-04-26,0,30,144,144,0,0,0.43410183,10225.020060,0.00000000,7054.018986,7054.018986,1,1,0,0.000e+00,-5.684e-14,-4.192e-13,598026.5134,485239.5194,0,0
2025-04-26,6,30,108,144,36,0,0.43410183,2227.515064,0.00000000,3780.012098,3780.012098,1,1,0,0.000e+00,-1.421e-12,0.000e+00,605231.0271,272634.7627,0,0
2025-04-26,12,30,72,144,72,0,0.43410183,10800.000000,0.00000000,3672.240727,3672.240727,1,1,0,0.000e+00,0.000e+00,0.000e+00,290326.3790,252122.1741,0,0
2025-04-26,18,30,36,144,108,0,0.43410183,10007.270242,0.00000000,2871.883221,2871.883221,1,1,0,0.000e+00,-5.684e-14,0.000e+00,288324.7060,231652.5059,0,0
2025-04-27,0,30,144,144,0,0,0.41510144,9785.425394,0.00778731,23470.959950,23289.596721,2,1,0,0.000e+00,0.000e+00,0.000e+00,578770.5578,455672.3916,0,0
2025-04-27,6,30,108,144,36,0,0.41510144,7901.682928,0.05044834,18490.520268,17602.503230,4,1,0,1.137e-13,0.000e+00,0.000e+00,566185.1915,395911.8944,0,0
2025-04-27,12,30,72,144,72,0,0.41510144,7522.293028,-0.00000000,16040.447101,16040.447101,1,1,0,4.547e-13,0.000e+00,0.000e+00,405546.1691,255853.9596,0,0
2025-04-27,18,30,36,144,108,0,0.41510144,10195.236068,0.00000000,11076.394913,11076.394913,1,1,0,0.000e+00,0.000e+00,0.000e+00,295133.7161,241671.9573,0,0
2025-04-28,0,30,144,144,0,0,0.46928544,10262.501444,0.01216713,30912.444380,30540.849984,3,1,0,3.411e-13,-1.137e-13,-3.411e-13,570323.9369,462836.1163,0,0
2025-04-28,6,30,108,144,36,0,0.46928544,9334.278280,0.02235594,23352.073825,22841.432224,4,0,1,1.137e-13,0.000e+00,0.000e+00,577410.8769,443665.6228,0,0
2025-04-28,12,30,72,144,72,0,0.46928544,7419.772678,0.00281468,20260.066911,20203.201282,1,1,0,0.000e+00,-1.137e-13,0.000e+00,409137.6712,254186.5323,0,0
2025-04-28,18,30,36,144,108,0,0.46928544,10456.353689,0.00000000,10848.655467,10848.655467,1,1,0,0.000e+00,0.000e+00,0.000e+00,294004.8615,246910.8276,0,0
2025-04-29,0,30,144,144,0,0,0.47820966,10089.490526,0.00674654,27262.108781,27079.416515,4,0,1,1.137e-13,0.000e+00,0.000e+00,560757.5600,448097.1761,0,0
2025-04-29,6,30,108,144,36,0,0.47820966,6942.946459,0.00716675,19300.783298,19163.443744,3,1,0,0.000e+00,0.000e+00,0.000e+00,599365.1454,394993.1000,0,0
2025-04-29,12,30,72,144,72,0,0.47820966,7241.162829,0.00009773,19178.938980,19177.064900,1,1,0,0.000e+00,0.000e+00,0.000e+00,419967.8234,257334.9143,0,0
2025-04-29,18,30,36,144,108,0,0.47820966,10313.648376,0.00000000,11084.964223,11084.964223,1,1,0,0.000e+00,0.000e+00,0.000e+00,297630.2896,245056.6208,0,0
2025-04-30,0,30,144,144,0,0,0.46943364,10237.935408,0.00251366,25311.779064,25248.313338,2,1,0,9.663e-13,0.000e+00,0.000e+00,575021.5117,464750.2452,0,0
2025-04-30,6,30,108,144,36,0,0.46943364,6053.100850,0.03214964,18977.590477,18386.472075,2,1,0,1.137e-13,0.000e+00,-8.882e-14,587650.6511,360505.3034,0,0
2025-04-30,12,30,72,144,72,0,0.46943364,4814.981235,0.01778540,18350.506113,18029.838171,2,1,0,1.137e-13,0.000e+00,0.000e+00,487968.1294,246491.5123,0,0
2025-04-30,18,30,36,144,108,0,0.46943364,10271.675957,0.00000000,11220.727427,11220.727427,1,1,0,0.000e+00,0.000e+00,0.000e+00,296504.5888,243780.1084,0,0
2025-05-01,0,30,144,144,0,0,0.46923704,10056.026621,0.00634618,26813.383803,26644.294263,2,1,0,0.000e+00,0.000e+00,0.000e+00,594172.3409,475923.3295,0,0
2025-05-01,6,30,108,144,36,0,0.46923704,7585.323600,0.00095760,19651.460688,19632.660471,3,1,0,1.137e-13,0.000e+00,0.000e+00,616990.2404,425917.5432,0,0
2025-05-01,12,30,72,144,72,0,0.46923704,7027.874056,0.00003834,17808.848149,17808.165449,1,1,0,9.095e-13,0.000e+00,0.000e+00,423867.0044,253089.7996,0,0
2025-05-01,18,30,36,144,108,0,0.46923704,9918.121742,0.00000000,12570.338125,12570.338125,1,1,0,1.137e-13,0.000e+00,0.000e+00,295197.0659,234329.8092,0,0
2025-05-02,0,30,144,144,0,0,0.47797362,9454.407332,0.00000267,10120.269341,10120.242306,2,1,0,0.000e+00,-4.547e-13,0.000e+00,596842.8011,461644.1798,0,0
2025-05-02,6,30,108,144,36,0,0.47797362,3708.570378,0.00000000,5532.688187,5532.688187,1,1,0,1.137e-13,0.000e+00,0.000e+00,587037.5689,297271.1044,0,0
2025-05-02,12,30,72,144,72,0,0.47797362,10800.000000,0.00000000,5401.142924,5401.142924,1,1,0,1.137e-13,0.000e+00,0.000e+00,293757.1502,249030.6939,0,0
2025-05-02,18,30,36,144,108,0,0.47797362,9792.000000,0.00000000,4069.438639,4069.438639,1,1,0,1.137e-13,0.000e+00,0.000e+00,292589.2721,230456.5566,0,0
2025-05-03,0,30,144,144,0,0,0.44361552,9664.996154,0.00000375,9500.358972,9500.323345,2,1,0,0.000e+00,-7.105e-12,0.000e+00,600659.4533,471507.9375,0,0
2025-05-03,6,30,108,144,36,0,0.44361552,3459.113527,0.00000000,5436.142600,5436.142600,1,1,0,1.137e-13,0.000e+00,0.000e+00,579141.1872,285083.9317,0,0
2025-05-03,12,30,72,144,72,0,0.44361552,10800.000000,0.00000000,5557.467588,5557.467588,1,1,0,1.137e-13,0.000e+00,0.000e+00,291985.2853,250546.2697,0,0
2025-05-03,18,30,36,144,108,0,0.44361552,10232.275758,0.00000000,4105.076818,4105.076818,1,1,0,1.137e-13,0.000e+00,0.000e+00,290363.5741,238854.2390,0,0
2025-05-04,0,30,144,144,0,0,0.42555178,9728.658676,0.00705117,29225.870437,29021.236730,3,1,0,3.411e-13,0.000e+00,0.000e+00,562743.1459,448189.6776,0,0
2025-05-04,6,30,108,144,36,0,0.42555178,9291.107511,0.00363011,19975.457280,19903.206387,3,1,0,1.137e-13,0.000e+00,0.000e+00,485007.8072,368717.5152,0,0
2025-05-04,12,30,72,144,72,0,0.42555178,8104.016454,0.00000000,19277.964082,19277.964082,1,1,0,1.137e-13,0.000e+00,0.000e+00,369380.8825,238453.4622,0,0
2025-05-04,18,30,36,144,108,0,0.42555178,10329.031882,0.00000000,13216.571343,13216.571343,1,1,0,1.137e-13,0.000e+00,0.000e+00,272101.1366,227825.8357,0,0
2025-05-05,0,30,144,144,0,0,0.47231607,9600.767560,0.00893614,33727.577859,33428.853100,4,1,0,0.000e+00,0.000e+00,0.000e+00,573794.0217,458128.0176,0,0
2025-05-05,6,30,108,144,36,0,0.47231607,9797.015257,0.00809345,23538.708821,23349.728986,2,1,0,1.137e-13,0.000e+00,0.000e+00,509813.8175,407538.6938,0,0
2025-05-05,12,30,72,144,72,0,0.47231607,7922.085618,0.00013084,21443.951185,21441.145742,2,1,0,1.137e-13,0.000e+00,0.000e+00,365367.5725,234572.3029,0,0
2025-05-05,18,30,36,144,108,0,0.47231607,10350.722755,0.00000000,13203.604135,13203.604135,1,1,0,1.137e-13,0.000e+00,0.000e+00,263791.4061,226026.3494,0,0
2025-05-06,0,30,144,144,0,0,0.47763681,9868.618296,0.00144862,29188.389325,29146.167705,2,1,0,4.974e-14,0.000e+00,0.000e+00,585181.7984,468162.1065,0,0
2025-05-06,6,30,108,144,36,0,0.47763681,6618.858480,0.01268771,24330.999788,24026.162914,4,0,1,1.137e-13,0.000e+00,0.000e+00,587034.9483,381632.2991,0,0
2025-05-06,12,30,72,144,72,0,0.47763681,5504.382483,0.00327279,21641.001392,21570.406084,4,0,1,1.137e-13,0.000e+00,0.000e+00,450610.6579,244964.3195,0,0
2025-05-06,18,30,36,144,108,0,0.47763681,10281.569039,0.00000000,14232.433424,14232.433424,1,1,0,1.137e-13,0.000e+00,0.000e+00,280802.8766,236497.7303,0,0
2025-05-07,0,30,144,144,0,0,0.47469604,10019.800594,0.00262243,31102.755026,31021.403477,2,1,0,1.592e-12,0.000e+00,0.000e+00,582469.4728,471508.8456,0,0
2025-05-07,6,30,108,144,36,0,0.47469604,8194.530312,0.01679682,24889.471398,24478.313645,4,0,1,1.705e-12,0.000e+00,0.000e+00,570670.1101,415582.7077,0,0
2025-05-07,12,30,72,144,72,0,0.47469604,5731.391397,0.00503483,22927.967006,22813.106817,1,1,0,1.705e-12,0.000e+00,1.478e-12,435977.4742,239074.1375,0,0
2025-05-07,18,30,36,144,108,0,0.47469604,10487.274608,0.00000000,14110.233447,14110.233447,1,1,0,1.705e-12,0.000e+00,0.000e+00,277371.9007,233393.2685,0,0
2025-05-08,0,30,144,144,0,0,0.47640365,10400.812802,0.00768670,33386.473488,33131.799127,2,1,0,1.023e-12,0.000e+00,5.116e-12,544055.5905,456076.8631,0,0
2025-05-08,6,30,108,144,36,0,0.47640365,9859.752778,0.00262444,23011.124740,22950.891449,1,1,0,1.819e-12,0.000e+00,3.467e-12,499211.7905,402506.8749,0,0
2025-05-08,12,30,72,144,72,0,0.47640365,7296.568987,0.00008679,22133.503444,22131.582693,1,1,0,1.137e-13,0.000e+00,0.000e+00,387720.9288,241262.1931,0,0
2025-05-08,18,30,36,144,108,0,0.47640365,9932.323254,0.00000000,15114.671538,15114.671538,1,1,0,1.137e-13,0.000e+00,0.000e+00,264531.8804,224127.8702,0,0
2025-05-09,0,30,144,144,0,0,0.48324840,9912.829922,0.00000257,9992.668152,9992.642442,4,0,1,0.000e+00,-1.637e-12,0.000e+00,616115.6086,497615.4535,0,0
2025-05-09,6,30,108,144,36,0,0.48324840,2440.583826,0.00000981,7022.823569,7022.754674,1,1,0,0.000e+00,-5.969e-13,0.000e+00,602713.3376,287112.6502,0,0
2025-05-09,12,30,72,144,72,0,0.48324840,10800.000000,0.00000000,6541.817224,6541.817224,1,1,0,0.000e+00,-1.151e-14,0.000e+00,286518.7339,256270.2658,0,0
2025-05-09,18,30,36,144,108,0,0.48324840,9986.317912,0.00000000,5296.635902,5296.635902,1,1,0,1.137e-13,0.000e+00,0.000e+00,284342.8040,235302.9640,0,0
2025-05-10,0,30,144,144,0,0,0.44141685,10028.594910,0.00030778,9936.220231,9933.163037,4,1,0,0.000e+00,0.000e+00,-4.239e-12,591886.3403,480187.1470,0,0
2025-05-10,6,30,108,144,36,0,0.44141685,3281.854423,-0.00000000,6967.972480,6967.972480,1,1,0,1.137e-13,0.000e+00,0.000e+00,579017.3006,289414.3783,0,0
2025-05-10,12,30,72,144,72,0,0.44141685,10800.000000,0.00000000,6431.452055,6431.452055,1,1,0,7.887e-13,0.000e+00,0.000e+00,287500.0172,254855.4959,0,0
2025-05-10,18,30,36,144,108,0,0.44141685,10370.708116,0.00000000,5269.858657,5269.858657,1,1,0,1.137e-13,0.000e+00,0.000e+00,286190.7370,245486.8901,0,0
2025-05-11,0,30,144,144,0,0,0.42933792,9588.248704,0.00968953,29981.526690,29693.807797,3,1,0,5.571e-12,0.000e+00,1.023e-11,555216.2283,442244.0115,0,0
2025-05-11,6,30,108,144,36,0,0.42933792,9591.469764,0.00497239,21547.827223,21441.213173,2,1,0,1.137e-13,0.000e+00,-7.709e-13,514977.0918,411160.6312,0,0
2025-05-11,12,30,72,144,72,0,0.42933792,8421.491436,-0.00000000,19788.581022,19788.581022,1,1,0,0.000e+00,0.000e+00,-4.192e-13,350194.3776,244178.2127,0,0
2025-05-11,18,30,36,144,108,0,0.42933792,10070.881208,0.00000000,14097.142841,14097.142841,1,1,0,0.000e+00,0.000e+00,0.000e+00,266917.3213,226176.3078,0,0
2025-05-12,0,30,144,144,0,0,0.47639842,9897.422746,0.00033605,29080.085437,29070.316408,2,1,0,2.274e-13,0.000e+00,0.000e+00,566190.2987,458259.8939,0,0
2025-05-12,6,30,108,144,36,0,0.47639842,6441.842720,0.00932694,25644.175276,25407.203845,2,1,0,1.137e-13,0.000e+00,-1.066e-14,561712.6613,361819.5128,0,0
2025-05-12,12,30,72,144,72,0,0.47639842,7570.848498,0.00030532,22072.409039,22065.671966,2,1,0,1.137e-13,-7.958e-13,0.000e+00,385802.9550,250182.7411,0,0
2025-05-12,18,30,36,144,108,0,0.47639842,10052.676224,0.00000000,14672.807351,14672.807351,1,1,0,1.137e-13,0.000e+00,0.000e+00,277657.7224,235261.2916,0,0
2025-05-13,0,30,144,144,0,0,0.47801813,10371.406536,0.00451819,33660.976370,33509.573899,4,1,0,2.387e-12,-1.637e-12,0.000e+00,562169.0925,470458.1535,0,0
2025-05-13,6,30,108,144,36,0,0.47801813,9880.465938,0.00476919,23378.772459,23267.803823,2,1,0,0.000e+00,0.000e+00,0.000e+00,487569.2118,401801.0077,0,0
2025-05-13,12,30,72,144,72,0,0.47801813,6428.770767,0.00007277,22131.533223,22129.922808,1,1,0,1.137e-13,0.000e+00,0.000e+00,409876.4272,243419.9034,0,0
2025-05-13,18,30,36,144,108,0,0.47801813,10049.033355,0.00000000,14995.754558,14995.754558,1,1,0,1.137e-13,0.000e+00,0.000e+00,265078.5327,225651.6426,0,0
2025-05-14,0,30,144,144,0,0,0.47620983,10199.290347,0.00112563,32380.438508,32344.031018,2,1,0,0.000e+00,0.000e+00,0.000e+00,554866.3679,463505.0115,0,0
2025-05-14,6,30,108,144,36,0,0.47620983,8314.579241,0.00966372,24802.176469,24564.789103,4,1,0,1.137e-13,0.000e+00,0.000e+00,522185.8063,385427.3200,0,0
2025-05-14,12,30,72,144,72,0,0.47620983,6937.383504,-0.00000000,21914.957270,21914.957270,1,1,0,1.137e-13,0.000e+00,0.000e+00,397150.9762,236934.7385,0,0
2025-05-14,18,30,36,144,108,0,0.47620983,10523.502469,0.00000000,14198.923790,14198.923790,1,1,0,1.137e-13,0.000e+00,0.000e+00,260830.0164,227180.4617,0,0
2025-05-15,0,30,144,144,0,0,0.47414668,10130.613033,0.00184740,32203.970535,32144.586661,2,1,0,0.000e+00,-4.547e-13,-1.046e-11,564723.7880,472943.7848,0,0
2025-05-15,6,30,108,144,36,0,0.47414668,8626.641372,0.01351971,25763.767868,25420.095459,4,1,0,1.137e-13,0.000e+00,0.000e+00,533366.3821,406597.0069,0,0
2025-05-15,12,30,72,144,72,0,0.47414668,7223.593292,0.00000000,22451.209346,22451.209346,1,1,0,1.137e-13,0.000e+00,0.000e+00,381156.9736,236240.8999,0,0
2025-05-15,18,30,36,144,108,0,0.47414668,10683.781469,0.00000000,13930.335760,13930.335760,1,1,0,1.137e-13,0.000e+00,0.000e+00,259638.3154,229476.4064,0,0
2025-05-16,0,30,144,144,0,0,0.48121814,10590.718085,0.00000145,10216.360996,10216.346152,1,1,0,0.000e+00,0.000e+00,0.000e+00,592588.6016,514461.5884,0,0
2025-05-16,6,30,108,144,36,0,0.48121814,1645.992081,0.00000000,7196.030613,7196.030613,1,1,0,0.000e+00,0.000e+00,0.000e+00,577347.4999,254711.2744,0,0
2025-05-16,12,30,72,144,72,0,0.48121814,10800.000000,0.00000000,6677.375989,6677.375989,1,1,0,0.000e+00,-1.151e-14,0.000e+00,260424.3469,244650.5490,0,0
2025-05-16,18,30,36,144,108,0,0.48121814,10552.199724,0.00000000,4986.721362,4986.721362,1,1,0,0.000e+00,0.000e+00,0.000e+00,258009.3241,241085.1469,0,0
2025-05-17,0,30,144,144,0,0,0.43784087,9370.736862,0.00000278,9910.261293,9910.233738,2,1,0,0.000e+00,0.000e+00,0.000e+00,550413.5265,481126.8072,0,0
2025-05-17,6,30,108,144,36,0,0.43784087,1647.941669,0.00000000,6625.873866,6625.873866,1,1,0,1.137e-13,0.000e+00,0.000e+00,533507.9376,255532.6626,0,0
2025-05-17,12,30,72,144,72,0,0.43784087,10800.000000,-0.00000000,6557.383758,6557.383758,1,1,0,0.000e+00,0.000e+00,0.000e+00,217099.2164,247007.2346,0,0
2025-05-17,18,30,36,144,108,0,0.43784087,10151.791691,0.00000000,5567.369072,5567.369072,1,1,0,1.137e-13,0.000e+00,0.000e+00,215432.5089,238604.6127,0,0
2025-05-18,0,30,144,144,0,0,0.42764754,7506.596080,0.00389381,32430.276093,32304.488691,4,0,1,1.137e-13,0.000e+00,0.000e+00,598754.6003,462686.7743,0,0
2025-05-18,6,30,108,144,36,0,0.42764754,9415.808665,0.00205143,22320.355741,22274.660739,1,1,0,1.137e-13,0.000e+00,-2.046e-12,479903.1506,416897.8407,0,0
2025-05-18,12,30,72,144,72,0,0.42764754,9078.852641,-0.00000000,20795.568988,20795.568988,1,1,0,1.137e-13,0.000e+00,0.000e+00,278353.9279,235963.8002,0,0
2025-05-18,18,30,36,144,108,0,0.42764754,10595.832267,0.00000000,13854.303773,13854.303773,1,1,0,1.137e-13,0.000e+00,0.000e+00,214571.0612,226632.3189,0,0
2025-05-19,0,30,144,144,0,0,0.47226032,9295.824231,0.00586145,31140.612242,30959.146672,2,1,0,1.137e-13,0.000e+00,-3.633e-13,482362.8536,431890.4501,0,0
2025-05-19,6,30,108,144,36,0,0.47226032,9828.422910,0.00006015,21102.518789,21101.249449,1,1,0,1.137e-13,0.000e+00,0.000e+00,411182.7313,387779.9893,0,0
2025-05-19,12,30,72,144,72,0,0.47226032,8778.830727,0.00000000,20686.904816,20686.904816,1,1,0,0.000e+00,0.000e+00,0.000e+00,267422.2162,241947.2383,0,0
2025-05-19,18,30,36,144,108,0,0.47226032,10465.797376,0.00000000,14210.447079,14210.447079,1,1,0,1.137e-13,0.000e+00,0.000e+00,193452.9241,224774.7213,0,0
2025-05-20,0,30,144,144,0,0,0.47050113,8258.603390,0.00560662,30916.317278,30743.947561,2,1,0,0.000e+00,-3.126e-13,0.000e+00,503075.7482,424980.6816,0,0
2025-05-20,6,30,108,144,36,0,0.47050113,8475.611909,0.01685413,23657.280093,23265.165994,4,0,1,0.000e+00,0.000e+00,0.000e+00,428641.0996,373835.9791,0,0
2025-05-20,12,30,72,144,72,0,0.47050113,7646.820983,0.00012830,21324.581827,21321.846204,1,1,0,0.000e+00,0.000e+00,0.000e+00,298100.8372,240006.7083,0,0
2025-05-20,18,30,36,144,108,0,0.47050113,9690.907728,0.00000000,14591.774544,14591.774544,1,1,0,0.000e+00,0.000e+00,0.000e+00,190960.4184,225181.3418,0,0
2025-05-21,0,30,144,144,0,0,0.47350929,6816.925224,0.00260847,30383.628031,30304.579546,3,1,0,3.908e-14,0.000e+00,0.000e+00,504865.5393,391673.5313,0,0
2025-05-21,6,30,108,144,36,0,0.47350929,6699.580365,0.01926803,25870.765183,25381.709725,4,0,1,1.137e-13,0.000e+00,0.000e+00,477956.2933,368253.2474,0,0
2025-05-21,12,30,72,144,72,0,0.47350929,6856.282553,0.00012094,21524.351747,21521.749001,2,1,0,1.137e-13,0.000e+00,0.000e+00,328852.0124,253047.4485,0,0
2025-05-21,18,30,36,144,108,0,0.47350929,9757.554683,0.00000000,15259.756203,15259.756203,1,1,0,1.137e-13,0.000e+00,0.000e+00,191136.1029,228100.4414,0,0
2025-05-22,0,30,144,144,0,0,0.47209540,7047.338130,0.00265046,31921.886938,31837.502813,2,1,0,3.979e-13,0.000e+00,0.000e+00,566339.7257,448508.6894,0,0
2025-05-22,6,30,108,144,36,0,0.47209540,9243.534991,0.00000000,21612.317916,21612.317916,1,1,0,1.137e-13,0.000e+00,0.000e+00,419269.8990,382962.4377,0,0
2025-05-22,12,30,72,144,72,0,0.47209540,7463.579424,0.00000000,21330.358766,21330.358766,1,1,0,1.137e-13,0.000e+00,0.000e+00,310225.4692,243089.9402,0,0
2025-05-22,18,30,36,144,108,0,0.47209540,10343.693024,0.00000000,14787.818918,14787.818918,1,1,0,1.137e-13,0.000e+00,0.000e+00,190971.4826,232315.9033,0,0
2025-05-23,0,30,144,144,0,0,0.47688341,8309.419519,0.00004657,10756.985269,10756.484393,2,1,0,0.000e+00,-2.416e-13,0.000e+00,526429.5523,456716.2703,0,0
2025-05-23,6,30,108,144,36,0,0.47688341,2009.956190,0.00000000,6764.829472,6764.829472,1,1,0,1.137e-13,0.000e+00,0.000e+00,504033.8933,267422.9638,0,0
2025-05-23,12,30,72,144,72,0,0.47688341,10800.000000,0.00000000,7215.553561,7215.553561,1,1,0,1.137e-13,0.000e+00,0.000e+00,191977.9014,254389.5187,0,0
2025-05-23,18,30,36,144,108,0,0.47688341,10299.278269,0.00000000,5554.354955,5554.354955,1,1,0,1.137e-13,0.000e+00,0.000e+00,190084.6640,241518.8286,0,0
2025-05-24,0,30,144,144,0,0,0.43899964,7581.131631,0.00009394,10704.830568,10703.825017,2,1,0,0.000e+00,0.000e+00,0.000e+00,528554.4520,435404.8644,0,0
2025-05-24,6,30,108,144,36,0,0.43899964,1576.608796,-0.00000000,6695.225043,6695.225043,1,1,0,0.000e+00,0.000e+00,0.000e+00,508225.9973,250605.9534,0,0
2025-05-24,12,30,72,144,72,0,0.43899964,10800.000000,-0.00000000,6407.424155,6407.424155,1,1,0,0.000e+00,-3.358e-14,0.000e+00,192998.7727,244638.0394,0,0
2025-05-24,18,30,36,144,108,0,0.43899964,10615.551934,0.00000000,5314.482672,5314.482672,1,1,0,0.000e+00,0.000e+00,0.000e+00,190667.0789,240941.0190,0,0
2025-05-25,0,30,144,144,0,0,0.42149109,7664.026057,0.00236455,28344.758150,28277.893770,3,1,0,0.000e+00,0.000e+00,0.000e+00,467528.4806,431083.2863,0,0
2025-05-25,6,30,108,144,36,0,0.42149109,8091.353347,0.00080882,19929.662297,19913.555853,2,1,0,0.000e+00,0.000e+00,0.000e+00,390553.3784,382512.5807,0,0
2025-05-25,12,30,72,144,72,0,0.42149109,8162.514310,0.00000000,19108.641927,19108.641927,1,1,0,0.000e+00,0.000e+00,0.000e+00,223103.4165,244436.1179,0,0
2025-05-25,18,30,36,144,108,0,0.42149109,10191.268492,0.00000000,14000.649758,14000.649758,1,1,0,0.000e+00,0.000e+00,0.000e+00,128787.7084,227731.5089,0,0
2025-05-26,0,30,144,144,0,0,0.47016757,6068.489295,0.00247549,31673.633149,31595.418879,3,1,0,0.000e+00,0.000e+00,0.000e+00,526675.2754,421511.7669,0,0
2025-05-26,6,30,108,144,36,0,0.47016757,7978.994104,0.01808411,24303.224807,23871.529461,3,1,0,1.776e-15,0.000e+00,0.000e+00,426262.9334,393023.8663,0,0
2025-05-26,12,30,72,144,72,0,0.47016757,5315.798396,0.00296559,22753.228283,22685.950962,1,1,0,0.000e+00,0.000e+00,-5.684e-13,317260.5692,235206.4612,0,0
2025-05-26,18,30,36,144,108,0,0.47016757,10254.239319,0.00000000,14168.875053,14168.875053,1,1,0,0.000e+00,0.000e+00,0.000e+00,147218.4681,228136.2353,0,0
2025-05-27,0,30,144,144,0,0,0.47539686,6601.817908,0.00101376,29733.936608,29703.824044,3,1,0,0.000e+00,0.000e+00,-1.279e-13,471101.3003,393489.7634,0,0
2025-05-27,6,30,108,144,36,0,0.47539686,6205.701488,0.01144406,24564.433358,24286.497157,4,0,1,1.137e-13,0.000e+00,0.000e+00,431402.0327,353643.2759,0,0
2025-05-27,12,30,72,144,72,0,0.47539686,6283.739943,0.00304778,21036.361518,20972.442097,1,1,0,1.137e-13,0.000e+00,0.000e+00,287912.2777,236951.0604,0,0
2025-05-27,18,30,36,144,108,0,0.47539686,10522.304336,0.00000000,14166.007705,14166.007705,1,1,0,1.137e-13,0.000e+00,0.000e+00,147766.3599,231196.5508,0,0
2025-05-28,0,30,144,144,0,0,0.47164939,6314.764685,0.00316301,33891.454305,33784.593164,4,0,1,1.137e-13,0.000e+00,0.000e+00,514583.0629,436561.3802,0,0
2025-05-28,6,30,108,144,36,0,0.47164939,9856.145108,0.00083691,22903.705787,22884.553529,2,1,0,1.137e-13,0.000e+00,0.000e+00,396552.2430,437169.2269,0,0
2025-05-28,12,30,72,144,72,0,0.47164939,6567.316520,-0.00000000,21713.396356,21713.396356,1,1,0,1.137e-13,0.000e+00,0.000e+00,272482.8365,246183.0554,0,0
2025-05-28,18,30,36,144,108,0,0.47164939,10214.561073,0.00000000,14398.628268,14398.628268,1,1,0,1.137e-13,0.000e+00,0.000e+00,126661.6120,228815.9296,0,0
2025-05-29,0,30,144,144,0,0,0.47344636,5977.484215,0.00348581,33813.642959,33696.184302,4,0,1,0.000e+00,0.000e+00,0.000e+00,515286.4413,428589.1030,0,0
2025-05-29,6,30,108,144,36,0,0.47344636,9626.761963,0.01184873,24818.786500,24528.158974,2,1,0,0.000e+00,0.000e+00,0.000e+00,351235.8838,395890.8383,0,0
2025-05-29,12,30,72,144,72,0,0.47344636,8067.095583,0.00000000,21296.493757,21296.493757,1,1,0,0.000e+00,0.000e+00,0.000e+00,225663.3857,240763.9575,0,0
2025-05-29,18,30,36,144,108,0,0.47344636,9939.063530,0.00000000,14740.316655,14740.316655,1,1,0,0.000e+00,0.000e+00,0.000e+00,125745.8620,227648.5609,0,0
2025-05-30,0,30,144,144,0,0,0.48042035,5623.729589,0.00007377,12628.433112,12627.501607,4,0,1,1.137e-13,-1.023e-12,0.000e+00,441194.4338,378993.8113,0,0
2025-05-30,6,30,108,144,36,0,0.48042035,2323.194278,0.00000000,7651.189329,7651.189329,1,1,0,8.882e-16,0.000e+00,0.000e+00,414555.4441,269407.0783,0,0
2025-05-30,12,30,72,144,72,0,0.48042035,10800.000000,0.00000000,7336.431408,7336.431408,1,1,0,0.000e+00,-2.302e-14,0.000e+00,109492.5664,251865.2710,0,0
2025-05-30,18,30,36,144,108,0,0.48042035,9953.706619,0.00000000,6363.787240,6363.787240,1,1,0,0.000e+00,0.000e+00,0.000e+00,107065.9184,230113.9505,0,0
2025-05-31,0,30,144,144,0,0,0.44152896,5323.022101,0.00020291,12382.004842,12379.492903,2,1,0,1.243e-14,-4.547e-13,-1.350e-13,403911.2202,372090.9171,0,0
2025-05-31,6,30,108,144,36,0,0.44152896,2928.753203,-0.00000000,6682.518318,6682.518318,1,1,0,0.000e+00,0.000e+00,0.000e+00,365105.7316,270813.5164,0,0
2025-05-31,12,30,72,144,72,0,0.44152896,10800.000000,0.00000000,6595.513265,6595.513265,1,1,0,0.000e+00,0.000e+00,0.000e+00,71371.3417,245328.2109,0,0
2025-05-31,18,30,36,144,108,0,0.44152896,10601.845446,0.00000000,5400.767547,5400.767547,1,1,0,0.000e+00,0.000e+00,0.000e+00,68745.1135,240296.9960,0,0
2025-06-01,0,30,144,144,0,0,0.42524895,3777.824422,0.00650723,38933.869714,38682.155868,2,1,0,1.137e-13,0.000e+00,0.000e+00,593698.3074,463832.6108,0,0
2025-06-01,6,30,108,144,36,0,0.42524895,7610.674993,0.00304572,28972.930610,28884.955121,2,1,0,1.023e-12,-6.139e-13,2.046e-12,409551.2396,413916.5827,0,0
2025-06-01,12,30,72,144,72,0,0.42524895,8205.977133,-0.00000000,23283.171753,23283.171753,1,1,0,9.095e-13,0.000e+00,9.095e-13,172245.3282,238809.1326,0,0
2025-06-01,18,30,36,144,108,0,0.42524895,8702.682461,0.00000000,16425.785104,16425.785104,1,1,0,0.000e+00,0.000e+00,0.000e+00,87159.7758,199739.3475,0,0
2025-06-02,0,30,144,144,0,0,0.48116319,2441.811806,0.00697089,52082.985811,51722.434164,4,1,0,1.137e-13,0.000e+00,0.000e+00,666301.2764,476411.9297,0,0
2025-06-02,6,30,108,144,36,0,0.48116319,9309.085400,0.00068079,35351.621785,35327.571172,2,1,0,1.137e-13,0.000e+00,0.000e+00,388669.6214,430978.1918,0,0
2025-06-02,12,30,72,144,72,0,0.48116319,6609.165232,0.00093661,31456.101842,31426.667351,1,1,0,1.137e-13,0.000e+00,0.000e+00,251762.1649,241070.3487,0,0
2025-06-02,18,30,36,144,108,0,0.48116319,9861.000728,0.00000000,18392.922353,18392.922353,1,1,0,0.000e+00,0.000e+00,0.000e+00,69757.8625,199891.3588,0,0
2025-06-03,0,30,144,144,0,0,0.48689441,3649.628756,0.00725415,48308.070868,47960.160758,4,1,0,2.487e-14,0.000e+00,0.000e+00,567839.9073,434500.4050,0,0
2025-06-03,6,30,108,144,36,0,0.48689441,9403.722780,0.00250974,36416.937453,36325.769283,3,1,0,1.137e-13,-1.637e-12,1.137e-13,360167.2962,431662.1088,0,0
2025-06-03,12,30,72,144,72,0,0.48689441,10576.129995,0.00144318,29123.711624,29081.741374,1,1,0,0.000e+00,0.000e+00,0.000e+00,89250.8585,224932.4446,0,0
2025-06-03,18,30,36,144,108,0,0.48689441,10102.197701,0.00000000,18535.477324,18535.477324,1,1,0,0.000e+00,0.000e+00,0.000e+00,69837.5263,207472.0749,0,0
2025-06-04,0,30,144,144,0,0,0.48837819,4176.916293,0.00653978,54655.545032,54300.431911,4,0,1,1.023e-12,0.000e+00,0.000e+00,594569.7590,486587.7206,0,0
2025-06-04,6,30,108,144,36,0,0.48837819,9010.310188,0.00070173,36314.158445,36288.693629,2,1,0,1.478e-12,0.000e+00,-5.684e-14,319825.8420,389079.3893,0,0
2025-06-04,12,30,72,144,72,0,0.48837819,5059.445033,0.00088565,35012.047296,34981.066460,1,1,0,0.000e+00,0.000e+00,-2.160e-12,259507.2041,230531.1882,0,0
2025-06-04,18,30,36,144,108,0,0.48837819,10544.361720,0.00000000,18258.431507,18258.431507,1,1,0,0.000e+00,0.000e+00,0.000e+00,47187.4208,204343.3070,0,0
2025-06-05,0,30,144,144,0,0,0.49343359,4676.544335,0.00597257,47862.087724,47577.925166,4,1,0,0.000e+00,0.000e+00,0.000e+00,522830.7942,445593.8301,0,0
2025-06-05,6,30,108,144,36,0,0.49343359,9447.632737,0.00202119,35729.942412,35657.871014,2,1,0,1.137e-13,0.000e+00,-9.095e-13,345684.3403,433822.0070,0,0
2025-06-05,12,30,72,144,72,0,0.49343359,8805.698095,0.00058089,31073.156093,31055.116509,1,1,0,1.137e-13,0.000e+00,0.000e+00,154197.0439,262076.2637,0,0
2025-06-05,18,30,36,144,108,0,0.49343359,9306.080574,0.00000000,19216.227012,19216.227012,1,1,0,0.000e+00,0.000e+00,0.000e+00,46067.7104,207193.2267,0,0
2025-06-06,0,30,144,144,0,0,0.50283964,3136.819711,0.00355521,19342.735691,19274.211869,2,1,0,0.000e+00,0.000e+00,0.000e+00,386493.2687,311437.3962,0,0
2025-06-06,6,30,108,144,36,0,0.50283964,4204.688857,0.00000000,10509.779765,10509.779765,1,1,0,0.000e+00,0.000e+00,0.000e+00,329410.7465,286416.8143,0,0
2025-06-06,12,30,72,144,72,0,0.50283964,10163.137208,0.00000000,10444.937941,10444.937941,1,1,0,0.000e+00,0.000e+00,0.000e+00,69285.7303,235228.2932,0,0
2025-06-06,18,30,36,144,108,0,0.50283964,9282.000000,0.00000000,8550.326942,8550.326942,1,1,0,0.000e+00,0.000e+00,0.000e+00,45901.6702,216480.1845,0,0
2025-06-07,0,30,144,144,0,0,0.45843405,1812.625013,0.01739410,22211.495249,21831.751549,2,1,0,1.137e-13,-1.137e-13,-1.386e-12,461303.4758,315907.7794,0,0
2025-06-07,6,30,108,144,36,0,0.45843405,6724.003403,0.00000000,11422.011334,11422.011334,1,1,0,0.000e+00,0.000e+00,-2.132e-14,250270.9801,263592.8548,0,0
2025-06-07,12,30,72,144,72,0,0.45843405,10800.000000,-0.00000000,11783.475396,11783.475396,1,1,0,0.000e+00,-1.151e-14,-2.132e-14,49018.3707,213867.9000,0,0
2025-06-07,18,30,36,144,108,0,0.45843405,10153.544816,0.00000000,8446.246571,8446.246571,1,1,0,0.000e+00,0.000e+00,-2.132e-14,45262.3309,203692.4374,0,0
2025-06-08,0,30,144,144,0,0,0.45172188,2993.665625,0.00340211,46821.096065,46662.345408,4,0,1,1.137e-13,0.000e+00,0.000e+00,557567.6185,432324.2009,0,0
2025-06-08,6,30,108,144,36,0,0.45172188,10128.041707,0.00505952,34481.619092,34308.036818,4,0,1,1.137e-13,0.000e+00,0.000e+00,315328.7151,434351.1165,0,0
2025-06-08,12,30,72,144,72,0,0.45172188,9974.051392,0.00266439,30489.220333,30408.201056,1,1,0,1.137e-13,0.000e+00,-2.132e-14,93151.5791,253664.5949,0,0
2025-06-08,18,30,36,144,108,0,0.45172188,10628.721686,0.00000000,19036.112763,19036.112763,1,1,0,0.000e+00,0.000e+00,-2.132e-14,45557.8238,214861.1369,0,0
2025-06-09,0,30,144,144,0,0,0.48978987,5401.624546,0.00320424,51638.681580,51473.747571,3,1,0,2.441e-12,0.000e+00,-1.232e-11,517522.9887,459231.2919,0,0
2025-06-09,6,30,108,144,36,0,0.48978987,9884.129326,0.00310957,36792.106485,36678.053453,2,1,0,3.638e-12,0.000e+00,-4.263e-14,344640.6337,432153.2087,0,0
2025-06-09,12,30,72,144,72,0,0.48978987,5779.614136,0.00176313,34074.038766,34014.067702,1,1,0,0.000e+00,0.000e+00,0.000e+00,252161.0319,244145.9282,0,0
2025-06-09,18,30,36,144,108,0,0.48978987,10620.755379,0.00000000,18452.488249,18452.488249,1,1,0,0.000e+00,0.000e+00,-4.263e-14,45739.6664,207054.5803,0,0
2025-06-10,0,30,144,144,0,0,0.50078492,4554.541509,0.00442115,48983.904677,48768.292703,3,1,0,1.137e-13,0.000e+00,-2.132e-14,524172.4341,434686.3971,0,0
2025-06-10,6,30,108,144,36,0,0.50078492,9818.158695,0.00257514,35491.830821,35400.669191,2,1,0,0.000e+00,0.000e+00,-2.132e-14,337140.8845,418991.2126,0,0
2025-06-10,12,30,72,144,72,0,0.50078492,6025.582378,0.00277770,35814.366511,35715.160598,1,1,0,0.000e+00,0.000e+00,-2.132e-14,209515.9567,240734.0420,0,0
2025-06-10,18,30,36,144,108,0,0.50078492,9585.190856,0.00000000,19181.153802,19181.153802,1,1,0,0.000e+00,0.000e+00,-2.132e-14,46110.7201,196684.9587,0,0
2025-06-11,0,30,144,144,0,0,0.50057119,3839.775968,0.00350813,53044.944112,52859.505940,3,1,0,1.137e-13,-1.137e-13,-1.684e-12,600691.4480,475845.4185,0,0
2025-06-11,6,30,108,144,36,0,0.50057119,9825.274698,0.00328185,40152.786393,40021.442089,1,1,0,0.000e+00,0.000e+00,-9.237e-14,409451.4626,476372.6184,0,0
2025-06-11,12,30,72,144,72,0,0.50057119,4947.236191,0.00162176,36601.079099,36541.817212,1,1,0,0.000e+00,0.000e+00,-9.237e-14,289213.6929,248116.7520,0,0
2025-06-11,18,30,36,144,108,0,0.50057119,9848.095071,0.00000000,19277.762321,19277.762321,1,1,0,0.000e+00,0.000e+00,-9.237e-14,45979.1279,195905.3795,0,0
2025-06-12,0,30,144,144,0,0,0.50638392,4138.162740,0.00512107,52195.884364,51929.947271,4,0,1,1.137e-13,0.000e+00,0.000e+00,551329.7975,454290.4741,0,0
2025-06-12,6,30,108,144,36,0,0.50638392,10048.317130,0.00269485,38474.676338,38371.271495,2,1,0,0.000e+00,0.000e+00,-4.263e-14,345516.5174,441921.8065,0,0
2025-06-12,12,30,72,144,72,0,0.50638392,8526.763447,0.00100955,34164.089495,34129.633928,1,1,0,0.000e+00,0.000e+00,-4.263e-14,181571.5409,258693.9016,0,0
2025-06-12,18,30,36,144,108,0,0.50638392,9955.753118,0.00000000,19121.413104,19121.413104,1,1,0,0.000e+00,0.000e+00,-4.263e-14,45154.0649,203880.9540,0,0
2025-06-13,0,30,144,144,0,0,0.51167251,4374.847959,0.00038669,18970.477865,18963.144956,2,1,0,0.000e+00,0.000e+00,-2.416e-13,376040.9084,337064.8555,0,0
2025-06-13,6,30,108,144,36,0,0.51167251,3544.456000,-0.00000000,11385.437939,11385.437939,1,1,0,0.000e+00,0.000e+00,-4.263e-14,357291.5658,295344.7895,0,0
2025-06-13,12,30,72,144,72,0,0.51167251,7988.145037,0.00000014,11485.422474,11485.420814,1,1,0,0.000e+00,0.000e+00,-4.263e-14,138951.7621,241159.9619,0,0
2025-06-13,18,30,36,144,108,0,0.51167251,9528.000000,0.00000000,8867.937060,8867.937060,1,1,0,0.000e+00,0.000e+00,-4.263e-14,45212.6892,223009.9357,0,0
2025-06-14,0,30,144,144,0,0,0.45981729,2295.585987,0.00168705,19609.188868,19576.162829,4,0,1,1.137e-13,0.000e+00,0.000e+00,393530.0995,284955.3393,0,0
2025-06-14,6,30,108,144,36,0,0.45981729,2692.326040,0.00000000,12328.086707,12328.086707,1,1,0,8.882e-16,0.000e+00,-4.263e-14,357286.1532,260016.0181,0,0
2025-06-14,12,30,72,144,72,0,0.45981729,9989.422056,0.00000000,12100.571643,12100.571643,1,1,0,0.000e+00,0.000e+00,-4.263e-14,75083.9408,226444.2123,0,0
2025-06-14,18,30,36,144,108,0,0.45981729,10301.407274,0.00000000,9004.062462,9004.062462,1,1,0,0.000e+00,0.000e+00,-4.263e-14,45401.5049,220552.0568,0,0
2025-06-15,0,30,144,144,0,0,0.45003456,3337.152220,0.00458651,46023.986222,45813.860402,4,1,0,2.842e-14,0.000e+00,-4.263e-14,576286.7706,455447.3623,0,0
2025-06-15,6,30,108,144,36,0,0.45003456,10114.900000,0.00751415,36153.268612,35883.633571,2,1,0,4.547e-13,0.000e+00,1.322e-12,351241.5687,458603.2816,0,0
2025-06-15,12,30,72,144,72,0,0.45003456,7654.430331,0.00554391,31875.317071,31699.577505,1,1,0,0.000e+00,0.000e+00,-4.263e-14,193777.6357,259572.8244,0,0
2025-06-15,18,30,36,144,108,0,0.45003456,10679.370071,0.00000000,18574.056624,18574.056624,1,1,0,0.000e+00,0.000e+00,-4.263e-14,44987.0626,206450.0784,0,0
2025-06-16,0,30,144,144,0,0,0.50276353,5658.845576,0.00498117,49183.924626,48940.145668,4,1,0,2.956e-12,0.000e+00,1.273e-11,493901.2707,448256.3728,0,0
2025-06-16,6,30,108,144,36,0,0.50276353,9658.782200,0.00914140,38840.597209,38488.756269,2,1,0,0.000e+00,0.000e+00,-4.263e-14,348782.0338,439826.5449,0,0
2025-06-16,12,30,72,144,72,0,0.50276353,5929.100145,0.00416047,35090.480456,34945.092342,1,1,0,0.000e+00,0.000e+00,0.000e+00,227694.3157,235166.0622,0,0
2025-06-16,18,30,36,144,108,0,0.50276353,9070.073435,0.00000000,19839.357103,19839.357103,1,1,0,0.000e+00,0.000e+00,-4.263e-14,45551.5491,198704.5947,0,0
2025-06-17,0,30,144,144,0,0,0.50864387,3359.727500,0.00443056,52318.077096,52087.301028,4,1,0,4.775e-12,-4.377e-12,1.887e-11,570111.8961,450656.1587,0,0
2025-06-17,6,30,108,144,36,0,0.50864387,9699.258182,0.00518556,42252.417234,42034.445117,3,1,0,0.000e+00,0.000e+00,-4.263e-14,363960.5192,459126.6798,0,0
2025-06-17,12,30,72,144,72,0,0.50864387,7025.242332,0.00300766,36302.229061,36193.371706,1,1,0,0.000e+00,0.000e+00,-4.263e-14,214788.3277,249760.9045,0,0
2025-06-17,18,30,36,144,108,0,0.50864387,10234.752608,0.00000000,18581.856412,18581.856412,1,1,0,0.000e+00,0.000e+00,-4.263e-14,46074.6848,203319.7281,0,0
2025-06-18,0,30,144,144,0,0,0.51127487,3732.957841,0.00491470,52284.914507,52029.206570,4,1,0,1.137e-13,0.000e+00,-7.745e-13,544192.5427,442410.5954,0,0
2025-06-18,6,30,108,144,36,0,0.51127487,10023.310737,0.00551400,42109.783656,41878.863595,3,1,0,1.137e-13,0.000e+00,0.000e+00,353314.4120,460329.7434,0,0
2025-06-18,12,30,72,144,72,0,0.51127487,8291.905284,0.00142202,34690.112656,34640.852684,1,1,0,2.842e-12,0.000e+00,5.592e-12,158248.7199,234242.3819,0,0
2025-06-18,18,30,36,144,108,0,0.51127487,10572.137678,0.00000000,19139.677291,19139.677291,1,1,0,1.137e-13,0.000e+00,-9.237e-14,45452.3003,204607.1384,0,0
2025-06-19,0,30,144,144,0,0,0.50992429,4741.696788,0.00699229,48698.000399,48359.854293,4,0,1,1.137e-13,0.000e+00,0.000e+00,480240.2992,417164.6422,0,0
2025-06-19,6,30,108,144,36,0,0.50992429,9770.449010,0.00284995,35470.158664,35369.357925,2,1,0,0.000e+00,0.000e+00,-9.237e-14,288213.1724,394695.4672,0,0
2025-06-19,12,30,72,144,72,0,0.50992429,7273.432082,0.00477649,33323.399471,33164.987199,1,1,0,0.000e+00,0.000e+00,-9.237e-14,169860.4584,242737.1615,0,0
2025-06-19,18,30,36,144,108,0,0.50992429,10084.505519,0.00000000,18887.461313,18887.461313,1,1,0,0.000e+00,0.000e+00,-9.237e-14,45501.3016,206526.1092,0,0
2025-06-20,0,30,144,144,0,0,0.51198819,4124.023872,0.00007567,19708.574960,19707.083653,2,1,0,1.776e-14,0.000e+00,-9.237e-14,385805.4390,336294.6987,0,0
2025-06-20,6,30,108,144,36,0,0.51198819,2431.180373,0.00000000,12600.223292,12600.223292,1,1,0,0.000e+00,0.000e+00,-9.237e-14,354001.0556,260510.1559,0,0
2025-06-20,12,30,72,144,72,0,0.51198819,10593.177635,0.00000000,12371.074283,12371.074283,1,1,0,0.000e+00,0.000e+00,-9.237e-14,54419.5614,236726.2970,0,0
2025-06-20,18,30,36,144,108,0,0.51198819,10601.743184,0.00000000,8450.857481,8450.857481,1,1,0,0.000e+00,0.000e+00,-9.237e-14,45854.1724,233727.0808,0,0
2025-06-21,0,30,144,144,0,0,0.45924038,3251.630817,0.00018969,18100.066929,18096.634166,2,1,0,0.000e+00,0.000e+00,-4.405e-13,384618.8081,308301.1862,0,0
2025-06-21,6,30,108,144,36,0,0.45924038,2355.235289,0.00000000,11496.580883,11496.580883,1,1,0,0.000e+00,0.000e+00,-9.237e-14,352580.3495,258126.4914,0,0
2025-06-21,12,30,72,144,72,0,0.45924038,10800.000000,0.00000000,11210.723280,11210.723280,1,1,0,0.000e+00,0.000e+00,-9.237e-14,47261.0362,237730.1506,0,0
2025-06-21,18,30,36,144,108,0,0.45924038,10565.301667,0.00000000,8277.001431,8277.001431,1,1,0,0.000e+00,0.000e+00,-9.237e-14,45931.1086,229734.1245,0,0
2025-06-22,0,30,144,144,0,0,0.44563025,3879.761368,0.00311239,42043.708717,41913.258234,3,1,0,4.547e-13,-1.137e-13,1.364e-12,519603.1868,424099.0962,0,0
2025-06-22,6,30,108,144,36,0,0.44563025,10111.061599,0.00227458,33531.433917,33455.337110,2,1,0,0.000e+00,0.000e+00,0.000e+00,301648.1824,420414.9567,0,0
2025-06-22,12,30,72,144,72,0,0.44563025,8809.183370,0.00213052,29651.514370,29588.475388,1,1,0,2.132e-14,-2.274e-13,0.000e+00,157190.8418,270961.5901,0,0
2025-06-22,18,30,36,144,108,0,0.44563025,9688.555140,0.00000000,18830.369123,18830.369123,1,1,0,0.000e+00,0.000e+00,0.000e+00,45875.9133,205190.9873,0,0
2025-06-23,0,30,144,144,0,0,0.50600247,4391.579090,0.00349967,47299.201777,47134.247393,4,0,1,2.274e-13,0.000e+00,0.000e+00,528286.6461,445699.8385,0,0
2025-06-23,6,30,108,144,36,0,0.50600247,10108.193056,0.00843085,36129.645924,35827.588945,1,1,0,9.095e-13,0.000e+00,2.686e-12,283893.7109,405836.0297,0,0
2025-06-23,12,30,72,144,72,0,0.50600247,8096.872994,0.00173541,31700.459023,31645.541167,2,1,0,1.137e-13,0.000e+00,-4.974e-13,180198.5617,249183.6297,0,0
2025-06-23,18,30,36,144,108,0,0.50600247,9960.483463,0.00000000,19009.012309,19009.012309,1,1,0,0.000e+00,0.000e+00,-4.263e-14,46028.3144,205186.2669,0,0
2025-06-24,0,30,144,144,0,0,0.50740629,3733.880586,0.00436383,56114.966763,55871.154607,4,0,1,1.592e-12,0.000e+00,0.000e+00,587288.0287,474496.2676,0,0
2025-06-24,6,30,108,144,36,0,0.50740629,9795.035229,0.00242452,41992.985705,41891.419092,2,1,0,0.000e+00,0.000e+00,-4.263e-14,376972.8149,454666.7370,0,0
2025-06-24,12,30,72,144,72,0,0.50740629,6864.007106,0.00167375,36981.854720,36920.059700,4,0,1,0.000e+00,0.000e+00,0.000e+00,235315.3411,259186.3669,0,0
2025-06-24,18,30,36,144,108,0,0.50740629,10586.800304,0.00000000,18664.124037,18664.124037,1,1,0,0.000e+00,0.000e+00,-4.263e-14,46124.8222,204656.6131,0,0
2025-06-25,0,30,144,144,0,0,0.51680551,4453.609317,0.00537583,50042.551277,49774.969571,4,0,1,2.629e-13,0.000e+00,0.000e+00,505127.5786,426702.2191,0,0
2025-06-25,6,30,108,144,36,0,0.51680551,10204.805663,0.00895269,39323.916777,38974.985688,2,1,0,4.974e-14,0.000e+00,-6.750e-14,281804.1264,404031.3260,0,0
2025-06-25,12,30,72,144,72,0,0.51680551,9216.793263,0.00291959,32668.257799,32573.157676,1,1,0,0.000e+00,0.000e+00,-6.750e-14,111989.7616,247557.3924,0,0
2025-06-25,18,30,36,144,108,0,0.51680551,9639.543039,0.00000000,19475.153810,19475.153810,1,1,0,0.000e+00,0.000e+00,-6.750e-14,45448.7048,202144.4818,0,0
2025-06-26,0,30,144,144,0,0,0.50941235,3762.696617,0.00355946,46931.483956,46765.025603,3,1,0,4.036e-12,0.000e+00,1.046e-11,527936.9334,428569.5033,0,0
2025-06-26,6,30,108,144,36,0,0.50941235,10106.175000,0.01144740,36485.803694,36072.863202,2,1,0,0.000e+00,0.000e+00,-6.750e-14,262881.0101,384768.3122,0,0
2025-06-26,12,30,72,144,72,0,0.50941235,7770.578335,0.01127198,31277.313247,30928.685618,1,1,0,0.000e+00,0.000e+00,0.000e+00,130813.4515,222143.2945,0,0
2025-06-26,18,30,36,144,108,0,0.50941235,9316.542271,0.00000000,19046.259963,19046.259963,1,1,0,0.000e+00,0.000e+00,-6.750e-14,45407.1695,205167.0489,0,0
2025-06-27,0,30,144,144,0,0,0.51097437,3172.567700,0.00018693,21063.613764,21059.677063,3,1,0,2.331e-12,-3.593e-12,3.553e-12,410225.8489,328177.4610,0,0
2025-06-27,6,30,108,144,36,0,0.51097437,4157.416280,-0.00000000,12617.685979,12617.685979,1,1,0,0.000e+00,0.000e+00,0.000e+00,302827.0622,262156.4759,0,0
2025-06-27,12,30,72,144,72,0,0.51097437,10800.000000,-0.00000000,12242.087990,12242.087990,1,1,0,0.000e+00,0.000e+00,0.000e+00,46282.7605,232656.7451,0,0
2025-06-27,18,30,36,144,108,0,0.51097437,10567.101847,0.00000000,8520.342557,8520.342557,1,1,0,0.000e+00,0.000e+00,0.000e+00,45529.1032,228617.4495,0,0
2025-06-28,0,30,144,144,0,0,0.46192405,3930.910450,0.00017544,17314.383496,17311.346321,2,1,0,1.137e-13,0.000e+00,-1.030e-12,382508.6138,324830.4384,0,0
2025-06-28,6,30,108,144,36,0,0.46192405,2262.204531,0.00041201,11525.174247,11520.427676,2,1,0,1.137e-13,0.000e+00,-2.913e-13,363693.0052,260192.3824,0,0
2025-06-28,12,30,72,144,72,0,0.46192405,10565.609633,0.00000000,10655.556449,10655.556449,1,1,0,0.000e+00,0.000e+00,-2.913e-13,55323.3843,234990.2624,0,0
2025-06-28,18,30,36,144,108,0,0.46192405,10679.987976,0.00000000,7677.852801,7677.852801,1,1,0,3.411e-13,0.000e+00,-9.237e-14,45521.7889,229019.2083,0,0
2025-06-29,0,30,144,144,0,0,0.45319357,3479.938246,0.00176749,40284.171135,40213.095048,3,1,0,1.137e-13,0.000e+00,-8.882e-14,526587.6273,422422.7689,0,0
2025-06-29,6,30,108,144,36,0,0.45319357,9756.940307,0.01159889,33272.828531,32891.325632,2,1,0,0.000e+00,0.000e+00,-8.882e-14,266769.3864,386859.3531,0,0
2025-06-29,12,30,72,144,72,0,0.45319357,6493.582376,0.00323999,31868.240971,31765.321803,1,1,0,0.000e+00,0.000e+00,-8.882e-14,195112.5226,244882.6570,0,0
2025-06-29,18,30,36,144,108,0,0.45319357,9323.582915,0.00000000,18138.493010,18138.493010,1,1,0,0.000e+00,0.000e+00,-8.882e-14,46325.6003,208743.9305,0,0
2025-06-30,0,30,144,144,0,0,0.50462541,3264.497839,0.00119025,49906.241225,49846.910730,4,1,0,7.958e-13,0.000e+00,3.160e-12,558438.7162,439983.6973,0,0
2025-06-30,6,30,108,144,36,0,0.50462541,10087.868519,0.00251853,36743.756134,36651.448220,2,1,0,0.000e+00,0.000e+00,0.000e+00,304069.6004,411064.9012,0,0
2025-06-30,12,30,72,144,72,0,0.50462541,7485.389145,0.00254050,32505.519928,32423.148999,1,1,0,0.000e+00,0.000e+00,0.000e+00,183429.3549,234883.6332,0,0
2025-06-30,18,30,36,144,108,0,0.50462541,10572.406483,0.00000000,18801.243348,18801.243348,1,1,0,0.000e+00,0.000e+00,0.000e+00,46715.6770,205307.8073,0,0
2025-07-01,0,30,144,144,0,0,0.50767084,4566.410451,0.00171479,42632.528473,42559.547780,3,1,0,0.000e+00,0.000e+00,-2.309e-14,476636.9420,410263.7419,0,0
2025-07-01,6,30,108,144,36,0,0.50767084,6872.950554,0.01024984,36535.198194,36164.517645,3,1,0,0.000e+00,0.000e+00,-7.958e-13,336579.2261,362095.8706,0,0
2025-07-01,12,30,72,144,72,0,0.50767084,2816.777908,0.00657260,35553.191382,35321.040220,1,1,0,0.000e+00,0.000e+00,0.000e+00,282889.1988,218042.6839,0,0
2025-07-01,18,30,36,144,108,0,0.50767084,6530.422566,0.00000000,24837.314637,24837.314637,1,1,0,0.000e+00,0.000e+00,0.000e+00,47368.3061,141844.4229,0,0
2025-07-02,0,30,144,144,0,0,0.52899502,1200.000000,0.00955711,57781.691412,57234.693366,2,1,0,1.125e-11,0.000e+00,-7.287e-11,601234.0614,422130.2800,0,0
2025-07-02,6,30,108,144,36,0,0.52899502,9045.291824,0.01137696,41604.450618,41136.442906,2,1,0,1.137e-13,0.000e+00,0.000e+00,275766.5016,368353.8221,0,0
2025-07-02,12,30,72,144,72,0,0.52899502,6778.534471,0.01971490,37725.561119,36996.185074,1,1,0,1.137e-13,0.000e+00,0.000e+00,178179.0188,224920.7501,0,0
2025-07-02,18,30,36,144,108,0,0.52899502,10685.476340,0.00000000,22445.711111,22445.711111,1,1,0,0.000e+00,0.000e+00,0.000e+00,53440.5440,224363.4511,0,0
2025-07-03,0,30,144,144,0,0,0.53026656,3904.908545,0.00740282,62038.989323,61583.100672,4,1,0,1.251e-12,0.000e+00,6.537e-13,571445.6703,467946.5620,0,0
2025-07-03,6,30,108,144,36,0,0.53026656,9135.562590,0.00883870,49537.887821,49103.873214,3,1,0,1.137e-13,0.000e+00,0.000e+00,374493.0740,449029.0500,0,0
2025-07-03,12,30,72,144,72,0,0.53026656,9014.848586,0.00474010,39124.764032,38940.183626,2,1,0,0.000e+00,0.000e+00,0.000e+00,156864.7520,260133.0475,0,0
2025-07-03,18,30,36,144,108,0,0.53026656,10537.383436,0.00000000,23514.893538,23514.893538,1,1,0,0.000e+00,0.000e+00,0.000e+00,53916.6517,220365.6496,0,0
2025-07-04,0,30,144,144,0,0,0.54634600,3958.087333,0.00043905,24780.772709,24769.897449,4,1,0,0.000e+00,0.000e+00,-8.527e-14,398165.4829,331639.5375,0,0
2025-07-04,6,30,108,144,36,0,0.54634600,2474.790278,0.00000000,17111.232240,17111.232240,1,1,0,0.000e+00,0.000e+00,0.000e+00,370938.2124,275226.5186,0,0
2025-07-04,12,30,72,144,72,0,0.54634600,10800.000000,0.00000000,15249.981927,15249.981927,1,1,0,0.000e+00,0.000e+00,-8.527e-14,54855.2059,237620.7112,0,0
2025-07-04,18,30,36,144,108,0,0.54634600,9667.625118,0.00133596,12783.264003,12766.208865,1,1,0,0.000e+00,0.000e+00,-8.527e-14,53317.4887,225197.4986,0,0
2025-07-05,0,30,144,144,0,0,0.49318173,2169.044809,0.00144755,26546.446445,26508.074734,2,1,0,9.095e-13,0.000e+00,-5.594e-12,437204.8880,311759.6841,0,0
2025-07-05,6,30,108,144,36,0,0.49318173,3004.266460,-0.00000000,16894.155347,16894.155347,1,1,0,0.000e+00,0.000e+00,-4.441e-14,367032.6046,275559.6496,0,0
2025-07-05,12,30,72,144,72,0,0.49318173,10800.000000,0.00000000,16414.053389,16414.053389,1,1,0,0.000e+00,0.000e+00,-4.441e-14,58392.8583,235355.6379,0,0
2025-07-05,18,30,36,144,108,0,0.49318173,10262.830726,0.00050117,12791.094334,12784.687008,1,1,0,0.000e+00,0.000e+00,-4.441e-14,55116.0361,227521.6793,0,0
2025-07-06,0,30,144,144,0,0,0.48278062,3643.272149,0.01024968,58938.765517,58340.791316,4,0,1,1.883e-13,-2.046e-12,0.000e+00,574220.0662,467140.9590,0,0
2025-07-06,6,30,108,144,36,0,0.48278062,10092.590721,0.00663793,50225.558933,49894.363554,4,1,0,0.000e+00,0.000e+00,-4.441e-14,386700.4221,492132.9364,0,0
2025-07-06,12,30,72,144,72,0,0.48278062,9929.489124,0.00197787,40939.774281,40858.960557,2,1,0,0.000e+00,0.000e+00,-4.441e-14,165999.9461,305032.1182,0,0
2025-07-06,18,30,36,144,108,0,0.48278062,10666.535044,0.00000000,24014.089175,24014.089175,1,1,0,0.000e+00,0.000e+00,-4.441e-14,54275.5459,226348.3995,0,0
2025-07-07,0,30,144,144,0,0,0.54030487,5653.021451,0.01097798,58385.013107,57751.023313,4,0,1,1.137e-13,0.000e+00,0.000e+00,458596.9037,426950.9845,0,0
2025-07-07,6,30,108,144,36,0,0.54030487,9644.888348,0.00301782,40509.406020,40387.523676,2,1,0,0.000e+00,0.000e+00,-2.132e-14,283539.8481,386109.0372,0,0
2025-07-07,12,30,72,144,72,0,0.54030487,6515.144677,0.01416433,39647.254355,39093.520842,1,1,0,0.000e+00,0.000e+00,-2.132e-14,212764.1922,251938.6889,0,0
2025-07-07,18,30,36,144,108,0,0.54030487,10739.023314,0.00000000,22821.921647,22821.921647,1,1,0,0.000e+00,0.000e+00,-2.132e-14,55317.4735,228204.3609,0,0
2025-07-08,0,30,144,144,0,0,0.54260382,3951.141997,0.01122126,61823.913940,61137.869969,4,0,1,1.137e-13,-1.637e-12,0.000e+00,551297.6458,455023.4203,0,0
2025-07-08,6,30,108,144,36,0,0.54260382,10054.654328,0.00196250,42998.588241,42914.368634,2,1,0,1.137e-13,0.000e+00,-2.132e-14,349308.2831,453204.8967,0,0
2025-07-08,12,30,72,144,72,0,0.54260382,6002.384850,0.00837578,39619.348626,39290.262217,1,1,0,1.137e-13,0.000e+00,-2.132e-14,244229.9578,264951.4639,0,0
2025-07-08,18,30,36,144,108,0,0.54260382,10504.293280,0.00005415,23543.667732,23542.392953,1,1,0,1.137e-13,0.000e+00,-2.132e-14,55901.4730,226776.1414,0,0
2025-07-09,0,30,144,144,0,0,0.54641349,3850.799625,0.01168356,62329.252868,61609.435439,4,0,1,1.137e-13,0.000e+00,0.000e+00,563526.1287,463641.0608,0,0
2025-07-09,6,30,108,144,36,0,0.54641349,10049.580401,0.00223725,43846.331533,43748.455433,2,1,0,1.137e-13,0.000e+00,-2.132e-14,286834.7479,401043.3838,0,0
2025-07-09,12,30,72,144,72,0,0.54641349,9480.878805,0.00541065,38735.026381,38526.572588,2,1,0,0.000e+00,-5.684e-13,-2.132e-14,118382.1210,253002.0899,0,0
2025-07-09,18,30,36,144,108,0,0.54641349,10452.038264,0.00009689,23842.207779,23839.897895,1,1,0,0.000e+00,0.000e+00,-2.132e-14,55097.5649,227730.3617,0,0
2025-07-10,0,30,144,144,0,0,0.54758684,3964.577016,0.01456696,57004.273980,56185.817517,4,1,0,1.421e-14,-1.637e-12,-2.132e-14,506049.2948,420679.8247,0,0
2025-07-10,6,30,108,144,36,0,0.54758684,9939.615940,0.00409117,40839.903153,40673.500928,2,1,0,0.000e+00,0.000e+00,-2.132e-14,322790.4606,440515.7366,0,0
2025-07-10,12,30,72,144,72,0,0.54758684,6512.139530,0.01557740,38646.614692,38053.834774,1,1,0,3.411e-13,0.000e+00,3.482e-13,209895.4687,251846.7536,0,0
2025-07-10,18,30,36,144,108,0,0.54758684,10248.260390,0.00041480,22872.107399,22862.624083,1,1,0,0.000e+00,0.000e+00,-2.132e-14,55361.2939,229266.5909,0,0
2025-07-11,0,30,144,144,0,0,0.55552439,3589.359745,0.00023087,26890.384192,26884.177476,1,1,0,0.000e+00,0.000e+00,-2.558e-13,423027.1889,347278.2267,0,0
2025-07-11,6,30,108,144,36,0,0.55552439,2720.782870,-0.00000000,17001.007050,17001.007050,1,1,0,0.000e+00,0.000e+00,-8.527e-14,371508.3035,278941.2056,0,0
2025-07-11,12,30,72,144,72,0,0.55552439,8929.446225,0.00000000,16166.885096,16166.885096,1,1,0,0.000e+00,0.000e+00,-8.527e-14,118619.8900,239418.7528,0,0
2025-07-11,18,30,36,144,108,0,0.55552439,10392.419797,0.00081496,11723.937389,11714.390589,1,1,0,0.000e+00,0.000e+00,-8.527e-14,55018.5695,235488.3388,0,0
2025-07-12,0,30,144,144,0,0,0.50811252,2397.353014,0.00044695,26258.857367,26247.126155,1,1,0,0.000e+00,0.000e+00,-2.953e-13,435731.9704,327104.3028,0,0
2025-07-12,6,30,108,144,36,0,0.50811252,2945.125979,0.00000000,17278.459110,17278.459110,1,1,0,0.000e+00,0.000e+00,-2.953e-13,366931.5095,292771.1459,0,0
2025-07-12,12,30,72,144,72,0,0.50811252,10013.535214,0.00002429,17101.361210,17100.945809,1,1,0,0.000e+00,0.000e+00,-2.953e-13,84093.3539,253213.9038,0,0
2025-07-12,18,30,36,144,108,0,0.50811252,10413.945498,0.00073909,12472.230730,12463.019422,1,1,0,0.000e+00,0.000e+00,-2.953e-13,55351.1553,237467.4931,0,0
2025-07-13,0,30,144,144,0,0,0.49908754,3082.180702,0.01565335,62178.707850,61220.403254,4,0,1,1.137e-13,0.000e+00,0.000e+00,610686.6005,483574.7132,0,0
2025-07-13,6,30,108,144,36,0,0.49908754,10064.354167,0.00377075,42853.162602,42692.180943,2,1,0,1.137e-13,0.000e+00,-4.541e-14,326475.2972,434316.8409,0,0
2025-07-13,12,30,72,144,72,0,0.49908754,9082.872059,0.00559284,38271.869619,38059.011718,3,1,0,7.958e-13,0.000e+00,-4.541e-14,138678.7424,256343.0124,0,0
2025-07-13,18,30,36,144,108,0,0.49908754,10760.532186,0.00000000,24506.500583,24506.500583,1,1,0,1.137e-13,0.000e+00,-4.541e-14,53746.3677,230760.6703,0,0
2025-07-14,0,30,144,144,0,0,0.54832060,5426.039589,0.01419514,55880.321679,55098.194920,4,0,1,1.137e-13,0.000e+00,0.000e+00,451815.5468,420515.0288,0,0
2025-07-14,6,30,108,144,36,0,0.54832060,9657.931660,0.00217623,38573.261172,38489.499004,2,1,0,0.000e+00,0.000e+00,-9.059e-14,297669.3366,407759.0144,0,0
2025-07-14,12,30,72,144,72,0,0.54832060,7073.675867,0.00600471,37158.954445,36937.157353,2,1,0,0.000e+00,0.000e+00,-9.059e-14,188069.5994,255921.4625,0,0
2025-07-14,18,30,36,144,108,0,0.54832060,10261.129206,0.00042389,23714.255611,23704.207738,1,1,0,0.000e+00,0.000e+00,-9.059e-14,55752.0352,236038.6480,0,0
2025-07-15,0,30,144,144,0,0,0.55759230,2932.803502,0.01286513,61315.048179,60536.241333,4,0,1,1.137e-13,0.000e+00,0.000e+00,558117.7262,439578.2894,0,0
2025-07-15,6,30,108,144,36,0,0.55759230,9986.411514,0.00188791,40993.934736,40916.687715,1,1,0,0.000e+00,0.000e+00,-2.364e-12,282495.7156,406050.9389,0,0
2025-07-15,12,30,72,144,72,0,0.55759230,7481.562611,0.00899433,39423.635112,39072.206870,1,1,0,0.000e+00,0.000e+00,-9.059e-14,172108.9997,247268.7361,0,0
2025-07-15,18,30,36,144,108,0,0.55759230,9944.738651,0.00075603,24938.467306,24919.627419,1,1,0,0.000e+00,0.000e+00,-9.059e-14,56219.0343,234078.4852,0,0
2025-07-16,0,30,144,144,0,0,0.55796053,3424.326157,0.01659605,58842.399034,57881.789722,4,0,1,1.137e-13,0.000e+00,0.000e+00,548927.4393,445985.9988,0,0
2025-07-16,6,30,108,144,36,0,0.55796053,9831.101023,0.00390934,39253.270414,39100.413526,2,1,0,2.487e-14,0.000e+00,-7.248e-13,282188.8473,398451.3679,0,0
2025-07-16,12,30,72,144,72,0,0.55796053,7013.161180,0.01634603,39496.652968,38861.423016,1,1,0,0.000e+00,0.000e+00,-6.750e-14,206558.6230,262985.9661,0,0
2025-07-16,18,30,36,144,108,0,0.55796053,10796.377597,0.00000345,23235.913435,23235.833301,1,1,0,0.000e+00,0.000e+00,-6.750e-14,54861.8428,238406.4157,0,0
2025-07-17,0,30,144,144,0,0,0.56110434,3637.163036,0.02319918,58017.332214,56701.894570,4,0,1,6.395e-14,0.000e+00,0.000e+00,502759.3799,414963.7366,0,0
2025-07-17,6,30,108,144,36,0,0.56110434,9733.616679,0.00727612,42504.435345,42197.402124,1,1,0,0.000e+00,0.000e+00,0.000e+00,279300.6074,403311.7045,0,0
2025-07-17,12,30,72,144,72,0,0.56110434,8014.011891,0.01887991,38576.325783,37861.503849,4,1,0,0.000e+00,0.000e+00,0.000e+00,159377.7759,259981.8125,0,0
2025-07-17,18,30,36,144,108,0,0.56110434,10277.307997,0.00058591,23625.296116,23611.461923,1,1,0,0.000e+00,0.000e+00,0.000e+00,55675.0166,236769.4428,0,0
2025-07-18,0,30,144,144,0,0,0.56802006,3258.657609,0.00331524,27849.513724,27757.490907,3,1,0,0.000e+00,0.000e+00,0.000e+00,423786.4180,333845.0072,0,0
2025-07-18,6,30,108,144,36,0,0.56802006,2269.025000,0.00001558,17283.755818,17283.486576,1,1,0,0.000e+00,0.000e+00,0.000e+00,371224.6152,261766.9595,0,0
2025-07-18,12,30,72,144,72,0,0.56802006,8830.373055,0.00000000,16563.996625,16563.996625,1,1,0,0.000e+00,0.000e+00,0.000e+00,121941.9078,233750.0509,0,0
2025-07-18,18,30,36,144,108,0,0.56802006,10236.603548,0.00142378,12082.602744,12065.424274,1,1,0,0.000e+00,0.000e+00,-8.527e-14,54972.8528,228742.4439,0,0
2025-07-19,0,30,144,144,0,0,0.51804455,2468.421151,0.00351920,27896.752783,27798.922886,2,1,0,1.137e-13,0.000e+00,-8.527e-14,420894.5299,315685.8594,0,0
2025-07-19,6,30,108,144,36,0,0.51804455,2200.282854,0.00000000,16918.394409,16918.394409,1,1,0,0.000e+00,0.000e+00,-8.527e-14,371216.0820,265980.1648,0,0
2025-07-19,12,30,72,144,72,0,0.51804455,10800.000000,0.00000000,16879.220682,16879.220682,1,1,0,0.000e+00,0.000e+00,-1.084e-13,57934.1449,243597.3475,0,0
2025-07-19,18,30,36,144,108,0,0.51804455,10548.593694,0.00061011,12167.853919,12160.434656,1,1,0,0.000e+00,0.000e+00,-8.527e-14,55587.8648,237112.1709,0,0
2025-07-20,0,30,144,144,0,0,0.50554307,3034.818804,0.01650757,57205.089250,56276.107474,4,0,1,1.137e-13,0.000e+00,0.000e+00,552260.3175,439721.3969,0,0
2025-07-20,6,30,108,144,36,0,0.50554307,10151.158156,0.01030196,40669.179025,40254.479182,2,1,0,0.000e+00,0.000e+00,0.000e+00,326351.1395,449673.5470,0,0
2025-07-20,12,30,72,144,72,0,0.50554307,8887.115034,0.00839497,36306.565549,36004.310415,1,1,0,1.137e-13,0.000e+00,-2.132e-14,155820.3773,277875.1535,0,0
2025-07-20,18,30,36,144,108,0,0.50554307,10549.724639,0.00018896,23109.029505,23104.663750,1,1,0,0.000e+00,0.000e+00,0.000e+00,55047.6418,238357.8791,0,0
2025-07-21,0,30,144,144,0,0,0.56457382,4399.915716,0.01589625,59848.345455,58911.867745,4,0,1,1.137e-13,0.000e+00,0.000e+00,519257.3877,448943.0425,0,0
2025-07-21,6,30,108,144,36,0,0.56457382,9674.560430,0.00751930,40962.816476,40657.103481,2,1,0,1.243e-14,0.000e+00,-9.059e-14,315061.1129,422140.7084,0,0
2025-07-21,12,30,72,144,72,0,0.56457382,6769.386732,0.00819370,40707.644721,40376.809099,1,1,0,5.684e-13,0.000e+00,-9.059e-14,215470.5741,264756.4773,0,0
2025-07-21,18,30,36,144,108,0,0.56457382,10398.214910,0.00029392,24129.357740,24122.267672,1,1,0,0.000e+00,0.000e+00,-9.059e-14,55645.2376,237000.8527,0,0
2025-07-22,0,30,144,144,0,0,0.57152236,3309.125532,0.01902756,58925.802414,57825.523620,4,0,1,1.137e-13,0.000e+00,0.000e+00,524579.5315,424241.4157,0,0
2025-07-22,6,30,108,144,36,0,0.57152236,9414.097974,0.00929208,49832.706630,49373.920396,4,1,0,0.000e+00,-7.958e-13,0.000e+00,392822.2314,484672.3625,0,0
2025-07-22,12,30,72,144,72,0,0.57152236,8707.677700,0.00607082,38347.245202,38115.850611,4,0,1,0.000e+00,0.000e+00,0.000e+00,158475.8199,268774.4443,0,0
2025-07-22,18,30,36,144,108,0,0.57152236,10729.007884,0.00007991,23255.276042,23253.417926,1,1,0,0.000e+00,0.000e+00,-2.132e-14,55114.6765,238834.3499,0,0
2025-07-23,0,30,144,144,0,0,0.57063951,3337.385048,0.01652467,66854.576503,65767.785753,4,0,1,1.137e-13,0.000e+00,0.000e+00,599002.1826,485901.2617,0,0
2025-07-23,6,30,108,144,36,0,0.57063951,10079.673214,0.00766318,44447.067103,44109.051382,3,1,0,1.137e-13,-6.253e-13,0.000e+00,304245.4648,425503.1613,0,0
2025-07-23,12,30,72,144,72,0,0.57063951,6719.888775,0.00862125,41765.713990,41408.719181,1,1,0,0.000e+00,0.000e+00,-4.619e-14,217684.3564,264973.5169,0,0
2025-07-23,18,30,36,144,108,0,0.57063951,10675.312531,0.00013145,23810.033503,23806.904070,1,1,0,0.000e+00,0.000e+00,0.000e+00,54948.6808,238839.6029,0,0
2025-07-24,0,30,144,144,0,0,0.57321754,3520.371120,0.01464996,65938.929024,64986.873627,4,0,1,9.948e-13,0.000e+00,0.000e+00,572388.1256,469175.0163,0,0
2025-07-24,6,30,108,144,36,0,0.57321754,9772.512560,0.00666670,45118.204516,44819.406882,3,1,0,0.000e+00,0.000e+00,-4.547e-13,304605.7703,417493.4437,0,0
2025-07-24,12,30,72,144,72,0,0.57321754,8744.968661,0.00444159,42202.250265,42015.634242,2,1,0,0.000e+00,0.000e+00,0.000e+00,164927.1937,275407.4943,0,0
2025-07-24,18,30,36,144,108,0,0.57321754,10574.934876,0.00021598,24204.337149,24199.110651,1,1,0,0.000e+00,0.000e+00,0.000e+00,55590.8852,238930.3571,0,0
2025-07-25,0,30,144,144,0,0,0.57955424,4021.757228,0.00040538,28043.738076,28032.374375,3,1,0,1.137e-13,0.000e+00,-1.251e-12,402670.3232,345323.0714,0,0
2025-07-25,6,30,108,144,36,0,0.57955424,2428.651564,0.00006197,18043.487818,18042.369654,1,1,0,0.000e+00,0.000e+00,0.000e+00,370526.5296,277681.0025,0,0
2025-07-25,12,30,72,144,72,0,0.57955424,10800.000000,-0.00000000,17679.374118,17679.374118,1,1,0,0.000e+00,0.000e+00,0.000e+00,55772.4341,244614.8173,0,0
2025-07-25,18,30,36,144,108,0,0.57955424,10575.239212,0.00075539,12694.990579,12685.408174,1,1,0,0.000e+00,0.000e+00,-2.132e-14,55061.3495,236921.6238,0,0
2025-07-26,0,30,144,144,0,0,0.53080323,3642.365750,0.00202145,25157.162035,25106.410576,2,1,0,0.000e+00,0.000e+00,-4.530e-14,416238.6756,345647.7350,0,0
2025-07-26,6,30,108,144,36,0,0.53080323,2682.473505,0.00001685,16001.267897,16000.998318,1,1,0,1.137e-13,0.000e+00,-4.530e-14,369319.0063,285182.9172,0,0
2025-07-26,12,30,72,144,72,0,0.53080323,10800.000000,0.00000000,15698.644214,15698.644214,1,1,0,1.137e-13,0.000e+00,-4.530e-14,56229.2863,252660.6965,0,0
2025-07-26,18,30,36,144,108,0,0.53080323,10117.493413,0.00205301,12550.590170,12524.876528,1,1,0,1.137e-13,0.000e+00,-2.132e-14,55945.9028,237099.5204,0,0
2025-07-27,0,30,144,144,0,0,0.52148845,2794.252656,0.01711856,54077.869273,53167.714513,4,1,0,2.018e-12,-1.990e-12,8.072e-12,561876.3480,442591.5223,0,0
2025-07-27,6,30,108,144,36,0,0.52148845,9858.503754,0.00816586,37787.161461,37481.096261,2,1,0,1.137e-13,0.000e+00,0.000e+00,297044.0629,421819.6612,0,0
2025-07-27,12,30,72,144,72,0,0.52148845,9060.840757,0.00830054,34108.561053,33827.772303,1,1,0,0.000e+00,0.000e+00,-5.755e-12,127076.5727,262941.5714,0,0
2025-07-27,18,30,36,144,108,0,0.52148845,10025.682926,0.00092178,23177.112536,23155.768091,2,1,0,0.000e+00,0.000e+00,0.000e+00,58271.5868,236752.1492,0,0
2025-07-28,0,30,144,144,0,0,0.57609920,2934.504044,0.01336707,61387.769058,60578.018249,4,0,1,2.654e-12,0.000e+00,0.000e+00,595249.5627,473502.9384,0,0
2025-07-28,6,30,108,144,36,0,0.57609920,10078.609184,0.00908136,44252.608514,43854.351557,3,1,0,1.137e-13,0.000e+00,-1.137e-13,340460.0526,465212.0904,0,0
2025-07-28,12,30,72,144,72,0,0.57609920,6385.496050,0.01150203,40703.151718,40240.306496,1,1,0,1.137e-13,0.000e+00,0.000e+00,234407.8939,276752.2448,0,0
2025-07-28,18,30,36,144,108,0,0.57609920,9974.955641,0.00135820,24540.423271,24507.137786,2,1,0,1.137e-13,0.000e+00,0.000e+00,61598.2007,238333.6601,0,0
2025-07-29,0,30,144,144,0,0,0.58076111,2639.594121,0.01750511,60487.166260,59446.547950,4,0,1,1.137e-13,0.000e+00,0.000e+00,557347.7826,434374.0724,0,0
2025-07-29,6,30,108,144,36,0,0.58076111,9967.467059,0.01122466,45839.724043,45330.900203,4,0,1,0.000e+00,0.000e+00,0.000e+00,373552.9196,484094.6818,0,0
2025-07-29,12,30,72,144,72,0,0.58076111,8270.460539,0.00796534,39343.146920,39032.241820,1,1,0,0.000e+00,0.000e+00,0.000e+00,163833.8945,265424.1540,0,0
2025-07-29,18,30,36,144,108,0,0.58076111,10688.335042,0.00017636,22798.317527,22794.297519,1,1,0,0.000e+00,0.000e+00,-2.132e-14,55802.7258,241379.2025,0,0
2025-07-30,0,30,144,144,0,0,0.58158110,3275.302321,0.01721264,55651.127990,54709.433968,4,1,0,1.137e-13,0.000e+00,-2.132e-14,538261.3049,435828.6551,0,0
2025-07-30,6,30,108,144,36,0,0.58158110,9799.067867,0.00955331,44903.105918,44478.192170,2,1,0,1.137e-13,-6.253e-13,-1.876e-12,353076.6946,466231.4853,0,0
2025-07-30,12,30,72,144,72,0,0.58158110,7389.091468,0.01959279,40686.104185,39904.268145,2,1,0,0.000e+00,0.000e+00,0.000e+00,195253.1797,272644.1803,0,0
2025-07-30,18,30,36,144,108,0,0.58158110,10348.835911,0.00062861,24262.515804,24247.273767,1,1,0,1.137e-13,0.000e+00,0.000e+00,55644.5610,239388.1844,0,0
2025-07-31,0,30,144,144,0,0,0.58385526,3334.972538,0.01796623,58919.805898,57879.921880,4,0,1,1.137e-13,0.000e+00,0.000e+00,530446.2100,432735.5358,0,0
2025-07-31,6,30,108,144,36,0,0.58385526,9884.365194,0.01335351,42731.989840,42168.887313,1,1,0,3.411e-13,0.000e+00,2.707e-12,331854.6505,450642.8626,0,0
2025-07-31,12,30,72,144,72,0,0.58385526,7523.134092,0.01361152,40139.302771,39600.282916,2,1,0,0.000e+00,0.000e+00,-2.132e-14,189145.2800,271152.2737,0,0
2025-07-31,18,30,36,144,108,0,0.58385526,10164.819655,0.00141118,24034.725844,24000.856203,1,1,0,0.000e+00,-2.274e-13,-2.132e-14,57416.8658,240136.7079,0,0
2025-08-01,0,30,144,144,0,0,0.58744910,3121.958545,0.00008206,27535.786107,27533.526601,2,1,0,1.137e-13,-1.137e-13,0.000e+00,389986.1356,334124.7036,0,0
2025-08-01,6,30,108,144,36,0,0.58744910,2210.401389,0.00000000,17032.479050,17032.479050,1,1,0,0.000e+00,0.000e+00,0.000e+00,348142.6450,273527.4771,0,0
2025-08-01,12,30,72,144,72,0,0.58744910,10800.000000,0.00000000,16832.594392,16832.594392,1,1,0,0.000e+00,0.000e+00,0.000e+00,32446.3140,247857.5860,0,0
2025-08-01,18,30,36,144,108,0,0.58744910,10563.035151,0.00014124,11832.540994,11830.869976,1,1,0,0.000e+00,0.000e+00,0.000e+00,31320.9258,243987.5971,0,0
2025-08-02,0,30,144,144,0,0,0.54282280,2813.358527,0.00211196,26222.406402,26167.142541,3,1,0,1.137e-13,0.000e+00,-1.137e-13,396460.9291,328009.9595,0,0
2025-08-02,6,30,108,144,36,0,0.54282280,3267.726123,0.00000000,15627.417462,15627.417462,1,1,0,5.969e-13,0.000e+00,-1.137e-13,323120.8836,278631.5463,0,0
2025-08-02,12,30,72,144,72,0,0.54282280,10800.000000,0.00000000,15730.726637,15730.726637,1,1,0,0.000e+00,0.000e+00,-1.137e-13,33843.5056,246273.1122,0,0
2025-08-02,18,30,36,144,108,0,0.54282280,10684.639337,-0.00000000,11442.963757,11442.963757,1,1,0,0.000e+00,0.000e+00,-1.137e-13,32418.0356,241633.2394,0,0
2025-08-03,0,30,144,144,0,0,0.52358378,2733.821058,0.01054385,44235.226059,43773.683002,2,1,0,1.137e-13,0.000e+00,-6.821e-13,483780.9193,393301.7792,0,0
2025-08-03,6,30,108,144,36,0,0.52358378,6501.435317,0.02238224,31961.833406,31262.117139,2,1,0,0.000e+00,0.000e+00,0.000e+00,324312.5072,368661.1101,0,0
2025-08-03,12,30,72,144,72,0,0.52358378,5610.745500,0.00687145,29711.695183,29508.925935,2,1,0,0.000e+00,0.000e+00,0.000e+00,215469.1081,251338.4443,0,0
2025-08-03,18,30,36,144,108,0,0.52358378,10546.951958,0.00015644,21092.233990,21088.934838,1,1,0,0.000e+00,0.000e+00,0.000e+00,43282.4174,248031.5090,0,0
2025-08-04,0,30,144,144,0,0,0.56796110,1741.738591,0.01019549,53873.939595,53330.211985,4,0,1,5.684e-13,0.000e+00,0.000e+00,555536.9868,422669.9007,0,0
2025-08-04,6,30,108,144,36,0,0.56796110,8597.655583,0.01953571,38237.597096,37504.911881,1,1,0,0.000e+00,0.000e+00,-4.093e-13,287576.9271,392296.3247,0,0
2025-08-04,12,30,72,144,72,0,0.56796110,6965.192000,0.00627600,35014.162963,34795.784632,2,1,0,0.000e+00,0.000e+00,0.000e+00,170774.8010,248832.4854,0,0
2025-08-04,18,30,36,144,108,0,0.56796110,10327.437424,0.00000958,23301.126986,23300.903739,1,1,0,0.000e+00,0.000e+00,0.000e+00,43476.3766,244091.4653,0,0
2025-08-05,0,30,144,144,0,0,0.57024806,2519.838894,0.00909363,52542.606115,52069.108758,2,1,0,4.547e-13,0.000e+00,-8.100e-13,524324.0546,430224.6770,0,0
2025-08-05,6,30,108,144,36,0,0.57024806,8857.645353,0.01812313,37827.310895,37153.964812,4,0,1,0.000e+00,-1.023e-12,0.000e+00,283209.0880,408352.7556,0,0
2025-08-05,12,30,72,144,72,0,0.57024806,6483.348854,0.01227351,35052.515465,34627.514387,1,1,0,0.000e+00,0.000e+00,-8.527e-14,174070.1080,251466.5213,0,0
2025-08-05,18,30,36,144,108,0,0.57024806,10629.696286,0.00000000,22542.920529,22542.920529,1,1,0,0.000e+00,0.000e+00,-8.527e-14,28505.3850,246102.2544,0,0
2025-08-06,0,30,144,144,0,0,0.56793233,2488.243975,0.00970534,56315.322019,55774.016490,2,1,0,6.821e-13,0.000e+00,3.322e-12,573463.7156,458057.0226,0,0
2025-08-06,6,30,108,144,36,0,0.56793233,7000.518572,0.01254103,39224.091771,38738.273957,2,1,0,1.137e-13,0.000e+00,3.411e-13,370502.2243,414721.7225,0,0
2025-08-06,12,30,72,144,72,0,0.56793233,5385.237878,0.00803734,38415.431395,38109.135346,2,1,0,1.137e-13,0.000e+00,0.000e+00,258194.0832,278502.6041,0,0
2025-08-06,18,30,36,144,108,0,0.56793233,10633.709650,0.00000000,22387.130136,22387.130136,1,1,0,0.000e+00,0.000e+00,0.000e+00,42253.6399,245986.5364,0,0
2025-08-07,0,30,144,144,0,0,0.56754162,2692.219704,0.01001740,55831.213006,55277.476384,4,0,1,1.137e-13,-1.228e-12,0.000e+00,569120.2924,461285.9283,0,0
2025-08-07,6,30,108,144,36,0,0.56754162,9549.671027,0.01372675,37329.586210,36824.110736,3,1,0,2.487e-14,0.000e+00,0.000e+00,270699.4344,406705.7733,0,0
2025-08-07,12,30,72,144,72,0,0.56754162,8438.554311,0.00102701,34201.983657,34166.893879,1,1,0,0.000e+00,0.000e+00,-1.137e-13,131822.7867,264920.2731,0,0
2025-08-07,18,30,36,144,108,0,0.56754162,10656.340005,0.00000000,21719.809088,21719.809088,1,1,0,0.000e+00,0.000e+00,0.000e+00,41533.8308,246849.6108,0,0
2025-08-08,0,30,144,144,0,0,0.56798450,2684.123691,0.00027044,26389.958895,26382.823953,2,1,0,0.000e+00,0.000e+00,-2.953e-13,399571.1408,333251.7370,0,0
2025-08-08,6,30,108,144,36,0,0.56798450,3635.666333,-0.00000000,16050.776299,16050.776299,1,1,0,0.000e+00,0.000e+00,0.000e+00,316036.4983,291691.7974,0,0
2025-08-08,12,30,72,144,72,0,0.56798450,10800.000000,0.00000000,15814.841519,15814.841519,1,1,0,0.000e+00,0.000e+00,-4.530e-14,30855.4108,252120.9548,0,0
2025-08-08,18,30,36,144,108,0,0.56798450,10610.749157,0.00000000,12057.378177,12057.378177,1,1,0,0.000e+00,0.000e+00,-4.530e-14,29359.9999,246523.3466,0,0
2025-08-09,0,30,144,144,0,0,0.52207064,2697.992899,0.00006565,23718.810646,23717.253643,2,1,0,1.137e-13,0.000e+00,-8.793e-14,399811.7223,333039.4958,0,0
2025-08-09,6,30,108,144,36,0,0.52207064,3094.325863,-0.00000000,14340.772070,14340.772070,1,1,0,0.000e+00,0.000e+00,-4.405e-13,329708.4460,284735.3964,0,0
2025-08-09,12,30,72,144,72,0,0.52207064,10800.000000,-0.00000000,14407.066562,14407.066562,1,1,0,0.000e+00,0.000e+00,-8.793e-14,31190.9043,250909.0632,0,0
2025-08-09,18,30,36,144,108,0,0.52207064,10695.343603,0.00000000,10732.781184,10732.781184,1,1,0,0.000e+00,0.000e+00,-4.530e-14,29546.1056,246202.4214,0,0
2025-08-10,0,30,144,144,0,0,0.49970036,1947.068148,0.01103248,45266.170323,44772.221630,3,1,0,5.684e-14,-4.479e-12,-3.354e-12,497887.8125,395399.0841,0,0
2025-08-10,6,30,108,144,36,0,0.49970036,6569.217627,0.01471013,30809.784739,30363.139008,2,1,0,0.000e+00,0.000e+00,0.000e+00,323782.2763,378589.4510,0,0
2025-08-10,12,30,72,144,72,0,0.49970036,5555.136465,0.01209027,31027.333764,30656.686121,2,1,0,0.000e+00,0.000e+00,0.000e+00,198036.5396,247666.8500,0,0
2025-08-10,18,30,36,144,108,0,0.49970036,10125.690712,0.00000000,20771.545994,20771.545994,1,1,0,0.000e+00,-2.274e-13,0.000e+00,27953.6376,241727.8207,0,0
2025-08-11,0,30,144,144,0,0,0.55980770,1521.601639,0.01295334,51685.773734,51024.831914,4,1,0,1.819e-12,-2.046e-13,0.000e+00,561230.9479,434704.4987,0,0
2025-08-11,6,30,108,144,36,0,0.55980770,9982.505206,0.02022906,35413.475213,34711.298181,1,1,0,0.000e+00,0.000e+00,0.000e+00,247832.4399,411584.4112,0,0
2025-08-11,12,30,72,144,72,0,0.55980770,8447.479970,0.00385653,33030.518083,32903.624345,1,1,0,7.105e-15,0.000e+00,0.000e+00,110686.0491,259296.6214,0,0
2025-08-11,18,30,36,144,108,0,0.55980770,10523.462568,0.00000299,22138.729191,22138.663097,1,1,0,2.274e-13,0.000e+00,0.000e+00,28100.8352,247294.8234,0,0
2025-08-12,0,30,144,144,0,0,0.55672401,1897.194526,0.00612426,54149.390546,53819.784012,3,1,0,4.320e-12,0.000e+00,0.000e+00,553134.4809,437470.4405,0,0
2025-08-12,6,30,108,144,36,0,0.55672401,9186.262940,0.00935440,37804.107490,37453.749989,2,1,0,0.000e+00,0.000e+00,0.000e+00,287588.5468,421044.1022,0,0
2025-08-12,12,30,72,144,72,0,0.55672401,8245.998296,0.00267948,34954.724730,34861.314500,1,1,0,0.000e+00,0.000e+00,-1.933e-12,131670.1554,267486.6529,0,0
2025-08-12,18,30,36,144,108,0,0.55672401,10501.710550,0.00000000,22466.977666,22466.977666,1,1,0,0.000e+00,0.000e+00,0.000e+00,29219.9600,247736.1409,0,0
2025-08-13,0,30,144,144,0,0,0.55762026,1912.050053,0.00810053,50619.632232,50212.881301,4,0,1,1.137e-13,0.000e+00,0.000e+00,544509.0857,432650.0093,0,0
2025-08-13,6,30,108,144,36,0,0.55762026,9069.451494,0.02460023,35406.551638,34556.455043,2,1,0,0.000e+00,0.000e+00,0.000e+00,248766.2533,388167.6824,0,0
2025-08-13,12,30,72,144,72,0,0.55762026,6532.160377,0.01848539,34698.788953,34069.009933,1,1,0,2.274e-13,0.000e+00,2.274e-13,166696.0774,253916.0851,0,0
2025-08-13,18,30,36,144,108,0,0.55762026,10448.566104,0.00004895,22168.062458,22166.977457,1,1,0,0.000e+00,0.000e+00,0.000e+00,28238.2750,248496.5154,0,0
2025-08-14,0,30,144,144,0,0,0.55563448,2354.677766,0.00513584,51969.628593,51704.084496,4,0,1,4.796e-13,0.000e+00,0.000e+00,569152.9780,464731.1053,0,0
2025-08-14,6,30,108,144,36,0,0.55563448,9697.099036,0.02486547,38351.940051,37421.438525,3,1,0,0.000e+00,0.000e+00,0.000e+00,297062.6322,443784.4767,0,0
2025-08-14,12,30,72,144,72,0,0.55563448,6972.022051,0.01217734,34725.740469,34307.960676,2,1,0,0.000e+00,0.000e+00,0.000e+00,153432.1176,250691.3753,0,0
2025-08-14,18,30,36,144,108,0,0.55563448,10630.239757,0.00000000,22064.580134,22064.580134,1,1,0,0.000e+00,0.000e+00,0.000e+00,27511.4500,248737.2296,0,0
2025-08-15,0,30,144,144,0,0,0.55777151,2251.405902,0.00020701,27053.861775,27048.262530,3,1,0,1.137e-13,-5.230e-13,-2.558e-13,400404.1974,325551.1782,0,0
2025-08-15,6,30,108,144,36,0,0.55777151,2918.533578,0.00000000,16436.473307,16436.473307,1,1,0,0.000e+00,0.000e+00,0.000e+00,341401.5594,293465.3155,0,0
2025-08-15,12,30,72,144,72,0,0.55777151,10800.000000,-0.00000000,16037.060031,16037.060031,1,1,0,0.000e+00,0.000e+00,-3.624e-13,28308.8430,252211.9173,0,0
2025-08-15,18,30,36,144,108,0,0.55777151,10668.536983,0.00000000,11301.124106,11301.124106,1,1,0,0.000e+00,0.000e+00,0.000e+00,25926.5318,248036.4166,0,0
2025-08-16,0,30,144,144,0,0,0.51007347,2572.083230,0.00016985,24948.612839,24944.376128,2,1,0,6.821e-13,-8.527e-13,-1.137e-13,378036.7915,313631.3215,0,0
2025-08-16,6,30,108,144,36,0,0.51007347,2126.975819,0.00000000,15398.565111,15398.565111,1,1,0,0.000e+00,0.000e+00,0.000e+00,343771.2664,271190.7851,0,0
2025-08-16,12,30,72,144,72,0,0.51007347,10800.000000,0.00000000,14764.397660,14764.397660,1,1,0,0.000e+00,-1.705e-12,0.000e+00,28683.6657,249665.1437,0,0
2025-08-16,18,30,36,144,108,0,0.51007347,10693.214831,0.00000000,10844.760992,10844.760992,1,1,0,0.000e+00,0.000e+00,0.000e+00,26616.6923,245109.9800,0,0
2025-08-17,0,30,144,144,0,0,0.49144566,1971.558448,0.00471349,46226.574877,46009.708404,4,1,0,1.137e-13,0.000e+00,-1.110e-13,585460.4346,467168.0525,0,0
2025-08-17,6,30,108,144,36,0,0.49144566,9826.626487,0.01554704,30684.338561,30214.590985,3,1,0,0.000e+00,0.000e+00,0.000e+00,262026.9480,417335.6097,0,0
2025-08-17,12,30,72,144,72,0,0.49144566,9625.303272,0.00030808,29693.063242,29683.918125,1,1,0,0.000e+00,0.000e+00,0.000e+00,70505.5998,259332.6038,0,0
2025-08-17,18,30,36,144,108,0,0.49144566,10510.345768,0.00000000,20457.423096,20457.423096,1,1,0,0.000e+00,0.000e+00,0.000e+00,27922.2429,248737.2514,0,0
2025-08-18,0,30,144,144,0,0,0.54753111,1578.404979,0.00516229,51798.639013,51532.612747,2,1,0,2.558e-13,0.000e+00,6.963e-13,595846.1111,468622.3191,0,0
2025-08-18,6,30,108,144,36,0,0.54753111,9552.436400,0.01791634,35105.494734,34487.602944,2,1,0,0.000e+00,0.000e+00,-7.105e-14,282038.0281,428689.4648,0,0
2025-08-18,12,30,72,144,72,0,0.54753111,8193.462852,0.00032740,32702.577713,32691.874540,1,1,0,0.000e+00,0.000e+00,0.000e+00,114884.3514,256321.6872,0,0
2025-08-18,18,30,36,144,108,0,0.54753111,10616.531900,0.00000000,22061.537321,22061.537321,1,1,0,0.000e+00,0.000e+00,-7.105e-14,24386.1955,249912.4796,0,0
2025-08-19,0,30,144,144,0,0,0.55107292,1904.760015,0.00560908,51363.915390,51077.418289,2,1,0,0.000e+00,0.000e+00,-8.527e-14,555275.6623,444051.3323,0,0
2025-08-19,6,30,108,144,36,0,0.55107292,8605.604484,0.00441706,33716.389389,33568.117138,2,1,0,0.000e+00,0.000e+00,-8.527e-14,277062.0765,398316.0937,0,0
2025-08-19,12,30,72,144,72,0,0.55107292,7524.216506,0.00508116,33833.479815,33662.435731,1,1,0,0.000e+00,0.000e+00,0.000e+00,139152.6118,257895.9800,0,0
2025-08-19,18,30,36,144,108,0,0.55107292,10641.669419,0.00000000,21845.244722,21845.244722,1,1,0,0.000e+00,0.000e+00,-8.527e-14,24328.9473,249377.8644,0,0
2025-08-20,0,30,144,144,0,0,0.54751295,1834.598302,0.00436160,54994.652533,54755.829607,2,1,0,3.411e-13,-1.137e-13,-7.105e-14,620742.9635,494225.8617,0,0
2025-08-20,6,30,108,144,36,0,0.54751295,10048.398974,0.00341716,36800.596835,36675.271605,1,1,0,0.000e+00,0.000e+00,-3.823e-12,328922.7259,481500.4073,0,0
2025-08-20,12,30,72,144,72,0,0.54751295,7115.474228,0.00439859,34160.144684,34010.546209,1,1,0,0.000e+00,0.000e+00,0.000e+00,151847.0152,257382.9159,0,0
2025-08-20,18,30,36,144,108,0,0.54751295,10031.670259,0.00000000,23729.105125,23729.105125,1,1,0,0.000e+00,0.000e+00,-7.105e-14,25502.4407,238753.4336,0,0
2025-08-21,0,30,144,144,0,0,0.55200332,1894.596814,0.00489846,53133.732192,52874.727623,3,1,0,1.137e-13,0.000e+00,-4.263e-14,584883.6834,466228.5882,0,0
2025-08-21,6,30,108,144,36,0,0.55200332,9734.903032,0.00570129,34798.885816,34601.612027,4,1,0,0.000e+00,0.000e+00,-4.263e-14,266209.5663,421947.8064,0,0
2025-08-21,12,30,72,144,72,0,0.55200332,8023.505577,0.00143332,33657.372479,33609.199581,1,1,0,0.000e+00,0.000e+00,-1.581e-13,126910.1029,259973.6581,0,0
2025-08-21,18,30,36,144,108,0,0.55200332,10585.917688,0.00000000,21685.436010,21685.436010,1,1,0,0.000e+00,0.000e+00,-4.263e-14,24428.8132,248225.7547,0,0
2025-08-22,0,30,144,144,0,0,0.55176744,2032.996523,0.00024229,26068.273517,26061.958854,3,1,0,0.000e+00,-8.527e-13,-4.263e-14,384159.1762,307446.9315,0,0
2025-08-22,6,30,108,144,36,0,0.55176744,2276.447222,0.00000000,15833.118346,15833.118346,1,1,0,1.705e-13,0.000e+00,-4.263e-14,341272.3561,277740.2252,0,0
2025-08-22,12,30,72,144,72,0,0.55176744,10800.000000,0.00000000,15401.119445,15401.119445,1,1,0,1.243e-14,0.000e+00,-4.263e-14,26014.9670,251941.6424,0,0
2025-08-22,18,30,36,144,108,0,0.55176744,10329.706468,0.00000000,11400.350575,11400.350575,1,1,0,0.000e+00,0.000e+00,-4.263e-14,24332.2516,245075.1837,0,0
2025-08-23,0,30,144,144,0,0,0.50956433,1836.510139,0.00133959,24019.553813,23987.420419,1,1,0,1.563e-13,-1.432e-12,-4.263e-14,409828.6650,323306.0638,0,0
2025-08-23,6,30,108,144,36,0,0.50956433,3775.268265,-0.00000000,14799.236565,14799.236565,1,1,0,5.684e-14,0.000e+00,-4.263e-14,305955.3195,293704.0922,0,0
2025-08-23,12,30,72,144,72,0,0.50956433,10800.000000,-0.00000000,14631.919969,14631.919969,1,1,0,0.000e+00,-2.217e-12,-4.263e-14,25683.5581,257110.6579,0,0
2025-08-23,18,30,36,144,108,0,0.50956433,10426.105280,0.00000000,11122.394951,11122.394951,1,1,0,0.000e+00,0.000e+00,-4.263e-14,24560.2419,246519.7398,0,0
2025-08-24,0,30,144,144,0,0,0.49223998,1915.989069,0.00512229,46020.304817,45785.776734,2,1,0,1.137e-13,0.000e+00,0.000e+00,589297.1245,457345.0068,0,0
2025-08-24,6,30,108,144,36,0,0.49223998,9010.096791,0.00046686,29732.160356,29718.286138,3,1,0,2.274e-13,0.000e+00,0.000e+00,334237.7239,441704.2756,0,0
2025-08-24,12,30,72,144,72,0,0.49223998,7232.038475,0.00466205,30760.026077,30617.286785,1,1,0,0.000e+00,0.000e+00,0.000e+00,176091.3565,265975.7063,0,0
2025-08-24,18,30,36,144,108,0,0.49223998,10637.645732,-0.00000000,20483.431490,20483.431490,1,1,0,0.000e+00,0.000e+00,0.000e+00,39586.9994,247532.3997,0,0
2025-08-25,0,30,144,144,0,0,0.54549083,2491.628498,0.00776070,62808.429798,62324.746141,4,1,0,1.137e-13,0.000e+00,0.000e+00,632543.7276,508521.7861,0,0
2025-08-25,6,30,108,144,36,0,0.54549083,10009.789716,0.00501962,41767.944663,41559.332719,4,0,1,1.137e-13,0.000e+00,0.000e+00,310918.3705,450921.6247,0,0
2025-08-25,12,30,72,144,72,0,0.54549083,8282.843403,0.00126353,38441.860781,38393.349534,1,1,0,0.000e+00,0.000e+00,-1.137e-12,149546.7081,272998.2265,0,0
2025-08-25,18,30,36,144,108,0,0.54549083,10494.764593,0.00000000,21694.289304,21694.289304,1,1,0,0.000e+00,0.000e+00,0.000e+00,39346.2278,247839.1917,0,0
2025-08-26,0,30,144,144,0,0,0.55083402,2566.550717,0.00635033,51942.475752,51614.705415,2,1,0,1.137e-13,0.000e+00,0.000e+00,590217.0439,478562.4884,0,0
2025-08-26,6,30,108,144,36,0,0.55083402,9456.281641,0.02314548,36653.251238,35824.085625,4,0,1,0.000e+00,0.000e+00,0.000e+00,324737.9228,450105.0729,0,0
2025-08-26,12,30,72,144,72,0,0.55083402,6920.657759,0.00868271,34589.335301,34291.591286,2,1,0,0.000e+00,0.000e+00,0.000e+00,172986.0442,256612.6073,0,0
2025-08-26,18,30,36,144,108,0,0.55083402,10696.056434,0.00000000,21794.246022,21794.246022,1,1,0,0.000e+00,0.000e+00,0.000e+00,39139.3335,250251.7302,0,0
2025-08-27,0,30,144,144,0,0,0.54358410,2768.069768,0.00684433,51380.326926,51031.053413,2,1,0,0.000e+00,-4.547e-13,-4.263e-14,574457.2304,483260.7492,0,0
2025-08-27,6,30,108,144,36,0,0.54358410,9996.889671,0.02379251,40664.194453,39719.175689,4,0,1,0.000e+00,0.000e+00,0.000e+00,284568.6519,444649.2507,0,0
2025-08-27,12,30,72,144,72,0,0.54358410,9247.543626,0.00286656,33943.115775,33846.094009,2,1,0,0.000e+00,0.000e+00,-4.263e-14,93765.2944,269898.0523,0,0
2025-08-27,18,30,36,144,108,0,0.54358410,10523.210234,0.00000253,21020.770734,21020.717507,1,1,0,0.000e+00,0.000e+00,-2.700e-13,24923.2786,249706.3159,0,0
2025-08-28,0,30,144,144,0,0,0.54358074,1824.634767,0.00666563,50172.650310,49840.432272,2,1,0,1.137e-13,0.000e+00,0.000e+00,588700.9081,458373.7973,0,0
2025-08-28,6,30,108,144,36,0,0.54358074,9611.230839,0.02568900,39900.217426,38900.892355,4,0,1,1.137e-13,0.000e+00,0.000e+00,305509.5723,440874.7488,0,0
2025-08-28,12,30,72,144,72,0,0.54358074,5846.450985,0.01419880,35971.899463,35468.292163,3,1,0,0.000e+00,0.000e+00,0.000e+00,208330.9788,261726.4547,0,0
2025-08-28,18,30,36,144,108,0,0.54358074,10406.554230,0.00000000,21518.391934,21518.391934,1,1,0,0.000e+00,-1.364e-12,-1.137e-13,39062.8916,247929.3258,0,0
2025-08-29,0,30,144,144,0,0,0.55088830,2278.853250,0.00114122,27610.149156,27578.675935,1,1,0,0.000e+00,0.000e+00,-7.034e-13,426146.1164,336635.6611,0,0
2025-08-29,6,30,108,144,36,0,0.55088830,4468.065372,0.00000000,16234.839376,16234.839376,1,1,0,0.000e+00,-4.093e-13,0.000e+00,329285.4248,314632.0712,0,0
2025-08-29,12,30,72,144,72,0,0.55088830,10800.000000,0.00000000,16352.701916,16352.701916,1,1,0,3.553e-15,0.000e+00,-2.132e-14,39733.7285,250957.3866,0,0
2025-08-29,18,30,36,144,108,0,0.55088830,10572.168408,0.00000000,11342.432251,11342.432251,1,1,0,0.000e+00,0.000e+00,0.000e+00,37786.1944,247024.9460,0,0
2025-08-30,0,30,144,144,0,0,0.50216061,2687.704418,0.00165922,23627.071356,23587.933731,2,1,0,2.526e-14,-1.137e-13,-6.324e-13,390696.5837,329588.1894,0,0
2025-08-30,6,30,108,144,36,0,0.50216061,2814.934622,0.00000000,14623.541860,14623.541860,1,1,0,0.000e+00,0.000e+00,0.000e+00,338267.1681,290173.3427,0,0
2025-08-30,12,30,72,144,72,0,0.50216061,10800.000000,0.00000000,14207.124514,14207.124514,1,1,0,0.000e+00,0.000e+00,0.000e+00,24784.8628,250134.2774,0,0
2025-08-30,18,30,36,144,108,0,0.50216061,10488.554177,0.00000000,10523.536031,10523.536031,1,1,0,0.000e+00,0.000e+00,0.000e+00,23176.8832,245990.1207,0,0
2025-08-31,0,30,144,144,0,0,0.48368899,1437.125801,0.00731835,45143.218671,44815.244851,3,1,0,7.958e-13,0.000e+00,2.387e-12,552809.2101,430819.3549,0,0
2025-08-31,6,30,108,144,36,0,0.48368899,7793.123323,0.03695501,33960.414712,32750.133065,4,0,1,0.000e+00,0.000e+00,0.000e+00,303897.0956,401878.9643,0,0
2025-08-31,12,30,72,144,72,0,0.48368899,5863.756446,0.00578937,31335.692180,31155.322447,1,1,0,0.000e+00,0.000e+00,0.000e+00,196441.8468,260908.2359,0,0
2025-08-31,18,30,36,144,108,0,0.48368899,10632.427218,0.00000000,20146.281665,20146.281665,1,1,0,0.000e+00,0.000e+00,0.000e+00,23863.8741,251227.0615,0,0
2025-09-01,0,30,144,144,0,0,0.53708283,2083.849712,0.00660917,54223.353082,53867.334508,2,1,0,0.000e+00,0.000e+00,-1.895e-12,587891.2650,477408.8610,0,0
2025-09-01,6,30,108,144,36,0,0.53708283,10089.165403,0.00324126,35088.946463,34975.581521,4,0,1,1.194e-12,0.000e+00,0.000e+00,274506.6070,437962.7736,0,0
2025-09-01,12,30,72,144,72,0,0.53708283,9537.011779,0.00035935,33483.157492,33471.129535,1,1,0,2.842e-14,0.000e+00,-1.842e-12,74500.8547,261615.1653,0,0
2025-09-01,18,30,36,144,108,0,0.53708283,10800.000000,0.00000000,20020.746877,20020.746877,1,1,0,0.000e+00,0.000e+00,-1.884e-12,23141.7245,252922.0208,0,0
2025-09-02,0,30,144,144,0,0,0.51580337,5923.154178,0.00483399,37041.080577,36862.885905,2,1,0,7.958e-13,0.000e+00,3.183e-12,436039.1554,453045.1175,0,0
2025-09-02,6,30,108,144,36,0,0.51580337,8963.459393,0.02868410,28429.881157,27637.134793,4,0,1,0.000e+00,0.000e+00,0.000e+00,274301.0836,406082.2207,0,0
2025-09-02,12,30,72,144,72,0,0.51580337,6769.515156,0.00137624,24896.944108,24862.727023,1,1,0,0.000e+00,0.000e+00,0.000e+00,169351.5300,261062.8769,0,0
2025-09-02,18,30,36,144,108,0,0.51580337,10346.246401,0.00000000,16866.432375,16866.432375,1,1,0,2.274e-13,0.000e+00,0.000e+00,29700.6278,245601.0242,0,0
2025-09-03,0,30,144,144,0,0,0.51230125,2902.440278,0.00830621,40219.961460,39888.637884,3,1,0,7.958e-13,-2.319e-12,0.000e+00,495788.9169,424151.6061,0,0
2025-09-03,6,30,108,144,36,0,0.51230125,8088.786062,0.00848243,27172.020899,26943.474651,2,1,0,0.000e+00,0.000e+00,0.000e+00,285323.6296,393677.3085,0,0
2025-09-03,12,30,72,144,72,0,0.51230125,6814.447718,0.00250559,26292.589772,26226.875937,1,1,0,0.000e+00,0.000e+00,0.000e+00,163696.1429,260659.7781,0,0
2025-09-03,18,30,36,144,108,0,0.51230125,10185.283009,-0.00000000,16423.606931,16423.606931,1,1,0,0.000e+00,0.000e+00,-1.563e-13,26821.0874,241627.9230,0,0
2025-09-04,0,30,144,144,0,0,0.51041350,2088.041911,0.00666979,39885.398411,39621.133933,2,1,0,1.137e-13,0.000e+00,0.000e+00,542142.6921,440926.0856,0,0
2025-09-04,6,30,108,144,36,0,0.51041350,8516.639464,0.00403744,26269.547833,26163.912555,2,1,0,0.000e+00,0.000e+00,0.000e+00,316066.9095,431057.2370,0,0
2025-09-04,12,30,72,144,72,0,0.51041350,7396.140445,0.00000000,25457.636230,25457.636230,1,1,0,0.000e+00,0.000e+00,-1.656e-12,142183.1820,258467.5708,0,0
2025-09-04,18,30,36,144,108,0,0.51041350,10444.982217,0.00000000,15544.754477,15544.754477,1,1,0,0.000e+00,-7.844e-12,0.000e+00,24869.8836,248269.6985,0,0
2025-09-05,0,30,144,144,0,0,0.50796684,1861.811586,0.00055454,20943.808460,20932.200784,4,0,1,0.000e+00,0.000e+00,0.000e+00,395131.4636,312234.3057,0,0
2025-09-05,6,30,108,144,36,0,0.50796684,3962.270962,0.00000000,12213.193845,12213.193845,1,1,0,0.000e+00,0.000e+00,0.000e+00,293987.7044,284603.5419,0,0
2025-09-05,12,30,72,144,72,0,0.50796684,10800.000000,0.00000000,11978.691818,11978.691818,1,1,0,4.690e-13,0.000e+00,0.000e+00,24949.1898,251248.5835,0,0
2025-09-05,18,30,36,144,108,0,0.50796684,10684.778838,0.00000000,7949.896268,7949.896268,1,1,0,0.000e+00,0.000e+00,0.000e+00,22083.9934,247013.5824,0,0
2025-09-06,0,30,144,144,0,0,0.46130609,4243.993330,0.00006164,15402.258531,15401.309157,4,0,1,0.000e+00,-8.185e-13,0.000e+00,362194.9687,348673.5315,0,0
2025-09-06,6,30,108,144,36,0,0.46130609,2943.758967,0.00000010,9112.129553,9112.128653,1,1,0,0.000e+00,0.000e+00,-4.050e-13,335413.8383,289721.0576,0,0
2025-09-06,12,30,72,144,72,0,0.46130609,10800.000000,0.00000000,8871.335673,8871.335673,1,1,0,0.000e+00,0.000e+00,0.000e+00,24434.9115,250018.0637,0,0
2025-09-06,18,30,36,144,108,0,0.46130609,10563.258115,0.00000000,6254.518650,6254.518650,1,1,0,0.000e+00,0.000e+00,0.000e+00,22219.8407,244954.1819,0,0
2025-09-07,0,30,144,144,0,0,0.43080918,2602.045517,0.00607470,29127.697029,28951.823368,4,0,1,1.137e-13,0.000e+00,0.000e+00,540491.7308,416235.3507,0,0
2025-09-07,6,30,108,144,36,0,0.43080918,5572.048701,0.03740294,23819.877365,22961.065917,4,0,1,0.000e+00,0.000e+00,0.000e+00,371789.3126,361415.3510,0,0
2025-09-07,12,30,72,144,72,0,0.43080918,6120.342755,0.00217340,19318.707534,19276.811326,1,1,0,0.000e+00,0.000e+00,0.000e+00,227346.6121,256091.2679,0,0
2025-09-07,18,30,36,144,108,0,0.43080918,9848.676074,0.00000000,14022.188780,14022.188780,1,1,0,0.000e+00,0.000e+00,0.000e+00,65698.0322,228511.4366,0,0
2025-09-08,0,30,144,144,0,0,0.49344650,2617.340002,0.01117698,42140.726012,41674.926335,4,1,0,1.137e-13,0.000e+00,0.000e+00,590538.6931,456889.3050,0,0
2025-09-08,6,30,108,144,36,0,0.49344650,9349.954212,0.01895412,28266.944957,27741.136093,3,1,0,0.000e+00,0.000e+00,0.000e+00,318329.2414,417669.4709,0,0
2025-09-08,12,30,72,144,72,0,0.49344650,8226.075098,0.00505033,26710.879302,26576.658362,1,1,0,0.000e+00,0.000e+00,0.000e+00,173958.2432,271461.1814,0,0
2025-09-08,18,30,36,144,108,0,0.49344650,10024.582002,0.00000000,15859.617632,15859.617632,1,1,0,0.000e+00,0.000e+00,-5.898e-13,67615.4555,234492.8882,0,0
2025-09-09,0,30,144,144,0,0,0.49676481,3022.798012,0.00962931,37801.401440,37440.871654,2,1,0,1.137e-13,0.000e+00,-1.359e-13,567417.8618,448403.7417,0,0
2025-09-09,6,30,108,144,36,0,0.49676481,8288.880018,0.02561571,28285.115047,27578.667801,3,1,0,0.000e+00,0.000e+00,0.000e+00,350490.9170,417044.6394,0,0
2025-09-09,12,30,72,144,72,0,0.49676481,7670.730065,0.00317840,25078.077383,24998.621830,2,1,0,0.000e+00,0.000e+00,0.000e+00,179224.2008,260865.4254,0,0
2025-09-09,18,30,36,144,108,0,0.49676481,10214.849546,-0.00000000,15748.752316,15748.752316,1,1,0,6.821e-12,0.000e+00,0.000e+00,67182.5817,238795.7989,0,0
2025-09-10,0,30,144,144,0,0,0.48525430,2985.451894,0.01006429,42592.477811,42168.086003,4,0,1,1.137e-13,0.000e+00,-2.061e-13,583157.9066,461556.7622,0,0
2025-09-10,6,30,108,144,36,0,0.48525430,9414.902878,0.02387541,28084.323694,27429.434692,4,1,0,6.821e-13,0.000e+00,0.000e+00,312197.8575,415035.4938,0,0
2025-09-10,12,30,72,144,72,0,0.48525430,6868.307257,0.00314573,25979.234656,25897.767181,1,1,0,0.000e+00,0.000e+00,0.000e+00,208399.7774,262121.6557,0,0
2025-09-10,18,30,36,144,108,0,0.48525430,10406.063904,0.00000000,15185.124259,15185.124259,1,1,0,0.000e+00,-3.411e-13,0.000e+00,67092.3672,244366.7693,0,0
2025-09-11,0,30,144,144,0,0,0.49165368,3021.348853,0.00969904,43069.987505,42656.262524,2,1,0,1.933e-12,0.000e+00,1.933e-12,591685.6533,451350.8885,0,0
2025-09-11,6,30,108,144,36,0,0.49165368,9193.282743,0.00137939,27194.644365,27157.183889,3,1,0,1.137e-13,0.000e+00,0.000e+00,385476.8028,449084.9535,0,0
2025-09-11,12,30,72,144,72,0,0.49165368,6006.373171,0.00255619,26229.639429,26162.762356,1,1,0,1.137e-13,-1.637e-12,0.000e+00,248722.6422,252548.1535,0,0
2025-09-11,18,30,36,144,108,0,0.49165368,10659.274973,0.00000000,14366.932462,14366.932462,1,1,0,1.137e-13,0.000e+00,0.000e+00,87482.7942,248626.6559,0,0
2025-09-12,0,30,144,144,0,0,0.48521625,3876.954177,0.00309094,19270.820728,19211.439335,2,1,0,0.000e+00,0.000e+00,0.000e+00,437464.4227,346253.3958,0,0
2025-09-12,6,30,108,144,36,0,0.48521625,4687.750238,0.00000000,11237.687173,11237.687173,1,1,0,0.000e+00,0.000e+00,0.000e+00,363917.3972,307300.3274,0,0
2025-09-12,12,30,72,144,72,0,0.48521625,10800.000000,-0.00000000,11172.346004,11172.346004,1,1,0,0.000e+00,0.000e+00,0.000e+00,88877.9416,250100.8015,0,0
2025-09-12,18,30,36,144,108,0,0.48521625,10487.350733,0.00000000,7451.399797,7451.399797,1,1,0,0.000e+00,0.000e+00,0.000e+00,87189.1926,243756.1978,0,0
2025-09-13,0,30,144,144,0,0,0.43360161,5547.093550,0.00018830,14223.023099,14220.345434,2,1,0,0.000e+00,0.000e+00,-2.949e-13,435924.4945,360825.9084,0,0
2025-09-13,6,30,108,144,36,0,0.43360161,3799.636320,0.00009045,8383.422860,8382.664622,1,1,0,1.137e-13,0.000e+00,0.000e+00,435744.3081,312189.0028,0,0
2025-09-13,12,30,72,144,72,0,0.43360161,10800.000000,0.00000000,8137.681778,8137.681778,1,1,0,1.137e-13,0.000e+00,0.000e+00,124480.9591,249324.6235,0,0
2025-09-13,18,30,36,144,108,0,0.43360161,10068.744189,0.00000000,6170.917880,6170.917880,1,1,0,1.137e-13,0.000e+00,0.000e+00,122737.7746,232444.8697,0,0
2025-09-14,0,30,144,144,0,0,0.40671565,5096.290310,0.01829624,33852.964231,33244.710876,4,1,0,1.137e-13,0.000e+00,0.000e+00,575394.7058,460388.4043,0,0
2025-09-14,6,30,108,144,36,0,0.40671565,8151.311964,0.00511018,22521.419894,22406.916566,3,1,0,4.547e-13,0.000e+00,4.547e-13,431638.8921,425186.3903,0,0
2025-09-14,12,30,72,144,72,0,0.40671565,6007.290869,0.00954030,20487.463802,20293.854375,1,1,0,1.137e-13,0.000e+00,7.105e-15,284548.3104,247160.0709,0,0
2025-09-14,18,30,36,144,108,0,0.40671565,9180.068485,0.00000000,14556.255329,14556.255329,1,1,0,1.137e-13,0.000e+00,0.000e+00,126748.1172,208849.3955,0,0
2025-09-15,0,30,144,144,0,0,0.48041558,4022.581199,0.00688291,38221.901699,37960.622273,3,1,0,1.137e-13,0.000e+00,-8.882e-14,642442.8399,448606.3681,0,0
2025-09-15,6,30,108,144,36,0,0.48041558,8917.929452,0.00287080,26273.617979,26198.407691,1,1,0,0.000e+00,0.000e+00,0.000e+00,459471.1193,434572.9131,0,0
2025-09-15,12,30,72,144,72,0,0.48041558,7090.784430,0.00760071,25549.264579,25356.536788,1,1,0,1.137e-13,0.000e+00,0.000e+00,280661.5087,236731.1010,0,0
2025-09-15,18,30,36,144,108,0,0.48041558,10366.324400,0.00000000,15361.052599,15361.052599,1,1,0,1.137e-13,0.000e+00,0.000e+00,153105.3358,225640.1812,0,0
2025-09-16,0,30,144,144,0,0,0.47691558,6442.782777,0.01201815,43202.936374,42689.882856,3,1,0,3.819e-14,0.000e+00,0.000e+00,565052.2357,464394.3997,0,0
2025-09-16,6,30,108,144,36,0,0.47691558,9138.114043,0.00352842,30216.812402,30110.569618,3,1,0,0.000e+00,0.000e+00,0.000e+00,449714.3763,438027.1809,0,0
2025-09-16,12,30,72,144,72,0,0.47691558,9137.635010,0.00073618,27008.501748,26988.633291,1,1,0,0.000e+00,0.000e+00,0.000e+00,201604.0924,233617.6662,0,0
2025-09-16,18,30,36,144,108,0,0.47691558,10134.138940,0.00000000,15112.314715,15112.314715,1,1,0,0.000e+00,0.000e+00,0.000e+00,137651.0904,221478.6051,0,0
2025-09-17,0,30,144,144,0,0,0.47721875,5332.671357,0.01394854,43537.467892,42938.537933,4,1,0,1.137e-13,-1.137e-13,-1.023e-12,580514.7958,446706.0313,0,0
2025-09-17,6,30,108,144,36,0,0.47721875,9704.082389,0.00533292,30394.670702,30233.438311,2,1,0,0.000e+00,0.000e+00,0.000e+00,418534.3503,428016.0271,0,0
2025-09-17,12,30,72,144,72,0,0.47721875,6684.701752,0.01045910,27383.821765,27100.376285,1,1,0,0.000e+00,0.000e+00,0.000e+00,271117.2236,225197.6280,0,0
2025-09-17,18,30,36,144,108,0,0.47721875,10590.991835,0.00000000,14671.905841,14671.905841,1,1,0,0.000e+00,0.000e+00,0.000e+00,135945.3369,220894.7556,0,0
2025-09-18,0,30,144,144,0,0,0.47384585,6377.340464,0.01203829,37785.978241,37336.510460,4,0,1,1.137e-13,0.000e+00,0.000e+00,551414.3731,448010.5704,0,0
2025-09-18,6,30,108,144,36,0,0.47384585,9081.381493,0.02193264,32290.178407,31597.169073,4,1,0,1.137e-13,0.000e+00,0.000e+00,434459.3149,433973.6358,0,0
2025-09-18,12,30,72,144,72,0,0.47384585,8781.048778,0.00200535,25438.040048,25387.129886,1,1,0,1.137e-13,0.000e+00,0.000e+00,215925.4514,236115.8037,0,0
2025-09-18,18,30,36,144,108,0,0.47384585,10521.789998,0.00000000,14736.887345,14736.887345,1,1,0,1.137e-13,0.000e+00,0.000e+00,140873.8863,223827.3219,0,0
2025-09-19,0,30,144,144,0,0,0.47303488,6010.273751,0.00032603,18010.737173,18004.867125,3,1,0,0.000e+00,0.000e+00,0.000e+00,433440.2702,368445.6278,0,0
2025-09-19,6,30,108,144,36,0,0.47303488,4680.235112,-0.00000000,11741.527458,11741.527458,1,1,0,0.000e+00,0.000e+00,0.000e+00,422278.4112,324001.4695,0,0
2025-09-19,12,30,72,144,72,0,0.47303488,10800.000000,0.00000000,10995.241985,10995.241985,1,1,0,0.000e+00,0.000e+00,0.000e+00,123238.1272,243820.8353,0,0
2025-09-19,18,30,36,144,108,0,0.47303488,10120.290574,0.00000000,6997.160893,6997.160893,1,1,0,0.000e+00,0.000e+00,0.000e+00,121415.1818,227187.9073,0,0
2025-09-20,0,30,144,144,0,0,0.42126218,6352.612890,0.00039939,14192.792857,14187.126591,2,1,0,0.000e+00,0.000e+00,0.000e+00,456410.9491,377615.2268,0,0
2025-09-20,6,30,108,144,36,0,0.42126218,3858.271917,0.00012616,8948.434046,8947.305270,1,1,0,0.000e+00,0.000e+00,0.000e+00,459795.7747,311511.6968,0,0
2025-09-20,12,30,72,144,72,0,0.42126218,10800.000000,0.00000000,8396.543287,8396.543287,1,1,0,0.000e+00,0.000e+00,0.000e+00,143861.4624,242441.3388,0,0
2025-09-20,18,30,36,144,108,0,0.42126218,9827.564114,0.00000000,5987.441338,5987.441338,1,1,0,0.000e+00,0.000e+00,0.000e+00,142513.3413,225165.1119,0,0
2025-09-21,0,30,144,144,0,0,0.40012251,5608.929061,0.01341484,33835.262576,33387.376413,3,1,0,1.137e-13,0.000e+00,0.000e+00,560938.6317,437635.9024,0,0
2025-09-21,6,30,108,144,36,0,0.40012251,8978.613580,0.01885718,24534.313177,24080.228009,2,1,0,0.000e+00,0.000e+00,0.000e+00,380893.2011,384843.2838,0,0
2025-09-21,12,30,72,144,72,0,0.40012251,8077.488844,0.00000000,21610.546085,21610.546085,1,1,0,1.705e-13,0.000e+00,0.000e+00,227484.1880,231496.8233,0,0
2025-09-21,18,30,36,144,108,0,0.40012251,9524.793011,0.00000000,13818.992053,13818.992053,1,1,0,0.000e+00,0.000e+00,0.000e+00,133439.9484,203312.9178,0,0
2025-09-22,0,30,144,144,0,0,0.46174411,4923.237622,0.01002086,44421.750032,43981.022220,4,0,1,1.137e-13,0.000e+00,0.000e+00,610522.3058,463039.7847,0,0
2025-09-22,6,30,108,144,36,0,0.46174411,9342.481070,0.00197707,30201.741454,30142.148406,2,1,0,1.137e-13,-6.253e-13,0.000e+00,432149.6252,431578.7943,0,0
2025-09-22,12,30,72,144,72,0,0.46174411,5789.994367,0.00633435,28570.160658,28390.326474,3,1,0,1.137e-13,0.000e+00,0.000e+00,296069.2639,221510.2746,0,0
2025-09-22,18,30,36,144,108,0,0.46174411,9690.007028,0.00000000,15441.892200,15441.892200,1,1,0,1.137e-13,0.000e+00,0.000e+00,127723.1973,199690.2857,0,0
2025-09-23,0,30,144,144,0,0,0.46394895,5865.042767,0.01311713,44055.656120,43485.254331,3,1,0,1.137e-13,0.000e+00,0.000e+00,556672.7710,444138.6435,0,0
2025-09-23,6,30,108,144,36,0,0.46394895,9737.669653,0.00457931,31549.852183,31406.034294,3,1,0,0.000e+00,0.000e+00,0.000e+00,431176.5138,440550.4653,0,0
2025-09-23,12,30,72,144,72,0,0.46394895,6687.331215,0.00468137,27790.291190,27660.800745,2,1,0,9.095e-13,0.000e+00,0.000e+00,280089.0046,232797.9466,0,0
2025-09-23,18,30,36,144,108,0,0.46394895,9773.747470,0.00000000,15047.509694,15047.509694,1,1,0,9.095e-13,0.000e+00,0.000e+00,125078.9883,197799.0640,0,0
2025-09-24,0,30,144,144,0,0,0.45823779,5771.524912,0.00509728,38232.636711,38038.742651,2,1,0,1.137e-13,0.000e+00,-7.674e-13,607686.4217,478530.9669,0,0
2025-09-24,6,30,108,144,36,0,0.45823779,9343.565954,0.01610983,27904.454335,27462.045455,1,1,0,1.137e-13,0.000e+00,0.000e+00,437984.3738,445124.6992,0,0
2025-09-24,12,30,72,144,72,0,0.45823779,4952.069721,0.01464637,27860.513975,27458.348813,2,1,0,1.137e-13,0.000e+00,0.000e+00,326142.1746,237120.0335,0,0
2025-09-24,18,30,36,144,108,0,0.45823779,9052.603558,0.00000000,15532.988401,15532.988401,1,1,0,1.137e-13,0.000e+00,0.000e+00,141646.0966,205283.8446,0,0
2025-09-25,0,30,144,144,0,0,0.45430774,5614.619925,0.01717416,41685.012842,40981.195427,4,0,1,6.395e-14,0.000e+00,0.000e+00,540315.8997,425232.3355,0,0
2025-09-25,6,30,108,144,36,0,0.45430774,9622.434974,0.01491842,31124.439555,30666.937318,1,1,0,0.000e+00,0.000e+00,0.000e+00,378063.7687,407346.2498,0,0
2025-09-25,12,30,72,144,72,0,0.45430774,8483.004198,0.00145179,26384.585687,26346.336364,1,1,0,0.000e+00,0.000e+00,0.000e+00,207511.8989,224611.0587,0,0
2025-09-25,18,30,36,144,108,0,0.45430774,9771.801987,0.00000000,14939.940701,14939.940701,1,1,0,0.000e+00,0.000e+00,0.000e+00,123428.8638,197704.2824,0,0
2025-09-26,0,30,144,144,0,0,0.45813889,5802.780756,0.00188719,16664.010262,16632.621349,2,1,0,0.000e+00,0.000e+00,0.000e+00,448065.3247,363534.8070,0,0
2025-09-26,6,30,108,144,36,0,0.45813889,4743.385488,0.00000000,9819.565874,9819.565874,1,1,0,0.000e+00,0.000e+00,0.000e+00,428228.0286,313605.3885,0,0
2025-09-26,12,30,72,144,72,0,0.45813889,10800.000000,-0.00000000,9769.051079,9769.051079,1,1,0,0.000e+00,-5.400e-12,0.000e+00,128952.3310,234580.4186,0,0
2025-09-26,18,30,36,144,108,0,0.45813889,10221.698986,0.00000000,5588.910940,5588.910940,1,1,0,0.000e+00,0.000e+00,0.000e+00,127468.9153,218257.1530,0,0
2025-09-27,0,30,144,144,0,0,0.40797204,5921.421433,0.00100401,13572.785953,13559.172427,2,1,0,0.000e+00,0.000e+00,0.000e+00,445051.4949,362203.9447,0,0
2025-09-27,6,30,108,144,36,0,0.40797204,3845.080862,0.00013855,9230.693663,9229.414894,1,1,0,0.000e+00,0.000e+00,0.000e+00,450027.4765,313955.2744,0,0
2025-09-27,12,30,72,144,72,0,0.40797204,10800.000000,0.00000000,8113.557678,8113.557678,1,1,0,0.000e+00,0.000e+00,0.000e+00,130473.0279,240305.4996,0,0
2025-09-27,18,30,36,144,108,0,0.40797204,9414.444652,0.00000000,6013.373155,6013.373155,1,1,0,0.000e+00,0.000e+00,0.000e+00,128823.5174,213821.3878,0,0
2025-09-28,0,30,144,144,0,0,0.39573168,4575.633118,0.02233677,37700.374714,36876.669151,3,1,0,1.137e-13,0.000e+00,0.000e+00,567622.5756,421645.1337,0,0
2025-09-28,6,30,108,144,36,0,0.39573168,9692.457263,0.01172617,30783.932336,30427.138532,2,1,0,1.137e-13,0.000e+00,0.000e+00,382280.5968,417946.0910,0,0
2025-09-28,12,30,72,144,72,0,0.39573168,9499.638808,0.00112249,22962.746829,22937.000359,1,1,0,1.137e-13,0.000e+00,0.000e+00,167848.4172,223229.3113,0,0
2025-09-28,18,30,36,144,108,0,0.39573168,9443.184597,0.00000000,14272.647889,14272.647889,1,1,0,1.137e-13,0.000e+00,0.000e+00,119258.0072,193144.7452,0,0
2025-09-29,0,30,144,144,0,0,0.44963961,5992.116647,0.01907230,43582.948712,42767.278361,4,0,1,1.137e-13,0.000e+00,0.000e+00,536403.2431,436146.2818,0,0
2025-09-29,6,30,108,144,36,0,0.44963961,9535.124890,0.00226308,29410.897662,29344.488621,2,1,0,1.137e-13,0.000e+00,0.000e+00,410993.6607,422128.4118,0,0
2025-09-29,12,30,72,144,72,0,0.44963961,4176.676395,0.00600799,27724.829491,27559.253724,1,1,0,1.137e-13,0.000e+00,2.274e-13,334924.6372,213141.4490,0,0
2025-09-29,18,30,36,144,108,0,0.44963961,9825.874096,0.00000000,14418.910832,14418.910832,1,1,0,1.137e-13,0.000e+00,-4.263e-14,117646.5897,197650.8552,0,0
2025-09-30,0,30,144,144,0,0,0.44951991,5480.607488,0.01912611,43706.911405,42886.656501,3,1,0,4.093e-12,-1.592e-12,1.660e-11,549864.0884,433215.7965,0,0
2025-09-30,6,30,108,144,36,0,0.44951991,9438.528614,0.00969672,31716.170293,31411.581081,1,1,0,0.000e+00,0.000e+00,0.000e+00,408161.5449,422254.6157,0,0
2025-09-30,12,30,72,144,72,0,0.44951991,4258.589048,0.01261357,30388.280361,30009.750189,1,1,0,0.000e+00,0.000e+00,0.000e+00,310580.0828,215927.4598,0,0
2025-09-30,18,30,36,144,108,0,0.44951991,9633.229995,0.00000000,14775.212713,14775.212713,1,1,0,0.000e+00,0.000e+00,0.000e+00,118814.9695,193076.7500,0,0
2025-10-01,0,30,144,144,0,0,0.44634561,5798.871788,0.01925045,39839.908589,39087.457315,3,1,0,1.137e-13,0.000e+00,0.000e+00,542880.6693,435579.8324,0,0
2025-10-01,6,30,108,144,36,0,0.44634561,9852.887318,0.00328681,27500.039572,27409.948264,2,1,0,1.137e-13,0.000e+00,0.000e+00,415443.1174,437746.9830,0,0
2025-10-01,12,30,72,144,72,0,0.44634561,9363.043558,0.00022965,25406.850025,25401.016581,1,1,0,1.137e-13,0.000e+00,0.000e+00,173247.4399,222542.3469,0,0
2025-10-01,18,30,36,144,108,0,0.44634561,9920.290809,0.00000000,13944.253307,13944.253307,1,1,0,1.137e-13,0.000e+00,0.000e+00,118553.5641,200369.0787,0,0
2025-10-02,0,30,144,144,0,0,0.43633842,8239.459820,0.01829935,40132.833776,39411.626695,3,1,0,0.000e+00,0.000e+00,-4.547e-13,517089.8753,437462.6300,0,0
2025-10-02,6,30,108,144,36,0,0.43633842,9389.635219,0.00374353,26899.951773,26799.626487,2,1,0,0.000e+00,0.000e+00,0.000e+00,465946.0422,417460.5125,0,0
2025-10-02,12,30,72,144,72,0,0.43633842,7270.983367,-0.00000000,23154.428692,23154.428692,1,1,0,2.487e-14,-1.137e-13,0.000e+00,295287.7627,220447.6172,0,0
2025-10-02,18,30,36,144,108,0,0.43633842,9592.669343,0.00000000,12768.055733,12768.055733,1,1,0,0.000e+00,0.000e+00,-4.263e-14,174829.5351,191831.8014,0,0
2025-10-03,0,30,144,144,0,0,0.44104196,8802.603768,0.00005232,13023.363146,13022.681793,1,1,0,0.000e+00,0.000e+00,-1.569e-12,511897.6484,441329.8390,0,0
2025-10-03,6,30,108,144,36,0,0.44104196,3996.133667,0.00017188,8639.441107,8637.956435,1,1,0,1.137e-13,0.000e+00,0.000e+00,512374.7391,314751.4449,0,0
2025-10-03,12,30,72,144,72,0,0.44104196,10800.000000,0.00000000,8399.895357,8399.895357,1,1,0,1.137e-13,0.000e+00,0.000e+00,197131.3337,245513.7121,0,0
2025-10-03,18,30,36,144,108,0,0.44104196,10038.292514,0.00000000,5042.849305,5042.849305,1,1,0,1.137e-13,0.000e+00,0.000e+00,195425.6938,219234.0684,0,0
2025-10-04,0,30,144,144,0,0,0.40412374,9458.156490,0.00076285,11365.173718,11356.510375,3,1,0,0.000e+00,0.000e+00,0.000e+00,520107.0810,452004.1020,0,0
2025-10-04,6,30,108,144,36,0,0.40412374,4633.922548,0.00000000,6885.277612,6885.277612,1,1,0,1.137e-13,0.000e+00,0.000e+00,505387.4392,306627.0470,0,0
2025-10-04,12,30,72,144,72,0,0.40412374,10800.000000,0.00000000,6702.675583,6702.675583,1,1,0,1.137e-13,0.000e+00,0.000e+00,205367.2566,230049.0391,0,0
2025-10-04,18,30,36,144,108,0,0.40412374,9860.425892,0.00000000,4527.504736,4527.504736,1,1,0,1.137e-13,0.000e+00,0.000e+00,204451.9966,213493.1795,0,0
2025-10-05,0,30,144,144,0,0,0.39536867,8399.024800,0.02323243,34852.340265,34061.020067,3,1,0,1.137e-13,0.000e+00,4.547e-13,500580.6084,416917.7872,0,0
2025-10-05,6,30,108,144,36,0,0.39536867,9304.411329,0.00192193,23022.511610,22978.348889,2,1,0,1.421e-11,0.000e+00,0.000e+00,469395.9381,407855.7725,0,0
2025-10-05,12,30,72,144,72,0,0.39536867,6304.759397,0.00368006,19938.353463,19865.248071,1,1,0,1.137e-13,0.000e+00,-1.137e-13,334959.0044,217034.2572,0,0
2025-10-05,18,30,36,144,108,0,0.39536867,9498.478501,0.00000000,11673.398729,11673.398729,1,1,0,1.137e-13,0.000e+00,0.000e+00,183949.3433,189226.0768,0,0
2025-10-06,0,30,144,144,0,0,0.44181914,7874.532483,0.01399019,33079.289263,32622.888876,4,1,0,0.000e+00,-3.342e-12,0.000e+00,562784.6910,450249.1054,0,0
2025-10-06,6,30,108,144,36,0,0.44181914,9681.850525,0.02276953,24576.501073,24029.363696,2,1,0,1.137e-13,0.000e+00,0.000e+00,460417.5522,429353.6648,0,0
2025-10-06,12,30,72,144,72,0,0.44181914,5219.624297,0.02377058,23682.006207,23132.141803,1,1,0,1.137e-13,0.000e+00,0.000e+00,345853.8640,215705.9796,0,0
2025-10-06,18,30,36,144,108,0,0.44181914,8104.214281,0.00000000,13188.387057,13188.387057,1,1,0,0.000e+00,0.000e+00,0.000e+00,186273.1483,177487.7677,0,0
2025-10-07,0,30,144,144,0,0,0.44968717,6497.376990,0.02352813,37339.564497,36481.229386,4,1,0,0.000e+00,-7.958e-13,-7.709e-13,560795.9121,415255.9059,0,0
2025-10-07,6,30,108,144,36,0,0.44968717,9831.293177,0.00519447,25629.127357,25496.685539,2,1,0,1.137e-13,0.000e+00,0.000e+00,448107.4478,412921.6447,0,0
2025-10-07,12,30,72,144,72,0,0.44968717,7040.911693,0.00365586,22553.897479,22471.744011,1,1,0,0.000e+00,0.000e+00,0.000e+00,305937.5344,232103.6331,0,0
2025-10-07,18,30,36,144,108,0,0.44968717,9085.008127,0.00000000,12174.470258,12174.470258,1,1,0,1.137e-13,0.000e+00,0.000e+00,178862.8248,187955.9209,0,0
2025-10-08,0,30,144,144,0,0,0.44907495,7362.826558,0.02374237,34769.026656,33962.672369,3,1,0,0.000e+00,0.000e+00,0.000e+00,561587.0324,440396.0132,0,0
2025-10-08,6,30,108,144,36,0,0.44907495,9789.520820,0.00524185,23412.486853,23290.402162,2,1,0,1.137e-13,0.000e+00,0.000e+00,464903.4335,420504.4351,0,0
2025-10-08,12,30,72,144,72,0,0.44907495,5697.405109,0.00576696,22112.820693,21986.028245,1,1,0,1.137e-13,0.000e+00,0.000e+00,349890.2627,214730.9752,0,0
2025-10-08,18,30,36,144,108,0,0.44907495,9436.132887,0.00000000,12455.577584,12455.577584,1,1,0,0.000e+00,0.000e+00,0.000e+00,181917.8441,189864.8383,0,0
2025-10-09,0,30,144,144,0,0,0.44980866,7645.713322,0.01585115,40938.204056,40299.411935,4,0,1,1.137e-13,0.000e+00,0.000e+00,571249.2949,453771.9499,0,0
2025-10-09,6,30,108,144,36,0,0.44980866,9817.339410,0.00260461,26157.056408,26089.104590,2,1,0,1.137e-13,0.000e+00,0.000e+00,479822.4025,431687.4484,0,0
2025-10-09,12,30,72,144,72,0,0.44980866,4782.550605,0.00303923,23275.482889,23204.957629,1,1,0,1.137e-13,0.000e+00,0.000e+00,385159.0902,217175.2816,0,0
2025-10-09,18,30,36,144,108,0,0.44980866,9368.019629,0.00000000,12352.876152,12352.876152,1,1,0,1.137e-13,0.000e+00,0.000e+00,184940.3154,192018.5524,0,0
2025-10-10,0,30,144,144,0,0,0.45673379,7586.803336,0.00000278,13340.266718,13340.229577,2,1,0,7.958e-13,-3.581e-12,0.000e+00,549179.7419,412033.6722,0,0
2025-10-10,6,30,108,144,36,0,0.45673379,5273.374206,0.00000000,7554.078639,7554.078639,1,1,0,1.137e-13,0.000e+00,0.000e+00,525836.9424,330477.1182,0,0
2025-10-10,12,30,72,144,72,0,0.45673379,10800.000000,-0.00000000,7195.750137,7195.750137,1,1,0,1.137e-13,0.000e+00,0.000e+00,231682.7302,238820.8520,0,0
2025-10-10,18,30,36,144,108,0,0.45673379,9692.800446,0.00000000,4140.939271,4140.939271,1,1,0,1.137e-13,0.000e+00,0.000e+00,231294.3958,220794.8160,0,0
2025-10-11,0,30,144,144,0,0,0.41574642,8920.491643,0.00004114,11013.503327,11013.050287,2,1,0,5.684e-14,0.000e+00,0.000e+00,546541.0357,444238.2248,0,0
2025-10-11,6,30,108,144,36,0,0.41574642,5994.967770,0.00000000,6268.925418,6268.925418,1,1,0,0.000e+00,0.000e+00,0.000e+00,522763.3606,350631.5051,0,0
2025-10-11,12,30,72,144,72,0,0.41574642,10800.000000,0.00000000,6001.520443,6001.520443,1,1,0,0.000e+00,0.000e+00,0.000e+00,232152.4600,242143.1838,0,0
2025-10-11,18,30,36,144,108,0,0.41574642,9374.136386,0.00000000,3833.001469,3833.001469,1,1,0,0.000e+00,0.000e+00,0.000e+00,231583.6776,211272.6781,0,0
2025-10-12,0,30,144,144,0,0,0.40573631,8000.462975,0.02334563,31715.708252,30992.176362,3,1,0,0.000e+00,-1.637e-12,0.000e+00,574485.5426,450123.1115,0,0
2025-10-12,6,30,108,144,36,0,0.40573631,9697.357803,0.01023345,22564.332590,22335.760787,2,1,0,1.137e-13,0.000e+00,0.000e+00,455340.8264,406757.8959,0,0
2025-10-12,12,30,72,144,72,0,0.40573631,7483.971956,0.00244986,18973.795323,18927.425779,1,1,0,0.000e+00,0.000e+00,0.000e+00,313027.7796,221240.6778,0,0
2025-10-12,18,30,36,144,108,0,0.40573631,8491.419512,0.00000000,11647.291973,11647.291973,1,1,0,1.137e-13,0.000e+00,0.000e+00,202227.6777,187948.5743,0,0
2025-10-13,0,30,144,144,0,0,0.45479052,6694.060972,0.01713527,38526.681762,37877.638324,3,1,0,2.046e-12,0.000e+00,9.550e-12,626397.3014,456922.2372,0,0
2025-10-13,6,30,108,144,36,0,0.45479052,9765.877350,0.00243613,25714.546816,25652.055049,1,1,0,0.000e+00,0.000e+00,-7.958e-13,517305.0099,445576.0229,0,0
2025-10-13,12,30,72,144,72,0,0.45479052,6512.275649,0.00207119,23324.891823,23276.681492,3,1,0,1.592e-12,0.000e+00,0.000e+00,349888.7876,222288.6821,0,0
2025-10-13,18,30,36,144,108,0,0.45479052,9220.948825,0.00000000,12765.836033,12765.836033,1,1,0,0.000e+00,0.000e+00,0.000e+00,206463.2194,195585.2326,0,0
2025-10-14,0,30,144,144,0,0,0.45867880,7922.500518,0.01970699,40627.987143,39842.805510,4,0,1,1.137e-13,0.000e+00,0.000e+00,573036.4737,449658.3486,0,0
2025-10-14,6,30,108,144,36,0,0.45867880,9565.619146,0.00290590,27264.572754,27185.574139,2,1,0,5.809e-13,0.000e+00,0.000e+00,506126.9684,432428.4744,0,0
2025-10-14,12,30,72,144,72,0,0.45867880,4596.680524,0.00245558,25205.650680,25143.907701,2,1,0,1.023e-12,0.000e+00,1.023e-12,409939.5269,219036.9416,0,0
2025-10-14,18,30,36,144,108,0,0.45867880,9547.444136,0.00000000,12254.709328,12254.709328,1,1,0,0.000e+00,0.000e+00,0.000e+00,204043.7996,194089.7783,0,0
2025-10-15,0,30,144,144,0,0,0.45880128,8212.917986,0.02057914,42540.626076,41682.829207,4,1,0,1.137e-13,0.000e+00,-7.709e-13,579086.7420,458452.7429,0,0
2025-10-15,6,30,108,144,36,0,0.45880128,9556.089041,0.00508472,28820.558407,28674.755205,2,1,0,1.137e-13,0.000e+00,1.137e-13,514600.1567,438277.0207,0,0
2025-10-15,12,30,72,144,72,0,0.45880128,6301.132086,0.00165334,25111.497461,25070.048223,4,0,1,1.137e-13,0.000e+00,0.000e+00,371434.1147,233401.0959,0,0
2025-10-15,18,30,36,144,108,0,0.45880128,9493.036968,0.00000000,11982.422616,11982.422616,1,1,0,0.000e+00,0.000e+00,0.000e+00,214309.9822,203193.7864,0,0
2025-10-16,0,30,144,144,0,0,0.46150580,8472.124258,0.02459925,39812.671692,38856.823154,4,0,1,9.237e-13,0.000e+00,0.000e+00,586236.0906,473341.6357,0,0
2025-10-16,6,30,108,144,36,0,0.46150580,9590.730443,0.00573044,28862.403678,28697.951928,2,1,0,0.000e+00,0.000e+00,0.000e+00,533382.1572,458344.2972,0,0
2025-10-16,12,30,72,144,72,0,0.46150580,5711.778680,0.00159317,24893.624387,24854.027607,2,1,0,1.137e-13,0.000e+00,0.000e+00,388321.2553,232380.3037,0,0
2025-10-16,18,30,36,144,108,0,0.46150580,9133.661992,0.00000000,12778.756295,12778.756295,1,1,0,0.000e+00,0.000e+00,0.000e+00,207257.6453,195575.4588,0,0
2025-10-17,0,30,144,144,0,0,0.46819591,7958.391844,0.00000000,12144.824459,12144.824459,1,1,0,9.095e-13,0.000e+00,0.000e+00,542836.8589,416832.8994,0,0
2025-10-17,6,30,108,144,36,0,0.46819591,5106.832619,-0.00000000,7351.398781,7351.398781,1,1,0,9.095e-13,0.000e+00,0.000e+00,544968.4501,346292.1209,0,0
2025-10-17,12,30,72,144,72,0,0.46819591,10800.000000,0.00000000,6801.794694,6801.794694,1,1,0,0.000e+00,0.000e+00,0.000e+00,230242.7421,246066.4894,0,0
2025-10-17,18,30,36,144,108,0,0.46819591,9489.299893,0.00000000,3840.189643,3840.189643,1,1,0,0.000e+00,0.000e+00,0.000e+00,229957.0911,215362.9079,0,0
2025-10-18,0,30,144,144,0,0,0.42712791,8238.348380,0.00002726,11701.973742,11701.654779,1,1,0,1.933e-12,0.000e+00,0.000e+00,547473.7996,425172.9307,0,0
2025-10-18,6,30,108,144,36,0,0.42712791,4872.436270,-0.00000000,6750.440781,6750.440781,1,1,0,1.137e-13,0.000e+00,0.000e+00,547836.9207,331480.2408,0,0
2025-10-18,12,30,72,144,72,0,0.42712791,10800.000000,0.00000000,6245.034677,6245.034677,1,1,0,1.137e-13,0.000e+00,0.000e+00,233415.2286,237032.5331,0,0
2025-10-18,18,30,36,144,108,0,0.42712791,9576.959752,0.00000000,3334.512569,3334.512569,1,1,0,1.137e-13,0.000e+00,0.000e+00,233428.9779,216878.6974,0,0
2025-10-19,0,30,144,144,0,0,0.40960449,8373.732893,0.02851848,36273.184125,35267.411263,4,0,1,1.137e-13,0.000e+00,0.000e+00,593536.1553,473884.5125,0,0
2025-10-19,6,30,108,144,36,0,0.40960449,9629.525007,0.01078128,26316.348836,26035.651215,2,1,0,5.684e-14,0.000e+00,5.684e-14,515345.0970,444327.9567,0,0
2025-10-19,12,30,72,144,72,0,0.40960449,6100.074177,0.00272762,22248.154876,22187.635472,2,1,0,1.137e-13,0.000e+00,2.274e-13,394605.5229,246482.3784,0,0
2025-10-19,18,30,36,144,108,0,0.40960449,9008.456799,0.00000000,11849.371133,11849.371133,1,1,0,0.000e+00,0.000e+00,0.000e+00,215809.8544,201477.8206,0,0
2025-10-20,0,30,144,144,0,0,0.46347115,7309.474545,0.02692170,46268.043407,45055.083739,4,0,1,1.137e-13,-1.637e-12,-4.441e-14,607042.6494,457544.0362,0,0
2025-10-20,6,30,108,144,36,0,0.46347115,9946.946232,0.00606086,32533.710861,32337.716390,2,1,0,0.000e+00,0.000e+00,0.000e+00,485108.0571,426526.0736,0,0
2025-10-20,12,30,72,144,72,0,0.46347115,7396.501336,0.00148535,25345.838309,25308.246773,2,1,0,0.000e+00,0.000e+00,0.000e+00,345552.3060,243047.5254,0,0
2025-10-20,18,30,36,144,108,0,0.46347115,10165.124385,0.00000000,11831.537776,11831.537776,1,1,0,0.000e+00,0.000e+00,0.000e+00,215778.9791,222241.5957,0,0
2025-10-21,0,30,144,144,0,0,0.46612481,7994.826270,0.02508528,44113.120016,43033.610029,4,1,0,0.000e+00,0.000e+00,-7.162e-13,580617.7841,456965.6340,0,0
2025-10-21,6,30,108,144,36,0,0.46612481,9728.846527,0.01130689,32541.810347,32177.977445,2,1,0,1.137e-13,0.000e+00,0.000e+00,514646.2571,455007.8180,0,0
2025-10-21,12,30,72,144,72,0,0.46612481,5785.761785,0.00181230,27042.733829,26993.812936,1,1,0,0.000e+00,0.000e+00,0.000e+00,378463.8542,229566.3704,0,0
2025-10-21,18,30,36,144,108,0,0.46612481,10120.081674,0.00000000,12341.870625,12341.870625,1,1,0,1.137e-13,0.000e+00,0.000e+00,206619.7370,220798.8920,0,0
2025-10-22,0,30,144,144,0,0,0.46624471,8114.267516,0.02851370,42943.263942,41752.739031,4,0,1,4.547e-13,0.000e+00,-1.368e-13,573110.1374,454540.0694,0,0
2025-10-22,6,30,108,144,36,0,0.46624471,9757.764315,0.00640895,30424.569851,30230.822058,2,1,0,0.000e+00,0.000e+00,0.000e+00,498249.2686,435959.1264,0,0
2025-10-22,12,30,72,144,72,0,0.46624471,5688.250291,0.00475445,25248.128258,25128.655447,1,1,0,0.000e+00,0.000e+00,-3.411e-13,362885.4903,223558.7414,0,0
2025-10-22,18,30,36,144,108,0,0.46624471,9692.652835,0.00000000,12040.364430,12040.364430,1,1,0,1.137e-13,0.000e+00,0.000e+00,203531.8724,214836.7235,0,0
2025-10-23,0,30,144,144,0,0,0.46654042,7622.277387,0.02034301,49379.825081,48395.318569,4,0,1,1.137e-13,0.000e+00,0.000e+00,615956.7448,471016.9049,0,0
2025-10-23,6,30,108,144,36,0,0.46654042,10231.236419,0.00438440,31925.274177,31785.912181,2,1,0,1.137e-13,0.000e+00,0.000e+00,528352.8281,468756.4529,0,0
2025-10-23,12,30,72,144,72,0,0.46654042,6259.249151,0.00067045,25554.645218,25537.523667,2,1,0,1.137e-13,0.000e+00,0.000e+00,389391.1869,248910.9312,0,0
2025-10-23,18,30,36,144,108,0,0.46654042,9829.700494,0.00000000,11404.349753,11404.349753,1,1,0,0.000e+00,0.000e+00,0.000e+00,222732.7687,223881.7656,0,0
2025-10-24,0,30,144,144,0,0,0.46967958,8391.592378,0.00000028,12922.076425,12922.072797,1,1,0,0.000e+00,-5.457e-12,0.000e+00,542924.0603,430428.0412,0,0
2025-10-24,6,30,108,144,36,0,0.46967958,6085.320636,0.00000000,7165.249647,7165.249647,1,1,0,0.000e+00,0.000e+00,0.000e+00,534852.8381,363172.9901,0,0
2025-10-24,12,30,72,144,72,0,0.46967958,10800.000000,0.00000000,6984.460748,6984.460748,1,1,0,0.000e+00,0.000e+00,0.000e+00,230561.2259,242680.4369,0,0
2025-10-24,18,30,36,144,108,0,0.46967958,9511.623378,0.00000000,3755.364413,3755.364413,1,1,0,0.000e+00,0.000e+00,0.000e+00,230193.6768,216671.6620,0,0
2025-10-25,0,30,144,144,0,0,0.42912864,8110.936894,0.00672509,12102.553353,12021.706305,2,1,0,7.105e-15,-1.421e-13,0.000e+00,549790.9282,417420.3416,0,0
2025-10-25,6,30,108,144,36,0,0.42912864,6234.934792,0.00000000,6379.135432,6379.135432,1,1,0,1.137e-13,0.000e+00,0.000e+00,538331.5030,358385.9535,0,0
2025-10-25,12,30,72,144,72,0,0.42912864,10800.000000,0.00000000,6254.868607,6254.868607,1,1,0,1.137e-13,0.000e+00,0.000e+00,245211.4698,245455.5834,0,0
2025-10-25,18,30,36,144,108,0,0.42912864,9471.427472,0.00000000,3598.557767,3598.557767,1,1,0,1.137e-13,0.000e+00,0.000e+00,245831.3247,215981.5827,0,0
2025-10-26,0,30,144,144,0,0,0.41821283,8489.752031,0.01897228,39594.214653,38857.008554,4,0,1,1.137e-13,0.000e+00,0.000e+00,606654.6486,475707.7668,0,0
2025-10-26,6,30,108,144,36,0,0.41821283,10521.080933,0.00416928,27189.817234,27076.925901,3,1,0,1.137e-13,0.000e+00,0.000e+00,538751.7754,475131.1545,0,0
2025-10-26,12,30,72,144,72,0,0.41821283,6277.791508,0.00573570,22014.430114,21888.882028,1,1,0,1.137e-13,0.000e+00,0.000e+00,401451.9269,250009.6420,0,0
2025-10-26,18,30,36,144,108,0,0.41821283,9921.364380,0.00000000,11241.450198,11241.450198,1,1,0,1.137e-13,0.000e+00,0.000e+00,246094.7871,228538.0125,0,0
2025-10-27,0,30,144,144,0,0,0.46752458,8647.853167,0.02572202,40408.062341,39394.749944,4,0,1,1.137e-13,0.000e+00,0.000e+00,585985.2054,458443.3211,0,0
2025-10-27,6,30,108,144,36,0,0.46752458,9862.715297,0.01513957,33645.908481,33144.120602,3,1,0,4.547e-13,0.000e+00,2.728e-12,553025.2119,469528.1397,0,0
2025-10-27,12,30,72,144,72,0,0.46752458,8497.118342,0.00221184,24344.346679,24290.619739,1,1,0,0.000e+00,0.000e+00,0.000e+00,344017.0870,263448.2996,0,0
2025-10-27,18,30,36,144,108,0,0.46752458,10192.278422,0.00000000,10877.460984,10877.460984,1,1,0,0.000e+00,0.000e+00,0.000e+00,243625.8964,229445.5905,0,0
2025-10-28,0,30,144,144,0,0,0.46853530,8586.591845,0.01762430,40176.815650,39480.990828,3,1,0,0.000e+00,0.000e+00,-6.138e-13,607211.3212,477768.8447,0,0
2025-10-28,6,30,108,144,36,0,0.46853530,10001.956540,0.01628209,32979.348601,32450.978821,2,1,0,0.000e+00,0.000e+00,0.000e+00,537932.0115,462014.5959,0,0
2025-10-28,12,30,72,144,72,0,0.46853530,7310.241232,0.00584644,25600.282065,25451.481582,3,1,0,5.684e-13,0.000e+00,3.411e-12,373349.4394,256903.4618,0,0
2025-10-28,18,30,36,144,108,0,0.46853530,10045.072060,0.00000000,10830.605273,10830.605273,1,1,0,1.137e-13,0.000e+00,0.000e+00,244776.3590,231933.9611,0,0
2025-10-29,0,30,144,144,0,0,0.46959935,8610.278676,0.01331258,45011.165147,44419.822535,3,1,0,0.000e+00,-9.095e-13,-1.617e-11,616149.4967,483921.2648,0,0
2025-10-29,6,30,108,144,36,0,0.46959935,10342.267481,0.01011187,34172.109884,33830.025050,1,1,0,1.137e-13,0.000e+00,5.684e-13,568222.0488,493837.5429,0,0
2025-10-29,12,30,72,144,72,0,0.46959935,7426.396125,0.00088130,26854.834676,26831.188241,2,1,0,1.137e-13,0.000e+00,0.000e+00,389228.4753,266337.9674,0,0
2025-10-29,18,30,36,144,108,0,0.46959935,10123.855183,0.00000000,10959.489904,10959.489904,1,1,0,1.137e-13,0.000e+00,0.000e+00,245977.9136,233301.4362,0,0
2025-10-30,0,30,144,144,0,0,0.47325715,8463.280211,0.01854271,40127.620458,39397.091587,3,1,0,5.329e-13,-1.478e-12,5.329e-13,603814.3898,467475.4933,0,0
2025-10-30,6,30,108,144,36,0,0.47325715,9979.372055,0.01671810,31184.473140,30671.700547,4,0,1,1.137e-13,0.000e+00,0.000e+00,513539.9526,441308.6444,0,0
2025-10-30,12,30,72,144,72,0,0.47325715,6632.442724,0.00544502,25769.572674,25630.016690,3,1,0,1.137e-13,0.000e+00,0.000e+00,388982.0482,251374.9100,0,0
2025-10-30,18,30,36,144,108,0,0.47325715,9688.721817,0.00000000,12027.691266,12027.691266,1,1,0,1.137e-13,0.000e+00,0.000e+00,242490.8865,223465.9066,0,0
2025-10-31,0,30,144,144,0,0,0.47594923,8710.028307,0.00255624,13961.974972,13926.375865,2,1,0,5.684e-14,0.000e+00,0.000e+00,554303.5831,437296.1442,0,0
2025-10-31,6,30,108,144,36,0,0.47594923,6142.401260,0.00000000,7575.845310,7575.845310,1,1,0,0.000e+00,0.000e+00,0.000e+00,557235.1804,366917.8343,0,0
2025-10-31,12,30,72,144,72,0,0.47594923,9226.808959,0.00000000,7580.807071,7580.807071,1,1,0,0.000e+00,0.000e+00,0.000e+00,299521.7798,240793.3570,0,0
2025-10-31,18,30,36,144,108,0,0.47594923,9789.836152,0.00000000,3171.767341,3171.767341,1,1,0,0.000e+00,0.000e+00,0.000e+00,247466.4898,222550.2366,0,0
2025-11-01,0,30,144,144,0,0,0.43439606,8872.891252,0.00001008,12080.521028,12080.399299,2,1,0,6.217e-15,-1.243e-13,0.000e+00,563078.0327,446897.9428,0,0
2025-11-01,6,30,108,144,36,0,0.43439606,6057.064424,0.00000000,6689.071107,6689.071107,1,1,0,0.000e+00,0.000e+00,0.000e+00,565674.6201,369875.8090,0,0
2025-11-01,12,30,72,144,72,0,0.43439606,10135.222999,-0.00000000,6737.072434,6737.072434,1,1,0,0.000e+00,0.000e+00,0.000e+00,275502.7520,246724.2753,0,0
2025-11-01,18,30,36,144,108,0,0.43439606,9609.414203,0.00000000,3884.675974,3884.675974,1,1,0,0.000e+00,0.000e+00,0.000e+00,252277.6962,221524.1228,0,0
2025-11-02,0,30,144,144,0,0,0.41808548,9007.143445,0.01489050,38865.886235,38295.645051,4,0,1,1.137e-13,0.000e+00,0.000e+00,619466.4877,482043.3837,0,0
2025-11-02,6,30,108,144,36,0,0.41808548,10367.071702,0.00906807,32593.627530,32300.722456,2,1,0,1.137e-13,0.000e+00,-3.979e-12,607080.7878,512472.9117,0,0
2025-11-02,12,30,72,144,72,0,0.41808548,7313.588750,0.00211460,23743.341385,23693.239677,2,1,0,1.137e-13,0.000e+00,0.000e+00,405226.0691,259699.1481,0,0
2025-11-02,18,30,36,144,108,0,0.41808548,10362.245747,0.00000000,10985.469299,10985.469299,1,1,0,1.137e-13,0.000e+00,0.000e+00,262048.7924,237622.8207,0,0
2025-11-03,0,30,144,144,0,0,0.47015699,9127.817717,0.01082049,46456.964911,45959.658872,3,1,0,0.000e+00,0.000e+00,-4.317e-13,621064.7415,484452.1630,0,0
2025-11-03,6,30,108,144,36,0,0.47015699,10502.405101,0.00342600,34797.231695,34678.423527,2,1,0,1.137e-13,0.000e+00,0.000e+00,577906.7813,485562.8466,0,0
2025-11-03,12,30,72,144,72,0,0.47015699,7337.131460,0.00070217,27609.912358,27590.539116,2,1,0,1.137e-13,0.000e+00,0.000e+00,417832.4816,269051.3300,0,0
2025-11-03,18,30,36,144,108,0,0.47015699,9863.643807,0.00000000,12127.706389,12127.706389,1,1,0,0.000e+00,0.000e+00,0.000e+00,268277.6458,224539.0521,0,0
2025-11-04,0,30,144,144,0,0,0.47316281,9734.688363,0.01307055,43245.331099,42687.383358,2,1,0,2.487e-14,0.000e+00,-8.846e-13,609851.4375,479978.4515,0,0
2025-11-04,6,30,108,144,36,0,0.47316281,10668.662071,0.01102311,34192.061685,33819.268210,4,1,0,1.137e-13,0.000e+00,0.000e+00,606601.9795,506139.9798,0,0
2025-11-04,12,30,72,144,72,0,0.47316281,8211.272392,0.00122573,25091.193544,25060.476131,1,1,0,1.137e-13,0.000e+00,0.000e+00,393006.3042,260950.2044,0,0
2025-11-04,18,30,36,144,108,0,0.47316281,9735.270891,0.00000000,11715.761758,11715.761758,1,1,0,1.137e-13,0.000e+00,0.000e+00,286286.4578,224015.1227,0,0
2025-11-05,0,30,144,144,0,0,0.47098292,9793.106721,0.01028888,48014.102814,47525.122753,3,1,0,5.684e-14,0.000e+00,-7.043e-13,615800.2211,489434.4182,0,0
2025-11-05,6,30,108,144,36,0,0.47098292,10588.599629,0.00232106,34505.998191,34426.093026,2,1,0,1.137e-13,0.000e+00,0.000e+00,600379.4990,496304.3791,0,0
2025-11-05,12,30,72,144,72,0,0.47098292,6880.067325,0.00088267,28300.262525,28275.304832,2,1,0,1.137e-13,0.000e+00,0.000e+00,440101.6904,264415.0023,0,0
2025-11-05,18,30,36,144,108,0,0.47098292,9933.429232,0.00000000,11883.525305,11883.525305,1,1,0,1.137e-13,0.000e+00,0.000e+00,278584.4948,227037.7405,0,0
2025-11-06,0,30,144,144,0,0,0.47295495,10005.304629,0.00969381,44709.859769,44280.611982,3,1,0,0.000e+00,0.000e+00,-2.487e-13,600175.1719,481545.2293,0,0
2025-11-06,6,30,108,144,36,0,0.47295495,10660.860778,0.00846193,36800.228872,36491.440723,4,0,1,1.137e-13,0.000e+00,0.000e+00,621076.4807,519512.0500,0,0
2025-11-06,12,30,72,144,72,0,0.47295495,7194.052414,0.00132362,26819.850475,26784.398165,1,1,0,1.137e-13,0.000e+00,0.000e+00,432237.1328,267284.8288,0,0
2025-11-06,18,30,36,144,108,0,0.47295495,9563.455866,-0.00000000,11906.021018,11906.021018,1,1,0,1.137e-13,0.000e+00,0.000e+00,283252.0543,216766.9759,0,0
2025-11-07,0,30,144,144,0,0,0.47931075,10012.198844,0.00000000,13465.987042,13465.987042,1,1,0,5.684e-14,0.000e+00,-8.640e-13,596728.4327,476442.8019,0,0
2025-11-07,6,30,108,144,36,0,0.47931075,7417.906511,0.00000000,7730.922948,7730.922948,1,1,0,0.000e+00,0.000e+00,0.000e+00,598757.5099,409300.5710,0,0
2025-11-07,12,30,72,144,72,0,0.47931075,8640.756246,0.00000000,7444.208819,7444.208819,1,1,0,1.137e-13,0.000e+00,0.000e+00,366751.3754,253706.9777,0,0
2025-11-07,18,30,36,144,108,0,0.47931075,9608.816216,0.00000000,3395.971488,3395.971488,1,1,0,0.000e+00,0.000e+00,0.000e+00,294226.0833,223548.9823,0,0
2025-11-08,0,30,144,144,0,0,0.43267187,10248.848534,0.00520097,12574.654827,12509.592833,3,1,0,0.000e+00,0.000e+00,0.000e+00,588704.8335,477836.3583,0,0
2025-11-08,6,30,108,144,36,0,0.43267187,7608.297187,-0.00000000,7219.500077,7219.500077,1,1,0,1.137e-13,0.000e+00,0.000e+00,558681.0704,383519.5731,0,0
2025-11-08,12,30,72,144,72,0,0.43267187,9976.702994,0.00000000,7077.552719,7077.552719,1,1,0,1.137e-13,0.000e+00,0.000e+00,318296.0584,251407.1364,0,0
2025-11-08,18,30,36,144,108,0,0.43267187,9752.544546,0.00000000,2910.672052,2910.672052,1,1,0,1.137e-13,0.000e+00,0.000e+00,290164.3497,227449.4506,0,0
2025-11-09,0,30,144,144,0,0,0.42064562,10033.235233,0.00882647,41265.863752,40904.818797,4,1,0,3.297e-12,-1.137e-13,4.547e-13,582596.3946,475887.2988,0,0
2025-11-09,6,30,108,144,36,0,0.42064562,10735.639600,0.00496895,32052.880192,31894.398639,2,1,0,1.137e-13,0.000e+00,0.000e+00,566740.7193,479868.5849,0,0
2025-11-09,12,30,72,144,72,0,0.42064562,7864.372997,0.00092689,24977.652148,24954.521933,2,1,0,1.137e-13,0.000e+00,0.000e+00,408585.2706,271315.0491,0,0
2025-11-09,18,30,36,144,108,0,0.42064562,9840.363869,0.00000000,11438.239164,11438.239164,1,1,0,1.137e-13,0.000e+00,0.000e+00,270078.7811,224945.6050,0,0
2025-11-10,0,30,144,144,0,0,0.46626579,9523.066663,0.00875609,47031.157196,46622.922756,4,1,0,2.046e-12,0.000e+00,0.000e+00,617028.3910,486243.5062,0,0
2025-11-10,6,30,108,144,36,0,0.46626579,10704.256624,0.01136789,40806.649048,40347.977841,2,1,0,2.046e-12,0.000e+00,0.000e+00,586314.9480,495725.3921,0,0
2025-11-10,12,30,72,144,72,0,0.46626579,7755.504094,0.00050176,28918.814815,28904.311912,3,1,0,1.137e-13,0.000e+00,0.000e+00,421183.0954,274530.2071,0,0
2025-11-10,18,30,36,144,108,0,0.46626579,9908.376415,0.00000000,11593.057589,11593.057589,1,1,0,2.046e-12,0.000e+00,0.000e+00,274190.3735,226296.2691,0,0
2025-11-11,0,30,144,144,0,0,0.47079172,9559.408490,0.00791876,50131.641343,49737.779690,4,1,0,5.684e-14,-1.819e-12,-3.638e-12,636508.6455,502456.1993,0,0
2025-11-11,6,30,108,144,36,0,0.47079172,10749.607475,0.00426091,39311.649471,39144.856827,2,1,0,1.137e-13,0.000e+00,0.000e+00,584729.2909,490449.1805,0,0
2025-11-11,12,30,72,144,72,0,0.47079172,8734.943249,0.00135546,27896.215886,27858.454880,2,1,0,1.137e-13,-1.819e-12,0.000e+00,389298.6484,275086.2469,0,0
2025-11-11,18,30,36,144,108,0,0.47079172,9952.798513,0.00000000,11906.354999,11906.354999,1,1,0,1.137e-13,-1.819e-12,0.000e+00,278032.3882,227760.2753,0,0
2025-11-12,0,30,144,144,0,0,0.46911389,9913.260375,0.00681435,46330.121635,46016.548910,4,1,0,0.000e+00,0.000e+00,0.000e+00,606523.0448,486321.4285,0,0
2025-11-12,6,30,108,144,36,0,0.46911389,10790.681436,0.01009643,40736.805565,40329.620326,4,1,0,6.821e-13,0.000e+00,4.775e-12,602217.1244,510134.3420,0,0
2025-11-12,12,30,72,144,72,0,0.46911389,8068.114814,0.00037815,26839.535527,26829.390057,2,1,0,1.137e-13,0.000e+00,0.000e+00,405104.6846,268553.9157,0,0
2025-11-12,18,30,36,144,108,0,0.46911389,9539.188072,0.00000000,12549.839004,12549.839004,1,1,0,1.137e-13,0.000e+00,0.000e+00,279791.1691,217087.0605,0,0
2025-11-13,0,30,144,144,0,0,0.46899143,10049.971138,0.00910845,45068.026741,44661.232072,4,1,0,0.000e+00,-1.637e-12,-1.171e-11,612800.1725,492341.6031,0,0
2025-11-13,6,30,108,144,36,0,0.46899143,10503.830369,0.01539833,37111.132631,36548.349021,4,1,0,4.832e-13,0.000e+00,0.000e+00,560563.6531,463573.8724,0,0
2025-11-13,12,30,72,144,72,0,0.46899143,8551.348659,0.00078076,26641.770784,26620.986076,1,1,0,1.137e-13,-1.137e-13,-1.137e-13,398933.5114,282309.5841,0,0
2025-11-13,18,30,36,144,108,0,0.46899143,9191.338233,0.00000000,12403.653958,12403.653958,1,1,0,1.137e-13,0.000e+00,0.000e+00,289216.9835,213602.9799,0,0
2025-11-14,0,30,144,144,0,0,0.47517408,10031.742291,0.00104341,13974.966937,13960.400469,2,1,0,1.279e-13,0.000e+00,-6.839e-14,602200.1475,482823.5154,0,0
2025-11-14,6,30,108,144,36,0,0.47517408,6559.259240,-0.00000000,8110.390595,8110.390595,1,1,0,7.105e-14,0.000e+00,0.000e+00,605494.6278,389510.2635,0,0
2025-11-14,12,30,72,144,72,0,0.47517408,7786.231163,-0.00000000,8142.906908,8142.906908,1,1,0,0.000e+00,0.000e+00,0.000e+00,393358.7286,251570.4868,0,0
2025-11-14,18,30,36,144,108,0,0.47517408,9631.159105,0.00000000,3369.280419,3369.280419,1,1,0,0.000e+00,0.000e+00,0.000e+00,291337.9559,224558.4812,0,0
2025-11-15,0,30,144,144,0,0,0.43262481,10129.468296,0.02166868,14302.294464,13998.955552,2,1,0,0.000e+00,0.000e+00,-7.727e-13,571339.1892,456572.0383,0,0
2025-11-15,6,30,108,144,36,0,0.43262481,8638.285264,0.00000000,7708.801666,7708.801666,1,1,0,1.137e-13,0.000e+00,-7.603e-13,553591.1807,399782.6243,0,0
2025-11-15,12,30,72,144,72,0,0.43262481,9256.605980,-0.00000000,7466.940405,7466.940405,1,1,0,5.240e-13,0.000e+00,0.000e+00,347044.7542,248390.6183,0,0
2025-11-15,18,30,36,144,108,0,0.43262481,9861.875104,0.00000000,3100.410329,3100.410329,1,1,0,0.000e+00,0.000e+00,0.000e+00,294320.5296,228702.9105,0,0
2025-11-16,0,30,144,144,0,0,0.42160192,9995.693165,0.00926151,43493.765233,43094.643736,4,1,0,2.842e-14,-1.137e-13,0.000e+00,573181.3176,464510.2705,0,0
2025-11-16,6,30,108,144,36,0,0.42160192,10686.748097,0.00821204,38522.041137,38208.273292,3,1,0,2.018e-12,0.000e+00,1.594e-11,587979.7379,497292.0726,0,0
2025-11-16,12,30,72,144,72,0,0.42160192,7902.947225,0.00082464,25455.191353,25434.217260,1,1,0,0.000e+00,0.000e+00,0.000e+00,415511.9322,279500.5855,0,0
2025-11-16,18,30,36,144,108,0,0.42160192,9382.372349,0.00000000,12717.638729,12717.638729,1,1,0,0.000e+00,0.000e+00,0.000e+00,271945.3376,214903.0538,0,0
2025-11-17,0,30,144,144,0,0,0.46627786,9648.926009,0.00453516,44927.742565,44724.907915,4,0,1,5.684e-13,0.000e+00,0.000e+00,609746.5862,478119.0939,0,0
2025-11-17,6,30,108,144,36,0,0.46627786,10744.215171,0.00794424,42721.744930,42385.027885,3,1,0,1.137e-13,0.000e+00,0.000e+00,614198.9289,512282.2976,0,0
2025-11-17,12,30,72,144,72,0,0.46627786,8080.540375,0.00310494,27945.385610,27858.885448,1,1,0,1.137e-13,0.000e+00,0.000e+00,420526.5142,283975.9793,0,0
2025-11-17,18,30,36,144,108,0,0.46627786,9764.006409,0.00000000,11886.067604,11886.067604,1,1,0,0.000e+00,0.000e+00,0.000e+00,292148.5151,224521.9627,0,0
2025-11-18,0,30,144,144,0,0,0.46836549,10443.885158,0.00437690,46871.524398,46667.266448,4,1,0,2.501e-12,-2.274e-13,9.914e-12,575686.7190,478880.2194,0,0
2025-11-18,6,30,108,144,36,0,0.46836549,10541.417536,0.00413401,37609.691346,37454.852627,2,1,0,5.684e-13,0.000e+00,1.137e-12,580728.2204,480266.5920,0,0
2025-11-18,12,30,72,144,72,0,0.46836549,5347.878144,0.00207284,31235.890770,31171.277780,1,1,0,0.000e+00,-2.274e-13,0.000e+00,458054.1711,251494.6158,0,0
2025-11-18,18,30,36,144,108,0,0.46836549,8663.119629,0.00000000,13149.033643,13149.033643,1,1,0,0.000e+00,0.000e+00,0.000e+00,271703.4774,199020.8727,0,0
2025-11-19,0,30,144,144,0,0,0.46814051,9297.590914,0.00333416,47521.926780,47364.007712,3,1,0,1.137e-13,0.000e+00,-1.755e-11,603759.0880,471006.4441,0,0
2025-11-19,6,30,108,144,36,0,0.46814051,10344.004496,0.00740746,45139.214719,44807.306409,3,1,0,3.297e-12,-2.558e-12,3.297e-12,591725.5365,493706.0043,0,0
2025-11-19,12,30,72,144,72,0,0.46814051,8496.500154,0.00047800,28140.938226,28127.493251,2,1,0,0.000e+00,0.000e+00,0.000e+00,389200.6596,272546.9103,0,0
2025-11-19,18,30,36,144,108,0,0.46814051,9643.769226,0.00000000,12324.712704,12324.712704,1,1,0,0.000e+00,0.000e+00,0.000e+00,265744.1459,222980.3283,0,0
2025-11-20,0,30,144,144,0,0,0.47085793,9110.360150,0.00345745,47953.136922,47787.912493,4,1,0,7.731e-12,0.000e+00,7.731e-12,595257.8880,461238.5090,0,0
2025-11-20,6,30,108,144,36,0,0.47085793,10697.990414,0.00828697,39428.444439,39104.387369,1,1,0,1.137e-13,0.000e+00,0.000e+00,552019.5736,475080.6433,0,0
2025-11-20,12,30,72,144,72,0,0.47085793,7503.206777,0.00235295,29831.351414,29761.324568,1,1,0,1.137e-13,0.000e+00,0.000e+00,386536.9002,265294.4733,0,0
2025-11-20,18,30,36,144,108,0,0.47085793,8239.992109,0.00000000,13183.198135,13183.198135,1,1,0,1.137e-13,0.000e+00,0.000e+00,253169.8775,187848.4406,0,0
2025-11-21,0,30,144,144,0,0,0.47455185,8962.071629,0.00020579,14877.929992,14874.868965,2,1,0,0.000e+00,0.000e+00,0.000e+00,604637.7461,451771.6727,0,0
2025-11-21,6,30,108,144,36,0,0.47455185,6896.410135,0.02597055,10388.100466,10125.144901,2,1,0,1.137e-13,0.000e+00,0.000e+00,591001.3661,386907.6745,0,0
2025-11-21,12,30,72,144,72,0,0.47455185,7945.902268,-0.00000000,8342.772404,8342.772404,1,1,0,0.000e+00,0.000e+00,0.000e+00,391822.3762,252296.1776,0,0
2025-11-21,18,30,36,144,108,0,0.47455185,9672.805465,0.00000000,3372.301035,3372.301035,1,1,0,0.000e+00,0.000e+00,0.000e+00,294190.8747,226362.6660,0,0
2025-11-22,0,30,144,144,0,0,0.43575488,10315.258148,0.00126216,14655.509278,14637.034960,2,1,0,0.000e+00,-7.958e-13,0.000e+00,557837.9102,450427.6390,0,0
2025-11-22,6,30,108,144,36,0,0.43575488,9920.229798,0.00000000,8020.443803,8020.443803,1,1,0,1.165e-12,0.000e+00,0.000e+00,523427.4505,408836.7319,0,0
2025-11-22,12,30,72,144,72,0,0.43575488,9200.434891,0.00000000,7645.383634,7645.383634,1,1,0,2.842e-13,0.000e+00,0.000e+00,347757.6535,247094.4887,0,0
2025-11-22,18,30,36,144,108,0,0.43575488,9646.555056,0.00000000,3210.655778,3210.655778,1,1,0,0.000e+00,0.000e+00,0.000e+00,292517.3100,225343.1544,0,0
2025-11-23,0,30,144,144,0,0,0.42268461,9789.572446,0.00218393,43906.747651,43811.067431,4,1,0,0.000e+00,-8.185e-13,0.000e+00,584215.3287,464926.5951,0,0
2025-11-23,6,30,108,144,36,0,0.42268461,10744.756387,0.00625395,39905.711378,39657.694107,4,0,1,5.002e-12,0.000e+00,0.000e+00,589549.6014,503086.2538,0,0
2025-11-23,12,30,72,144,72,0,0.42268461,7356.150448,0.00000931,26457.171831,26456.925623,2,1,0,7.958e-13,0.000e+00,0.000e+00,413349.8232,258047.3603,0,0
2025-11-23,18,30,36,144,108,0,0.42268461,9592.670250,0.00000000,12788.174009,12788.174009,1,1,0,1.137e-13,-2.274e-13,0.000e+00,260612.5054,222082.3553,0,0
2025-11-24,0,30,144,144,0,0,0.46815901,9273.567604,0.00261412,47264.816429,47141.582869,4,1,0,0.000e+00,0.000e+00,0.000e+00,611318.8119,470839.0498,0,0
2025-11-24,6,30,108,144,36,0,0.46815901,10708.434903,0.00813280,38747.311422,38434.729504,2,1,0,1.137e-13,-2.046e-13,0.000e+00,574725.8668,484747.0714,0,0
2025-11-24,12,30,72,144,72,0,0.46815901,7011.650593,0.00184803,28799.732306,28746.607789,1,1,0,1.137e-13,-2.046e-13,0.000e+00,419152.2323,264967.5751,0,0
2025-11-24,18,30,36,144,108,0,0.46815901,8526.423531,0.00000000,12389.961630,12389.961630,1,1,0,1.137e-13,0.000e+00,0.000e+00,268273.7934,196169.8066,0,0
2025-11-25,0,30,144,144,0,0,0.46887040,9000.283164,0.00162573,56661.934758,56569.967126,4,0,1,1.137e-13,0.000e+00,0.000e+00,633559.1643,485066.3263,0,0
2025-11-25,6,30,108,144,36,0,0.46887040,10714.008415,0.00052614,43849.825926,43826.766853,3,1,0,1.137e-13,0.000e+00,0.000e+00,580057.9656,478885.0837,0,0
2025-11-25,12,30,72,144,72,0,0.46887040,8320.414900,0.00000001,31141.975753,31141.975435,1,1,0,1.137e-13,-2.274e-13,0.000e+00,393306.3080,268273.1119,0,0
2025-11-25,18,30,36,144,108,0,0.46887040,9536.438416,0.00000000,12754.397384,12754.397384,1,1,0,1.137e-13,0.000e+00,0.000e+00,261477.0752,220274.2444,0,0
2025-11-26,0,30,144,144,0,0,0.46856785,9243.787065,0.00152329,51985.655131,51906.586102,4,0,1,1.137e-13,0.000e+00,0.000e+00,617575.9659,476536.5263,0,0
2025-11-26,6,30,108,144,36,0,0.46856785,10705.241984,0.00277843,43298.145466,43178.177871,2,1,0,1.137e-13,0.000e+00,0.000e+00,592334.8279,492637.6742,0,0
2025-11-26,12,30,72,144,72,0,0.46856785,7527.351808,0.00003657,31124.276531,31123.138367,2,1,0,1.137e-13,0.000e+00,0.000e+00,425861.3849,269800.6707,0,0
2025-11-26,18,30,36,144,108,0,0.46856785,9220.087613,0.00000000,12690.740023,12690.740023,1,1,0,1.137e-13,0.000e+00,0.000e+00,267233.7775,211816.4692,0,0
2025-11-27,0,30,144,144,0,0,0.46972280,9630.110370,0.00142303,50472.218755,50400.497463,4,0,1,3.535e-13,0.000e+00,0.000e+00,600049.2499,474895.2735,0,0
2025-11-27,6,30,108,144,36,0,0.46972280,10679.058644,0.00708383,42976.633756,42674.336226,2,1,0,0.000e+00,0.000e+00,0.000e+00,578526.6237,488964.9544,0,0
2025-11-27,12,30,72,144,72,0,0.46972280,8033.909240,0.00000121,29841.479819,29841.443698,2,1,0,0.000e+00,0.000e+00,0.000e+00,405889.3812,271065.0920,0,0
2025-11-27,18,30,36,144,108,0,0.46972280,9025.196750,0.00000000,12906.293343,12906.293343,1,1,0,0.000e+00,0.000e+00,0.000e+00,262362.1771,206444.6321,0,0
2025-11-28,0,30,144,144,0,0,0.47360555,9544.817304,0.00026371,15045.336607,15041.370044,1,1,0,4.718e-12,0.000e+00,-1.144e-12,607537.1164,467467.9184,0,0
2025-11-28,6,30,108,144,36,0,0.47360555,7962.307180,0.02184971,9805.907131,9596.232271,1,1,0,1.137e-13,0.000e+00,0.000e+00,590194.7357,413280.8306,0,0
2025-11-28,12,30,72,144,72,0,0.47360555,6680.583500,-0.00000000,8328.259129,8328.259129,1,1,0,7.390e-13,-2.046e-13,0.000e+00,435551.9625,250272.9326,0,0
2025-11-28,18,30,36,144,108,0,0.47360555,9594.612013,0.00000000,3498.535545,3498.535545,1,1,0,0.000e+00,0.000e+00,0.000e+00,296337.4798,224214.9376,0,0
2025-11-29,0,30,144,144,0,0,0.43398580,10293.699602,0.00184604,18624.099623,18589.782075,4,1,0,2.842e-14,0.000e+00,0.000e+00,569934.6214,462272.5695,0,0
2025-11-29,6,30,108,144,36,0,0.43398580,10308.209259,0.00799944,10568.296224,10484.426676,2,1,0,0.000e+00,0.000e+00,0.000e+00,507980.9881,407437.8328,0,0
2025-11-29,12,30,72,144,72,0,0.43398580,8000.860273,-0.00000000,8943.756206,8943.756206,1,1,0,1.137e-13,0.000e+00,0.000e+00,379359.4297,245078.2473,0,0
2025-11-29,18,30,36,144,108,0,0.43398580,9973.470167,0.00000000,3175.908145,3175.908145,1,1,0,1.137e-13,0.000e+00,0.000e+00,283999.5503,231750.6938,0,0
2025-11-30,0,30,144,144,0,0,0.42312043,9608.612627,0.00203426,47872.053772,47774.867329,4,0,1,1.137e-13,0.000e+00,0.000e+00,601361.8094,474151.2148,0,0
2025-11-30,6,30,108,144,36,0,0.42312043,10683.532098,0.00468526,42218.693202,42021.810147,4,1,0,0.000e+00,0.000e+00,0.000e+00,586723.4592,496661.7216,0,0
2025-11-30,12,30,72,144,72,0,0.42312043,7808.523979,0.00032813,28882.327402,28872.853281,1,1,0,0.000e+00,0.000e+00,0.000e+00,409989.7986,287753.1799,0,0
2025-11-30,18,30,36,144,108,0,0.42312043,8408.065256,0.00000000,12917.723429,12917.723429,1,1,0,0.000e+00,0.000e+00,0.000e+00,263092.7574,192687.8194,0,0
2025-12-01,0,30,144,144,0,0,0.46419642,8924.304653,0.00177848,56377.479826,56277.391779,4,0,1,1.137e-13,-3.274e-12,0.000e+00,637444.6543,486462.0646,0,0
2025-12-01,6,30,108,144,36,0,0.46419642,9646.013279,0.00207378,46762.673088,46665.898070,2,1,0,1.137e-13,0.000e+00,0.000e+00,578683.4463,452860.6302,0,0
2025-12-01,12,30,72,144,72,0,0.46419642,6207.303648,0.00001401,33249.411094,33248.945346,2,1,0,0.000e+00,0.000e+00,0.000e+00,434216.2941,246844.2118,0,0
2025-12-01,18,30,36,144,108,0,0.46419642,8197.842593,0.00000000,13284.439434,13284.439434,1,1,0,1.137e-13,0.000e+00,0.000e+00,261641.3808,186932.6525,0,0
2025-12-02,0,30,144,144,0,0,0.48453419,8771.059795,0.00282896,67794.481442,67603.234298,4,0,1,1.137e-13,0.000e+00,-6.750e-14,640523.5321,485492.9057,0,0
2025-12-02,6,30,108,144,36,0,0.48453419,10103.740649,0.00175468,56402.614858,56303.819857,2,1,0,1.137e-13,0.000e+00,-1.091e-12,585355.8505,469453.4718,0,0
2025-12-02,12,30,72,144,72,0,0.48453419,7779.530406,0.00021030,36478.291725,36470.621892,2,1,0,1.137e-13,0.000e+00,-2.927e-12,420495.7257,275951.1779,0,0
2025-12-02,18,30,36,144,108,0,0.48453419,10320.175226,0.00000000,12635.289752,12635.289752,1,1,0,1.137e-13,0.000e+00,0.000e+00,265659.2355,241743.9804,0,0
2025-12-03,0,30,144,144,0,0,0.49007813,9832.247055,0.00254630,59400.926890,59250.058174,4,0,1,6.963e-13,0.000e+00,0.000e+00,591549.5686,484201.2699,0,0
2025-12-03,6,30,108,144,36,0,0.49007813,10541.415700,0.00506454,55172.413452,54894.398362,4,0,1,1.137e-13,0.000e+00,0.000e+00,583412.5821,498607.1245,0,0
2025-12-03,12,30,72,144,72,0,0.49007813,7312.278881,0.00098576,38270.283858,38232.595884,3,1,0,1.137e-13,0.000e+00,0.000e+00,415413.7290,290542.8743,0,0
2025-12-03,18,30,36,144,108,0,0.49007813,9624.746342,0.00000000,12929.935261,12929.935261,1,1,0,0.000e+00,0.000e+00,0.000e+00,249426.3541,222636.9034,0,0
2025-12-04,0,30,144,144,0,0,0.49470797,9461.021701,0.00320403,66300.023223,66088.274142,4,0,1,1.137e-13,0.000e+00,0.000e+00,655055.1156,517955.0200,0,0
2025-12-04,6,30,108,144,36,0,0.49470797,10500.929578,0.00215184,53108.420768,52994.385300,2,1,0,0.000e+00,0.000e+00,0.000e+00,606356.6047,499004.7062,0,0
2025-12-04,12,30,72,144,72,0,0.49470797,6259.987685,0.00019742,36722.943865,36715.695510,3,1,0,1.137e-13,0.000e+00,0.000e+00,464182.9518,271985.5736,0,0
2025-12-04,18,30,36,144,108,0,0.49470797,9948.606486,0.00000000,11792.892698,11792.892698,1,1,0,1.137e-13,0.000e+00,0.000e+00,259990.2697,231753.6351,0,0
2025-12-05,0,30,144,144,0,0,0.50117119,9187.334663,0.00616943,22517.204497,22379.138066,4,1,0,4.547e-13,0.000e+00,-2.500e-13,593678.1806,460828.4544,0,0
2025-12-05,6,30,108,144,36,0,0.50117119,9254.814815,0.01241275,15164.749959,14978.821567,1,1,0,0.000e+00,0.000e+00,-3.411e-13,554755.9368,430412.6198,0,0
2025-12-05,12,30,72,144,72,0,0.50117119,5898.748258,0.00668023,12009.313682,11929.621052,1,1,0,1.137e-13,0.000e+00,0.000e+00,432690.8456,241767.9755,0,0
2025-12-05,18,30,36,144,108,0,0.50117119,9564.127881,0.00000000,4217.722998,4217.722998,1,1,0,1.137e-13,0.000e+00,0.000e+00,276185.5366,223003.8404,0,0
2025-12-06,0,30,144,144,0,0,0.44953437,10342.744650,0.00578283,23060.229824,22927.643081,4,0,1,2.856e-12,0.000e+00,0.000e+00,546727.0198,455540.3909,0,0
2025-12-06,6,30,108,144,36,0,0.44953437,9480.199419,0.00845981,15261.626080,15133.598685,2,1,0,1.137e-13,0.000e+00,0.000e+00,536360.2105,417962.1479,0,0
2025-12-06,12,30,72,144,72,0,0.44953437,6654.282956,0.00050364,10930.723678,10925.221262,4,0,1,1.137e-13,0.000e+00,0.000e+00,410847.8729,239436.7571,0,0
2025-12-06,18,30,36,144,108,0,0.44953437,10051.646013,0.00000000,4321.608905,4321.608905,1,1,0,0.000e+00,0.000e+00,0.000e+00,272337.7290,234013.0580,0,0
2025-12-07,0,30,144,144,0,0,0.44544949,10005.868523,0.00389949,65601.706542,65346.887172,4,1,0,6.821e-13,-4.070e-12,6.821e-13,634853.1282,522596.3752,0,0
2025-12-07,6,30,108,144,36,0,0.44544949,10764.612771,0.00229209,53544.755975,53422.306990,2,1,0,1.137e-13,0.000e+00,0.000e+00,581897.4162,490715.4325,0,0
2025-12-07,12,30,72,144,72,0,0.44544949,8489.833896,0.00012073,34905.666520,34901.452886,3,1,0,1.137e-13,0.000e+00,0.000e+00,412373.8436,295559.0212,0,0
2025-12-07,18,30,36,144,108,0,0.44544949,10785.034172,0.00000000,12101.179184,12101.179184,1,1,0,1.137e-13,0.000e+00,0.000e+00,252911.4854,253694.9109,0,0
2025-12-08,0,30,144,144,0,0,0.49470975,9568.292502,0.00366710,68456.228273,68206.109887,4,0,1,6.821e-13,0.000e+00,0.000e+00,626830.9180,504184.7872,0,0
2025-12-08,6,30,108,144,36,0,0.49470975,10738.751773,0.00336109,56603.801693,56414.188289,2,1,0,0.000e+00,0.000e+00,0.000e+00,563781.5816,483834.8506,0,0
2025-12-08,12,30,72,144,72,0,0.49470975,10545.030036,0.00011798,35120.664266,35116.521245,2,1,0,0.000e+00,0.000e+00,0.000e+00,336995.8249,291723.5494,0,0
2025-12-08,18,30,36,144,108,0,0.49470975,10095.779572,0.00000000,12129.682733,12129.682733,1,1,0,0.000e+00,0.000e+00,0.000e+00,253592.1765,234811.4426,0,0
2025-12-09,0,30,144,144,0,0,0.50122708,9091.457381,0.00367582,68092.081647,67842.704337,4,0,1,3.524e-12,0.000e+00,-1.137e-13,641238.7716,502360.7434,0,0
2025-12-09,6,30,108,144,36,0,0.50122708,10782.884310,0.00251612,54174.944592,54038.976207,2,1,0,1.137e-13,0.000e+00,-6.750e-14,590714.6788,500546.0015,0,0
2025-12-09,12,30,72,144,72,0,0.50122708,8146.725353,0.00017032,34489.649412,34483.776285,4,1,0,1.137e-13,0.000e+00,0.000e+00,418737.6968,292146.9963,0,0
2025-12-09,18,30,36,144,108,0,0.50122708,9784.894871,0.00000000,12631.871778,12631.871778,1,1,0,1.137e-13,0.000e+00,0.000e+00,254274.8068,226414.6232,0,0
2025-12-10,0,30,144,144,0,0,0.50147994,8729.817986,0.00390944,64590.165812,64338.638085,4,0,1,1.137e-13,0.000e+00,-5.684e-13,667504.8399,510692.7255,0,0
2025-12-10,6,30,108,144,36,0,0.50147994,10783.962047,0.00647333,54568.056961,54217.091929,2,1,0,1.137e-13,0.000e+00,0.000e+00,619445.8542,527795.1237,0,0
2025-12-10,12,30,72,144,72,0,0.50147994,6419.276729,0.00013492,37447.643081,37442.591440,1,1,0,0.000e+00,0.000e+00,0.000e+00,477111.9239,289400.9427,0,0
2025-12-10,18,30,36,144,108,0,0.50147994,10091.173976,0.00000000,11782.343297,11782.343297,1,1,0,0.000e+00,0.000e+00,0.000e+00,263010.8977,233921.5406,0,0
2025-12-11,0,30,144,144,0,0,0.50667715,9368.655617,0.00412127,67652.069100,67374.400795,4,0,1,1.137e-13,0.000e+00,-4.547e-13,651559.4022,512981.3020,0,0
2025-12-11,6,30,108,144,36,0,0.50667715,10730.552681,0.00290389,53572.258187,53417.140518,2,1,0,0.000e+00,0.000e+00,0.000e+00,595042.9191,497479.6479,0,0
2025-12-11,12,30,72,144,72,0,0.50667715,8536.674969,0.00017085,35140.892373,35134.889479,2,1,0,0.000e+00,0.000e+00,0.000e+00,416920.8410,294600.2780,0,0
2025-12-11,18,30,36,144,108,0,0.50667715,9941.511558,0.00000000,11854.245273,11854.245273,1,1,0,0.000e+00,0.000e+00,0.000e+00,268788.7066,229527.2510,0,0
2025-12-12,0,30,144,144,0,0,0.50647471,9588.006638,0.00582938,22287.214572,22158.046970,3,1,0,0.000e+00,-5.684e-14,-1.137e-13,581128.8969,458037.9247,0,0
2025-12-12,6,30,108,144,36,0,0.50647471,9389.841796,0.01237068,15712.188014,15520.192695,2,1,0,0.000e+00,0.000e+00,0.000e+00,557061.8547,433056.7872,0,0
2025-12-12,12,30,72,144,72,0,0.50647471,6198.404747,0.00862304,10905.330980,10812.097841,2,1,0,0.000e+00,0.000e+00,0.000e+00,432532.1452,245921.5795,0,0
2025-12-12,18,30,36,144,108,0,0.50647471,9693.422586,0.00000000,3150.418348,3150.418348,1,1,0,1.137e-13,0.000e+00,0.000e+00,283344.7111,226144.1206,0,0
2025-12-13,0,30,144,144,0,0,0.45369515,9740.389750,0.00619978,22926.773319,22785.508223,4,1,0,6.253e-13,-9.379e-13,0.000e+00,555886.6653,442717.5341,0,0
2025-12-13,6,30,108,144,36,0,0.45369515,10562.351397,0.01084699,15483.535056,15317.387582,2,1,0,0.000e+00,0.000e+00,0.000e+00,487819.5732,409103.1153,0,0
2025-12-13,12,30,72,144,72,0,0.45369515,8751.195245,0.00061568,9164.463037,9158.824176,2,1,0,0.000e+00,0.000e+00,0.000e+00,348837.1825,244540.6301,0,0
2025-12-13,18,30,36,144,108,0,0.45369515,10328.723968,0.00000000,3177.557734,3177.557734,1,1,0,0.000e+00,0.000e+00,0.000e+00,278780.7718,233510.0673,0,0
2025-12-14,0,30,144,144,0,0,0.44828145,9795.383509,0.00278680,59300.036048,59135.238135,4,0,1,1.137e-13,0.000e+00,0.000e+00,675153.3421,537218.9741,0,0
2025-12-14,6,30,108,144,36,0,0.44828145,10800.000000,0.00636369,52382.914162,52051.673375,4,1,0,1.137e-12,0.000e+00,9.095e-12,661562.3372,553501.9073,0,0
2025-12-14,12,30,72,144,72,0,0.44828145,7707.405251,0.00149395,34141.592845,34090.663015,1,1,0,1.137e-13,0.000e+00,0.000e+00,495856.9756,335279.3293,0,0
2025-12-14,18,30,36,144,108,0,0.44828145,10766.743134,0.00000000,11936.445249,11936.445249,1,1,0,3.411e-13,0.000e+00,0.000e+00,288350.6143,252326.5991,0,0
2025-12-15,0,30,144,144,0,0,0.50449709,10642.351516,0.00257269,62661.676536,62500.881097,3,1,0,2.274e-13,-2.842e-12,-1.044e-12,629512.3345,525650.7835,0,0
2025-12-15,6,30,108,144,36,0,0.50449709,10616.555612,0.00510559,56157.660468,55872.399087,4,0,1,1.137e-13,0.000e+00,0.000e+00,656003.9758,546623.6980,0,0
2025-12-15,12,30,72,144,72,0,0.50449709,7138.095262,0.00233928,35908.890233,35825.085244,1,1,0,1.137e-13,0.000e+00,0.000e+00,487234.3630,317409.1411,0,0
2025-12-15,18,30,36,144,108,0,0.50449709,10010.726260,0.00000255,11519.158281,11519.128876,1,1,0,1.137e-13,0.000e+00,0.000e+00,284277.1754,236454.0898,0,0
2025-12-16,0,30,144,144,0,0,0.50610531,9738.584540,0.00379864,68878.065556,68617.412394,4,1,0,7.958e-13,0.000e+00,-1.137e-13,683046.5739,544938.0645,0,0
2025-12-16,6,30,108,144,36,0,0.50610531,10594.416663,0.00166944,55295.571221,55203.412272,2,1,0,9.095e-13,0.000e+00,-1.137e-12,639726.6910,529276.7778,0,0
2025-12-16,12,30,72,144,72,0,0.50610531,7159.703358,0.00041048,35904.480902,35889.749002,1,1,0,1.137e-13,0.000e+00,0.000e+00,474868.9179,302988.1302,0,0
2025-12-16,18,30,36,144,108,0,0.50610531,10146.217375,0.00000000,12008.560367,12008.560367,1,1,0,1.137e-13,0.000e+00,0.000e+00,281086.9187,238514.0277,0,0
2025-12-17,0,30,144,144,0,0,0.50524878,9412.647139,0.00379594,69736.316023,69472.602256,4,1,0,0.000e+00,-2.569e-12,-9.070e-12,681939.7918,534142.1196,0,0
2025-12-17,6,30,108,144,36,0,0.50524878,10539.988521,0.00161048,55002.114229,54913.676947,2,1,0,1.592e-12,-3.411e-13,1.592e-12,636288.5040,524408.5524,0,0
2025-12-17,12,30,72,144,72,0,0.50524878,7290.702375,0.00032218,34571.340102,34560.205492,1,1,0,1.506e-12,0.000e+00,0.000e+00,481433.7692,311443.2646,0,0
2025-12-17,18,30,36,144,108,0,0.50524878,10040.225943,0.00000837,11582.801497,11582.704591,2,1,0,0.000e+00,0.000e+00,0.000e+00,286608.6859,237923.6328,0,0
2025-12-18,0,30,144,144,0,0,0.50570623,9833.753527,0.00362987,65222.328322,64986.436193,3,1,0,1.819e-12,0.000e+00,7.162e-12,648747.3043,519383.5734,0,0
2025-12-18,6,30,108,144,36,0,0.50570623,10616.308076,0.00281444,54546.400423,54393.313838,2,1,0,1.137e-13,0.000e+00,0.000e+00,635413.2118,529975.5080,0,0
2025-12-18,12,30,72,144,72,0,0.50570623,7780.011028,0.00037517,33274.307702,33261.828845,1,1,0,3.162e-13,0.000e+00,0.000e+00,467221.8164,313496.3121,0,0
2025-12-18,18,30,36,144,108,0,0.50570623,10508.507676,0.00000000,11407.130855,11407.130855,1,1,0,1.137e-13,0.000e+00,0.000e+00,280812.0092,244486.4896,0,0
2025-12-19,0,30,144,144,0,0,0.51053698,9992.136102,0.00487888,21423.348688,21319.334123,3,1,0,5.116e-13,0.000e+00,0.000e+00,560375.0448,461204.9877,0,0
2025-12-19,6,30,108,144,36,0,0.51053698,9826.936534,0.00227426,14126.667966,14094.613083,1,1,0,1.137e-13,0.000e+00,-2.103e-12,531693.5921,433263.3089,0,0
2025-12-19,12,30,72,144,72,0,0.51053698,6178.294424,0.00159245,10388.069091,10371.552945,1,1,0,1.137e-13,0.000e+00,0.000e+00,412351.0601,233659.4519,0,0
2025-12-19,18,30,36,144,108,0,0.51053698,9068.388889,0.00000000,3923.401388,3923.401388,1,1,0,0.000e+00,0.000e+00,0.000e+00,263614.4853,208783.7951,0,0
2025-12-20,0,30,144,144,0,0,0.45641073,8916.142519,0.00754277,23129.860479,22956.703252,4,0,1,4.547e-13,0.000e+00,0.000e+00,575641.8767,442321.2147,0,0
2025-12-20,6,30,108,144,36,0,0.45641073,10113.805858,0.00055229,13253.238590,13245.923052,1,1,0,1.137e-13,0.000e+00,0.000e+00,540784.9206,444060.3764,0,0
2025-12-20,12,30,72,144,72,0,0.45641073,5575.122453,0.00294892,10283.279271,10253.043847,1,1,0,1.137e-13,0.000e+00,0.000e+00,428322.8396,227896.2447,0,0
2025-12-20,18,30,36,144,108,0,0.45641073,10206.520779,0.00000000,3121.742279,3121.742279,1,1,0,1.137e-13,0.000e+00,0.000e+00,261826.5685,231642.2435,0,0
2025-12-21,0,30,144,144,0,0,0.44593587,9190.328813,0.00862535,61400.725159,60875.651555,4,1,0,1.137e-13,0.000e+00,-4.547e-13,665459.7003,515533.5094,0,0
2025-12-21,6,30,108,144,36,0,0.44593587,10797.094493,0.00025374,49773.145579,49760.519521,2,1,0,3.411e-13,0.000e+00,3.411e-13,655233.7574,548139.1292,0,0
2025-12-21,12,30,72,144,72,0,0.44593587,6125.287691,0.00250622,33385.346850,33301.885158,2,1,0,1.137e-13,0.000e+00,0.000e+00,528171.9139,324617.7707,0,0
2025-12-21,18,30,36,144,108,0,0.44593587,10779.160183,0.00000000,11064.172589,11064.172589,1,1,0,1.137e-13,0.000e+00,0.000e+00,281997.8415,251074.6528,0,0
2025-12-22,0,30,144,144,0,0,0.50283099,10068.383665,0.00772976,65277.310166,64776.602411,4,1,0,7.958e-13,0.000e+00,-1.023e-11,631220.3964,510943.2885,0,0
2025-12-22,6,30,108,144,36,0,0.50283099,10412.819398,0.00088245,52598.446399,52552.071692,2,1,0,1.137e-13,0.000e+00,0.000e+00,624951.7096,513045.8456,0,0
2025-12-22,12,30,72,144,72,0,0.50283099,6820.904325,0.00150336,34357.830396,34306.255596,1,1,0,1.137e-13,0.000e+00,0.000e+00,498334.1465,313043.4294,0,0
2025-12-22,18,30,36,144,108,0,0.50283099,10330.658204,0.00000000,11157.511008,11157.511008,1,1,0,1.137e-13,0.000e+00,0.000e+00,281033.8639,240075.2819,0,0
2025-12-23,0,30,144,144,0,0,0.50992282,9520.164995,0.00738544,68898.278688,68393.165220,4,0,1,6.821e-13,0.000e+00,0.000e+00,669877.9457,526209.0933,0,0
2025-12-23,6,30,108,144,36,0,0.50992282,10800.000000,0.00012755,53389.915607,53383.106344,2,1,0,1.137e-13,0.000e+00,1.137e-13,661458.1680,551788.9512,0,0
2025-12-23,12,30,72,144,72,0,0.50992282,6821.217891,0.00084016,34812.898678,34783.674993,2,1,0,0.000e+00,0.000e+00,0.000e+00,508701.6927,319221.2507,0,0
2025-12-23,18,30,36,144,108,0,0.50992282,10356.565981,0.00000000,11500.243702,11500.243702,1,1,0,1.137e-13,0.000e+00,0.000e+00,287104.5590,243371.7711,0,0
2025-12-24,0,30,144,144,0,0,0.50798690,9855.308323,0.00731271,66719.068395,66234.712878,4,0,1,4.547e-13,0.000e+00,0.000e+00,657574.3792,524582.7182,0,0
2025-12-24,6,30,108,144,36,0,0.50798690,10800.000000,0.00048059,53479.910232,53454.220532,2,1,0,1.137e-13,0.000e+00,0.000e+00,645929.0666,539038.6711,0,0
2025-12-24,12,30,72,144,72,0,0.50798690,7002.699767,0.00099966,34571.845921,34537.320316,2,1,0,0.000e+00,0.000e+00,0.000e+00,499098.6484,315801.7702,0,0
2025-12-24,18,30,36,144,108,0,0.50798690,10255.702190,0.00000000,11413.186036,11413.186036,1,1,0,0.000e+00,0.000e+00,0.000e+00,287315.5764,242244.4819,0,0
2025-12-25,0,30,144,144,0,0,0.50663402,9765.455273,0.00737359,62937.174004,62476.498210,3,1,0,0.000e+00,-5.684e-13,-1.702e-12,641471.9388,508768.3087,0,0
2025-12-25,6,30,108,144,36,0,0.50663402,10750.873869,0.00105432,49401.030343,49349.000892,2,1,0,9.095e-13,0.000e+00,1.819e-12,616477.5922,512736.4473,0,0
2025-12-25,12,30,72,144,72,0,0.50663402,5616.926292,0.00204709,37649.608425,37572.693850,3,1,0,1.137e-13,0.000e+00,0.000e+00,538807.7261,314734.5633,0,0
2025-12-25,18,30,36,144,108,0,0.50663402,10406.338387,0.00000000,11733.246252,11733.246252,1,1,0,1.137e-13,0.000e+00,0.000e+00,287054.7642,242734.9280,0,0
2025-12-26,0,30,144,144,0,0,0.51098551,10089.944003,0.00851787,22826.814511,22634.020902,4,0,1,3.411e-13,0.000e+00,0.000e+00,543996.0401,445976.7601,0,0
2025-12-26,6,30,108,144,36,0,0.51098551,10065.461201,0.00037886,13321.432153,13316.387125,1,1,0,0.000e+00,0.000e+00,0.000e+00,545097.9104,441095.1357,0,0
2025-12-26,12,30,72,144,72,0,0.51098551,6337.774881,0.00818904,11093.007454,11002.904214,1,1,0,1.137e-13,0.000e+00,0.000e+00,390531.5368,226065.1174,0,0
2025-12-26,18,30,36,144,108,0,0.51098551,9242.467668,0.00000000,3922.649640,3922.649640,1,1,0,1.137e-13,0.000e+00,0.000e+00,259704.9679,213190.1713,0,0
2025-12-27,0,30,144,144,0,0,0.46447037,9327.421992,0.00607352,22121.499876,21987.955541,4,0,1,2.274e-13,0.000e+00,0.000e+00,554213.5864,434042.5311,0,0
2025-12-27,6,30,108,144,36,0,0.46447037,10223.712789,0.00048397,13116.646870,13110.301931,2,1,0,1.137e-13,-8.129e-12,0.000e+00,535934.2101,438570.8287,0,0
2025-12-27,12,30,72,144,72,0,0.46447037,6318.105682,0.00081230,10134.152980,10125.927691,2,1,0,1.137e-13,0.000e+00,0.000e+00,401830.6634,226389.3061,0,0
2025-12-27,18,30,36,144,108,0,0.46447037,10306.590426,0.00000000,3312.701940,3312.701940,1,1,0,1.137e-13,0.000e+00,0.000e+00,258675.4485,231704.3201,0,0
2025-12-28,0,30,144,144,0,0,0.45309104,9355.391565,0.00803905,58694.390042,58226.305639,4,0,1,2.842e-12,0.000e+00,0.000e+00,663865.4293,516470.4055,0,0
2025-12-28,6,30,108,144,36,0,0.45309104,10669.445448,0.00200735,47990.403852,47894.263105,2,1,0,1.137e-12,0.000e+00,1.137e-12,627043.4372,518576.8352,0,0
2025-12-28,12,30,72,144,72,0,0.45309104,6749.439681,0.00053906,31140.606121,31123.828553,2,1,0,1.137e-13,0.000e+00,0.000e+00,495527.7792,306564.7843,0,0
2025-12-28,18,30,36,144,108,0,0.45309104,10669.168696,0.00000000,10688.735791,10688.735791,1,1,0,1.137e-13,0.000e+00,0.000e+00,286812.5602,248232.0187,0,0
2025-12-29,0,30,144,144,0,0,0.50435734,10144.578445,0.00745151,62893.167574,62427.985068,4,1,0,2.558e-12,-1.023e-12,-4.761e-13,622522.1714,504459.9983,0,0
2025-12-29,6,30,108,144,36,0,0.50435734,10655.805623,0.00427528,51538.590024,51319.186031,3,1,0,1.023e-12,0.000e+00,1.023e-12,635601.3316,531292.9406,0,0
2025-12-29,12,30,72,144,72,0,0.50435734,7775.675711,0.00187442,33229.518360,33167.348857,1,1,0,1.137e-13,0.000e+00,0.000e+00,479916.2558,325049.9286,0,0
2025-12-29,18,30,36,144,108,0,0.50435734,10701.991549,0.00000000,10886.395382,10886.395382,1,1,0,1.137e-13,0.000e+00,0.000e+00,284376.9357,246900.9316,0,0
2025-12-30,0,30,144,144,0,0,0.50832178,9683.258654,0.00784819,64992.443853,64486.342928,4,1,0,4.547e-13,-5.230e-13,0.000e+00,648697.1091,512742.2568,0,0
2025-12-30,6,30,108,144,36,0,0.50832178,10759.164004,0.00215506,52091.210533,51979.192224,2,1,0,0.000e+00,-4.093e-13,0.000e+00,642551.7469,534750.2121,0,0
2025-12-30,12,30,72,144,72,0,0.50832178,6640.614571,0.00075047,33158.996296,33134.130011,2,1,0,1.634e-12,0.000e+00,0.000e+00,495307.1836,303641.6560,0,0
2025-12-30,18,30,36,144,108,0,0.50832178,10688.563263,0.00000000,11093.498681,11093.498681,1,1,0,1.137e-13,0.000e+00,0.000e+00,286236.5014,247799.0357,0,0
2025-12-31,0,30,144,144,0,0,0.50662346,9886.727619,0.00724401,66445.178008,65967.309977,4,0,1,1.137e-13,0.000e+00,0.000e+00,644244.5604,515234.3370,0,0
2025-12-31,6,30,108,108,36,0,0.50662346,10731.571312,0.00170054,52820.341722,52730.671319,3,1,0,1.137e-13,0.000e+00,0.000e+00,637420.4350,530221.7775,0,0
2025-12-31,12,30,72,72,72,0,0.50662346,7546.945888,0.00112901,33473.180071,33435.431221,1,1,0,1.137e-13,0.000e+00,0.000e+00,487476.4928,324014.8932,0,0
2025-12-31,18,30,36,36,108,0,0.50662346,10572.202975,0.00000000,10932.896225,10932.896225,1,1,0,1.137e-13,0.000e+00,0.000e+00,284253.4081,243456.9979,0,0
