date,tau,M,H,H_full,value_origin,tail,nu,E_in,relax_gap,fun,fun_uncapped,cap_iters,cap_converged,cap_pinned,cap_viol,deg_cd,deg_bc,sum_C,sum_D,fallback,skip
2025-02-01,0,19,144,144,0,0,0.42327944,10800.000000,0.01541407,18433.913507,18154.085213,3,1,0,9.592e-13,-3.126e-12,9.592e-13,334670.0324,287998.0421,3,0
2025-02-01,6,19,108,144,36,0,0.42327944,10144.627155,,10786.689666,,1,1,0,0.000e+00,0.000e+00,0.000e+00,324835.4622,267690.2259,3,0
2025-02-01,12,19,72,144,72,0,0.42327944,7761.898838,,7809.503559,,1,1,0,0.000e+00,0.000e+00,0.000e+00,222137.1912,139758.5307,3,0
2025-02-01,18,19,36,144,108,0,0.42327944,10687.023672,,3440.551069,,1,1,0,0.000e+00,0.000e+00,0.000e+00,156429.7665,136726.6214,3,0
2025-02-02,0,20,144,144,0,0,0.50805384,10598.808006,0.00559163,56257.286932,55944.466001,3,1,0,5.684e-13,-1.023e-12,-1.364e-12,407743.5380,339941.7664,3,0
2025-02-02,6,20,108,144,36,0,0.50805384,10546.126322,,44750.374866,,1,1,0,1.137e-13,0.000e+00,0.000e+00,401205.4293,333552.9630,3,0
2025-02-02,12,20,72,144,72,0,0.50805384,7479.032534,,30366.878316,,1,1,0,1.137e-13,0.000e+00,0.000e+00,286857.7688,183547.5336,3,0
2025-02-02,18,20,36,144,108,0,0.50805384,10407.662343,,11607.679303,,1,1,0,1.137e-13,0.000e+00,0.000e+00,180180.5331,154089.3854,3,0
2025-02-03,0,21,144,144,0,0,0.51361442,9252.746671,0.00810078,59683.842128,59204.241432,4,0,1,1.137e-13,-4.093e-13,-4.778e-13,461518.1879,358837.4251,3,0
2025-02-03,6,21,108,144,36,0,0.51361442,10745.649258,,47481.078800,,1,1,0,1.137e-13,-4.093e-13,0.000e+00,424770.4317,356913.0252,3,0
2025-02-03,12,21,72,144,72,0,0.51361442,7746.778498,,32252.348660,,1,1,0,1.137e-13,0.000e+00,0.000e+00,301477.9882,198038.1089,3,0
2025-02-03,18,21,36,144,108,0,0.51361442,10571.575795,,11846.450798,,1,1,0,1.137e-13,0.000e+00,0.000e+00,190057.6313,163242.9230,3,0
2025-02-04,0,22,144,144,0,0,0.51401845,9889.388176,0.00832559,59992.545706,59497.196552,4,1,0,0.000e+00,-6.821e-13,0.000e+00,454755.8772,367912.0609,3,0
2025-02-04,6,22,108,144,36,0,0.51401845,10800.000000,,47813.643818,,1,1,0,1.137e-13,0.000e+00,0.000e+00,429611.3593,365075.2138,3,0
2025-02-04,12,22,72,144,72,0,0.51401845,6886.678567,,34545.215445,,1,1,0,1.137e-13,0.000e+00,0.000e+00,317578.9077,199417.0410,3,0
2025-02-04,18,22,36,144,108,0,0.51401845,9540.584011,,13237.209442,,1,1,0,1.137e-13,0.000e+00,0.000e+00,189271.8213,161867.8188,3,0
2025-02-05,0,23,144,144,0,0,0.51218372,9287.875896,0.00591433,59513.363720,59163.451315,4,0,1,1.137e-13,0.000e+00,0.000e+00,513937.9706,403004.0716,3,0
2025-02-05,6,23,108,144,36,0,0.51218372,10368.611769,,48064.034587,,1,1,0,1.137e-13,0.000e+00,0.000e+00,477319.1262,396523.0448,3,0
2025-02-05,12,23,72,144,72,0,0.51218372,6042.640055,,35391.266283,,1,1,0,1.137e-13,0.000e+00,0.000e+00,352168.5613,210453.0585,3,0
2025-02-05,18,23,36,144,108,0,0.51218372,10648.059757,,11540.229337,,1,1,0,1.137e-13,0.000e+00,0.000e+00,203193.3053,175490.5570,3,0
2025-02-06,0,24,144,144,0,0,0.51502330,10192.809345,0.00493171,60160.281872,59865.044794,2,1,0,5.289e-11,-1.074e-11,-1.893e-10,519077.2826,424968.1133,3,0
2025-02-06,6,24,108,144,36,0,0.51502330,10738.233902,,48577.601257,,1,1,0,5.571e-12,0.000e+00,0.000e+00,498894.5519,420110.7888,3,0
2025-02-06,12,24,72,144,72,0,0.51502330,7971.849173,,33686.323616,,1,1,0,5.571e-12,0.000e+00,0.000e+00,339752.9133,229392.4679,3,0
2025-02-06,18,24,36,144,108,0,0.51502330,10782.571956,,11918.288512,,1,1,0,5.571e-12,0.000e+00,0.000e+00,214498.7142,185418.8833,3,0
2025-02-07,0,25,144,144,0,0,0.40969476,10480.462379,0.01596706,17102.078358,16833.300084,2,1,0,2.274e-13,0.000e+00,0.000e+00,445286.9504,375109.6833,3,0
2025-02-07,6,25,108,144,36,0,0.40969476,10073.845520,,10042.444545,,1,1,0,1.137e-13,0.000e+00,0.000e+00,428350.8092,350922.2222,3,0
2025-02-07,12,25,72,144,72,0,0.40969476,7456.250700,,8157.217074,,1,1,0,1.137e-13,0.000e+00,0.000e+00,306187.4220,188512.9780,3,0
2025-02-07,18,25,36,144,108,0,0.40969476,10400.914992,,3304.282814,,1,1,0,1.137e-13,0.000e+00,0.000e+00,211375.9152,175788.1830,3,0
2025-02-08,0,26,144,144,0,0,0.39775066,10533.401099,0.01584485,14804.760920,14573.840600,1,1,0,6.253e-13,0.000e+00,0.000e+00,480001.4812,401404.6099,3,0
2025-02-08,6,26,108,144,36,0,0.39775066,9496.302969,,8656.339690,,1,1,0,1.137e-13,0.000e+00,0.000e+00,466156.4832,364894.8740,3,0
2025-02-08,12,26,72,144,72,0,0.39775066,8657.475626,,7227.896046,,1,1,0,1.137e-13,0.000e+00,0.000e+00,293996.2598,203177.9256,3,0
2025-02-08,18,26,36,144,108,0,0.39775066,10246.507377,,3224.125766,,1,1,0,1.137e-13,0.000e+00,0.000e+00,230245.5095,187668.8321,3,0
2025-02-09,0,27,144,144,0,0,0.50579534,10154.907961,0.00562857,53978.712946,53676.590459,4,0,1,8.598e-13,0.000e+00,-6.821e-13,571826.4815,466882.6181,3,0
2025-02-09,6,27,108,144,36,0,0.50579534,10317.248262,,43480.968549,,1,1,0,1.137e-13,0.000e+00,0.000e+00,552230.4311,455978.8397,3,0
2025-02-09,12,27,72,144,72,0,0.50579534,5546.838528,,34468.989265,,1,1,0,1.137e-13,0.000e+00,0.000e+00,401105.4892,229540.4276,3,0
2025-02-09,18,27,36,144,108,0,0.50579534,9371.192383,,13339.871144,,1,1,0,1.137e-13,0.000e+00,0.000e+00,242192.5686,199834.2901,3,0
2025-02-10,0,28,144,144,0,0,0.51160728,9087.906602,0.00499571,57797.483408,57510.179191,4,0,1,1.137e-13,0.000e+00,0.000e+00,634798.9319,492394.3513,3,0
2025-02-10,6,28,108,144,36,0,0.51160728,10694.793792,,45428.700620,,1,1,0,1.137e-13,0.000e+00,0.000e+00,577544.9459,486260.6253,3,0
2025-02-10,12,28,72,144,72,0,0.51160728,9881.878559,,30823.050757,,1,1,0,1.137e-13,0.000e+00,0.000e+00,326669.9163,259494.3400,3,0
2025-02-10,18,28,36,144,108,0,0.51160728,10769.613430,,11086.455202,,1,1,0,1.137e-13,0.000e+00,0.000e+00,247155.4575,213892.4659,3,0
2025-02-11,0,29,144,144,0,0,0.50723188,10158.091361,0.00454231,55616.128093,55364.644976,4,0,1,1.137e-13,-2.046e-13,0.000e+00,604613.0266,495388.5774,3,0
2025-02-11,6,29,108,144,36,0,0.50723188,10800.000000,,43642.279172,,1,1,0,7.958e-13,-2.046e-13,0.000e+00,575927.5806,488278.1976,3,0
2025-02-11,12,29,72,144,72,0,0.50723188,7630.028735,,31425.765350,,1,1,0,1.137e-13,-2.046e-13,0.000e+00,412958.0743,271278.3965,3,0
2025-02-11,18,29,36,144,108,0,0.50723188,10783.732893,,11674.085402,,1,1,0,1.137e-13,0.000e+00,0.000e+00,252945.7368,218356.1494,3,0
2025-02-12,0,30,144,144,0,0,0.50558994,10301.375797,0.00418536,54479.072284,54252.007838,3,1,0,1.137e-13,-2.274e-13,3.411e-13,613272.2425,506275.6418,0,0
2025-02-12,6,30,108,144,36,0,0.50558994,10793.462175,,43252.044391,,1,1,0,1.137e-13,0.000e+00,-6.821e-13,587509.1246,498070.8587,0,0
2025-02-12,12,30,72,144,72,0,0.50558994,8155.455870,,30472.666177,,1,1,0,1.137e-13,0.000e+00,0.000e+00,401511.7170,273639.3668,0,0
2025-02-12,18,30,36,144,108,0,0.50558994,10650.977450,,11769.304462,,1,1,0,0.000e+00,0.000e+00,0.000e+00,261928.9370,225567.2449,0,0
2025-02-13,0,30,144,144,0,0,0.49925130,10242.294041,0.00317220,51457.949683,51295.230942,4,0,1,1.137e-13,0.000e+00,0.000e+00,624724.1583,511023.6321,0,0
2025-02-13,6,30,108,144,36,0,0.49925130,10400.452636,,40848.152595,,1,1,0,9.095e-13,0.000e+00,0.000e+00,601772.8479,496912.6301,0,0
2025-02-13,12,30,72,144,72,0,0.49925130,8754.699417,,29122.137036,,1,1,0,1.137e-13,0.000e+00,0.000e+00,391337.6459,279669.5629,0,0
2025-02-13,18,30,36,144,108,0,0.49925130,10778.182308,,11042.640229,,1,1,0,1.137e-13,0.000e+00,0.000e+00,275563.2023,234900.8877,0,0
2025-02-14,0,30,144,144,0,0,0.38036067,10597.210662,0.00024845,11273.426247,11270.626011,3,1,0,0.000e+00,0.000e+00,0.000e+00,609460.3780,503232.9931,0,0
2025-02-14,6,30,108,144,36,0,0.38036067,7762.202282,,6296.429691,,1,1,0,4.547e-13,0.000e+00,0.000e+00,595997.8696,415783.1350,0,0
2025-02-14,12,30,72,144,72,0,0.38036067,6560.022399,,6436.964509,,1,1,0,4.547e-13,0.000e+00,0.000e+00,435435.9388,253269.1142,0,0
2025-02-14,18,30,36,144,108,0,0.38036067,10127.941226,,3115.632696,,1,1,0,4.547e-13,0.000e+00,0.000e+00,291901.5325,234247.4103,0,0
2025-02-15,0,30,144,144,0,0,0.37684350,10609.121852,0.00020310,10626.564639,10624.406775,2,1,0,5.684e-14,0.000e+00,-4.263e-14,610598.2788,504375.9456,0,0
2025-02-15,6,30,108,144,36,0,0.37684350,7314.582958,,6026.037803,,1,1,0,1.137e-13,0.000e+00,0.000e+00,601100.5266,407730.2161,0,0
2025-02-15,12,30,72,144,72,0,0.37684350,7123.945079,,6117.079929,,1,1,0,1.137e-13,0.000e+00,0.000e+00,416151.6243,252774.3825,0,0
2025-02-15,18,30,36,144,108,0,0.37684350,10004.718259,,2973.773004,,1,1,0,1.137e-13,0.000e+00,0.000e+00,291649.1796,233175.3370,0,0
2025-02-16,0,30,144,144,0,0,0.49668815,9768.241357,0.00181617,46913.524785,46828.476257,3,1,0,4.547e-12,0.000e+00,7.844e-12,618160.6515,491187.5956,0,0
2025-02-16,6,30,108,144,36,0,0.49668815,10431.892514,,36683.956246,,1,1,0,4.661e-12,0.000e+00,0.000e+00,583056.3042,481337.4581,0,0
2025-02-16,12,30,72,144,72,0,0.49668815,5839.907032,,29659.666568,,1,1,0,4.661e-12,0.000e+00,0.000e+00,439564.8449,249473.0052,0,0
2025-02-16,18,30,36,144,108,0,0.49668815,9404.312694,,13637.119462,,1,1,0,4.661e-12,0.000e+00,0.000e+00,275756.7502,222715.7802,0,0
2025-02-17,0,30,144,144,0,0,0.50724870,9260.774342,0.00200966,50895.803921,50793.726008,3,1,0,4.974e-14,0.000e+00,-2.274e-13,635157.2639,493166.8793,0,0
2025-02-17,6,30,108,144,36,0,0.50724870,10700.763778,,39210.141320,,1,1,0,1.137e-13,0.000e+00,0.000e+00,577720.6724,485506.8489,0,0
2025-02-17,12,30,72,144,72,0,0.50724870,9701.809398,,27532.750145,,1,1,0,1.137e-13,0.000e+00,0.000e+00,340380.9402,263198.2802,0,0
2025-02-17,18,30,36,144,108,0,0.50724870,10800.000000,,10928.133945,,1,1,0,1.137e-13,0.000e+00,0.000e+00,273190.6931,232204.6890,0,0
2025-02-18,0,30,144,144,0,0,0.50306908,10234.304805,0.00204375,48707.927075,48608.583133,3,1,0,4.093e-12,0.000e+00,2.046e-11,595359.4330,486843.4711,0,0
2025-02-18,6,30,108,144,36,0,0.50306908,10757.028649,,37267.182962,,1,1,0,1.137e-13,0.000e+00,0.000e+00,568311.4129,478909.4912,0,0
2025-02-18,12,30,72,144,72,0,0.50306908,8792.026615,,27095.969904,,1,1,0,1.137e-13,0.000e+00,0.000e+00,364618.7535,257647.9827,0,0
2025-02-18,18,30,36,144,108,0,0.50306908,10620.492042,,11146.510301,,1,1,0,1.137e-13,0.000e+00,0.000e+00,272901.9442,231348.5914,0,0
2025-02-19,0,30,144,144,0,0,0.50101085,10381.538783,0.00196996,48051.220357,47956.747376,4,0,1,1.087e-12,0.000e+00,0.000e+00,593704.9048,488817.8387,0,0
2025-02-19,6,30,108,144,36,0,0.50101085,10296.291643,,37451.880350,,1,1,0,1.137e-13,0.000e+00,0.000e+00,574197.9813,470828.3686,0,0
2025-02-19,12,30,72,144,72,0,0.50101085,6867.329009,,27645.752887,,1,1,0,1.137e-13,0.000e+00,0.000e+00,425622.9258,258157.7386,0,0
2025-02-19,18,30,36,144,108,0,0.50101085,10577.371797,,11354.909956,,1,1,0,1.137e-13,0.000e+00,0.000e+00,273252.9163,231552.3999,0,0
2025-02-20,0,30,144,144,0,0,0.49983634,9844.498950,0.00183774,47773.927622,47686.292539,4,0,1,1.137e-13,0.000e+00,0.000e+00,633941.9231,507845.5904,0,0
2025-02-20,6,30,108,144,36,0,0.49983634,9941.336093,,37143.137234,,1,1,0,1.137e-13,0.000e+00,0.000e+00,593019.1538,477058.7160,0,0
2025-02-20,12,30,72,144,72,0,0.49983634,6806.530354,,28389.555934,,1,1,0,1.137e-13,0.000e+00,0.000e+00,430660.3302,261895.2032,0,0
2025-02-20,18,30,36,144,108,0,0.49983634,10719.887140,,11438.185090,,1,1,0,1.137e-13,0.000e+00,0.000e+00,272842.2673,232050.7731,0,0
2025-02-21,0,30,144,144,0,0,0.37749644,10718.979583,0.00009217,10392.915232,10391.957446,1,1,0,2.842e-14,0.000e+00,-7.709e-13,604817.9476,503923.5467,0,0
2025-02-21,6,30,108,144,36,0,0.37749644,6929.949600,,5858.647481,,1,1,0,1.137e-13,0.000e+00,0.000e+00,595770.4948,394291.3004,0,0
2025-02-21,12,30,72,144,72,0,0.37749644,8087.452828,,5921.152608,,1,1,0,1.137e-13,0.000e+00,0.000e+00,379934.2306,250716.5135,0,0
2025-02-21,18,30,36,144,108,0,0.37749644,10215.791102,,2835.933528,,1,1,0,1.137e-13,0.000e+00,0.000e+00,288012.7111,231884.2368,0,0
2025-02-22,0,30,144,144,0,0,0.37453475,10596.259970,0.00012600,10099.049144,10097.776843,4,1,0,2.842e-14,0.000e+00,-5.684e-14,606966.9039,501497.5806,0,0
2025-02-22,6,30,108,144,36,0,0.37453475,6719.826352,,5644.080437,,1,1,0,1.137e-13,0.000e+00,0.000e+00,600878.7481,391902.4667,0,0
2025-02-22,12,30,72,144,72,0,0.37453475,7522.926753,,5743.902954,,1,1,0,1.137e-13,0.000e+00,0.000e+00,398462.1785,249628.7562,0,0
2025-02-22,18,30,36,144,108,0,0.37453475,9842.462121,,3088.561404,,1,1,0,1.137e-13,0.000e+00,0.000e+00,287979.1085,229748.1691,0,0
2025-02-23,0,30,144,144,0,0,0.49929793,9877.349495,0.00191551,46236.375530,46147.978533,4,0,1,1.137e-13,0.000e+00,0.000e+00,637473.6015,509157.9451,0,0
2025-02-23,6,30,108,144,36,0,0.49929793,9802.881697,,35732.538829,,1,1,0,1.137e-13,0.000e+00,0.000e+00,603287.2808,479731.9697,0,0
2025-02-23,12,30,72,144,72,0,0.49929793,7253.544530,,26675.658786,,1,1,0,1.137e-13,0.000e+00,0.000e+00,412765.4651,254334.2114,0,0
2025-02-23,18,30,36,144,108,0,0.49929793,10484.211626,,11518.975728,,1,1,0,1.137e-13,0.000e+00,0.000e+00,275472.2019,225364.9333,0,0
2025-02-24,0,30,144,144,0,0,0.50094698,10262.224413,0.00226647,46773.818965,46668.047333,4,0,1,2.146e-12,0.000e+00,0.000e+00,624722.2968,509144.8224,0,0
2025-02-24,6,30,108,144,36,0,0.50094698,9999.522325,,36000.016764,,1,1,0,1.137e-13,0.000e+00,0.000e+00,600226.2932,482011.9087,0,0
2025-02-24,12,30,72,144,72,0,0.50094698,9342.487629,,26312.544532,,1,1,0,1.137e-13,0.000e+00,0.000e+00,345115.4507,254797.6922,0,0
2025-02-24,18,30,36,144,108,0,0.50094698,9832.730290,,11989.544797,,1,1,0,1.137e-13,0.000e+00,0.000e+00,275274.3163,211625.0056,0,0
2025-02-25,0,30,144,144,0,0,0.49868778,10312.261909,0.00210155,45510.380432,45414.938725,4,0,1,1.137e-13,0.000e+00,0.000e+00,620971.8032,507899.6727,0,0
2025-02-25,6,30,108,144,36,0,0.49868778,9839.555043,,35346.083460,,1,1,0,1.137e-13,0.000e+00,0.000e+00,601559.6395,479650.6854,0,0
2025-02-25,12,30,72,144,72,0,0.49868778,9316.467941,,25751.150683,,1,1,0,1.137e-13,0.000e+00,0.000e+00,345468.1956,254834.7678,0,0
2025-02-25,18,30,36,144,108,0,0.49868778,9987.794587,,11687.620507,,1,1,0,1.137e-13,0.000e+00,0.000e+00,274163.2905,210900.1229,0,0
2025-02-26,0,30,144,144,0,0,0.49278457,10328.521116,0.00331301,43333.785423,43190.694143,3,1,0,1.478e-12,-1.023e-12,4.547e-13,607278.5454,496906.9103,0,0
2025-02-26,6,30,108,144,36,0,0.49278457,9696.433104,,33398.127535,,1,1,0,1.137e-13,0.000e+00,0.000e+00,589563.0084,466168.5049,0,0
2025-02-26,12,30,72,144,72,0,0.49278457,7776.711960,,25445.746879,,1,1,0,1.137e-13,0.000e+00,0.000e+00,388048.6650,246489.5625,0,0
2025-02-26,18,30,36,144,108,0,0.49278457,9460.666874,,12410.854347,,1,1,0,1.137e-13,0.000e+00,0.000e+00,273689.2512,209004.3317,0,0
2025-02-27,0,30,144,144,0,0,0.49149425,10070.700347,0.00325615,42525.540294,42387.520117,3,1,0,1.137e-13,0.000e+00,4.547e-13,609274.7352,491724.8491,0,0
2025-02-27,6,30,108,144,36,0,0.49149425,9942.450354,,32237.244458,,1,1,0,1.137e-13,0.000e+00,0.000e+00,577782.0781,462531.7451,0,0
2025-02-27,12,30,72,144,72,0,0.49149425,6770.792716,,25656.868888,,1,1,0,1.137e-13,0.000e+00,0.000e+00,415891.4417,248226.0826,0,0
2025-02-27,18,30,36,144,108,0,0.49149425,10013.177833,,11980.938461,,1,1,0,1.137e-13,0.000e+00,0.000e+00,273265.3564,209286.3375,0,0
2025-02-28,0,30,144,144,0,0,0.37025259,10700.833927,0.00009539,9690.180437,9689.256184,2,1,0,0.000e+00,0.000e+00,0.000e+00,602048.7275,502027.4527,0,0
2025-02-28,6,30,108,144,36,0,0.37025259,6160.998854,,5507.018572,,1,1,0,1.137e-13,0.000e+00,0.000e+00,595689.7801,374301.1584,0,0
2025-02-28,12,30,72,144,72,0,0.37025259,9149.773705,,5634.620534,,1,1,0,1.137e-13,0.000e+00,0.000e+00,343246.2983,250518.8591,0,0
2025-02-28,18,30,36,144,108,0,0.37025259,9767.294733,,3206.632605,,1,1,0,1.137e-13,0.000e+00,0.000e+00,286901.9592,218264.7074,0,0
2025-03-01,0,30,144,144,0,0,0.37438795,10387.697457,0.00013293,9827.345751,9826.039552,2,1,0,0.000e+00,0.000e+00,0.000e+00,603657.4690,495233.6387,0,0
2025-03-01,6,30,108,144,36,0,0.37438795,7260.281639,,5435.752632,,1,1,0,1.137e-13,0.000e+00,0.000e+00,560282.2490,375659.4835,0,0
2025-03-01,12,30,72,144,72,0,0.37438795,8864.491609,,5605.587634,,1,1,0,1.137e-13,0.000e+00,0.000e+00,352699.6344,250831.2348,0,0
2025-03-01,18,30,36,144,108,0,0.37438795,9532.201329,,3234.185764,,1,1,0,1.137e-13,0.000e+00,0.000e+00,287056.3310,217436.6728,0,0
2025-03-02,0,30,144,144,0,0,0.48316170,9876.457067,0.00578123,39234.110314,39008.592622,4,0,1,6.182e-13,0.000e+00,-6.821e-13,613067.6260,489083.3473,0,0
2025-03-02,6,30,108,144,36,0,0.48316170,9651.921111,,29878.241505,,1,1,0,1.137e-13,0.000e+00,0.000e+00,583400.9035,459646.0206,0,0
2025-03-02,12,30,72,144,72,0,0.48316170,6147.923707,,24320.491317,,1,1,0,1.137e-13,0.000e+00,0.000e+00,412471.8214,234161.5106,0,0
2025-03-02,18,30,36,144,108,0,0.48316170,6997.592228,,22660.528927,,1,1,0,1.137e-13,0.000e+00,0.000e+00,276740.4504,157470.6008,0,0
2025-03-03,0,30,144,144,0,0,0.49667845,9102.122315,0.00527421,45490.412120,45251.744830,3,1,0,5.684e-14,0.000e+00,-2.132e-14,643920.4231,494964.4883,0,0
2025-03-03,6,30,108,144,36,0,0.49667845,9943.058798,,34855.018625,,1,1,0,1.087e-12,0.000e+00,0.000e+00,583786.2712,468132.1423,0,0
2025-03-03,12,30,72,144,72,0,0.49667845,6593.043359,,28049.812522,,1,1,0,1.137e-13,0.000e+00,0.000e+00,413348.1992,245773.8449,0,0
2025-03-03,18,30,36,144,108,0,0.49667845,8686.032526,,13846.770174,,1,1,0,1.137e-13,0.000e+00,0.000e+00,272438.1104,202561.3801,0,0
2025-03-04,0,30,144,144,0,0,0.50276599,9105.125580,0.00455070,48093.510244,47875.642655,3,1,0,2.956e-12,0.000e+00,1.182e-11,650236.3454,500649.0393,0,0
2025-03-04,6,30,108,144,36,0,0.50276599,9513.643610,,37953.326578,,1,1,0,1.137e-13,0.000e+00,0.000e+00,598962.2463,470704.1326,0,0
2025-03-04,12,30,72,144,72,0,0.50276599,8284.423769,,28045.243326,,1,1,0,1.137e-13,0.000e+00,0.000e+00,378427.2131,255555.5563,0,0
2025-03-04,18,30,36,144,108,0,0.50276599,10037.570370,,11969.622520,,1,1,0,1.137e-13,0.000e+00,0.000e+00,273355.0412,211379.8466,0,0
2025-03-05,0,30,144,144,0,0,0.50273077,10358.893437,0.00384689,47308.317264,47127.024696,4,1,0,1.933e-12,0.000e+00,-5.343e-12,617204.3923,505168.5559,0,0
2025-03-05,6,30,108,144,36,0,0.50273077,9718.456784,,37491.730753,,1,1,0,1.137e-13,0.000e+00,0.000e+00,600382.9278,474247.2348,0,0
2025-03-05,12,30,72,144,72,0,0.50273077,9480.926386,,27883.907321,,1,1,0,1.137e-13,0.000e+00,0.000e+00,344706.7184,258528.7190,0,0
2025-03-05,18,30,36,144,108,0,0.50273077,10061.114771,,11888.812772,,1,1,0,1.137e-13,0.000e+00,0.000e+00,278061.7611,214286.0496,0,0
2025-03-06,0,30,144,144,0,0,0.49552203,10655.754219,0.00349038,44796.887468,44641.073272,3,1,0,1.137e-12,-4.104e-11,-1.909e-11,612139.1162,507941.7947,0,0
2025-03-06,6,30,108,144,36,0,0.49552203,9752.934476,,35189.436525,,1,1,0,1.137e-13,0.000e+00,0.000e+00,599511.7194,473268.0639,0,0
2025-03-06,12,30,72,144,72,0,0.49552203,9807.876319,,26699.561973,,1,1,0,1.137e-13,0.000e+00,0.000e+00,336553.7638,259917.4007,0,0
2025-03-06,18,30,36,144,108,0,0.49552203,9838.191089,,11969.955612,,1,1,0,1.137e-13,0.000e+00,0.000e+00,281286.3064,216753.5026,0,0
2025-03-07,0,30,144,144,0,0,0.37771830,10591.344694,0.00011902,9526.549457,9525.415706,2,1,0,0.000e+00,0.000e+00,-3.979e-13,601184.6025,500450.3816,0,0
2025-03-07,6,30,108,144,36,0,0.37771830,6100.929424,,5560.168705,,1,1,0,0.000e+00,-1.637e-12,0.000e+00,575567.4776,358459.2982,0,0
2025-03-07,12,30,72,144,72,0,0.37771830,10800.000000,,5424.562244,,1,1,0,5.294e-13,-1.637e-12,0.000e+00,286648.7671,251310.0483,0,0
2025-03-07,18,30,36,144,108,0,0.37771830,9559.119810,,3260.974011,,1,1,0,0.000e+00,0.000e+00,0.000e+00,285598.6807,218888.5652,0,0
2025-03-08,0,30,144,144,0,0,0.37305527,10087.146984,0.00002342,8985.548125,8985.337727,1,1,0,1.137e-13,0.000e+00,0.000e+00,601960.7018,487149.9370,0,0
2025-03-08,6,30,108,144,36,0,0.37305527,4652.347607,,5705.180725,,1,1,0,0.000e+00,0.000e+00,0.000e+00,604661.0205,342597.6119,0,0
2025-03-08,12,30,72,144,72,0,0.37305527,9957.250590,,5318.324336,,1,1,0,0.000e+00,0.000e+00,0.000e+00,314704.8789,250965.5178,0,0
2025-03-08,18,30,36,144,108,0,0.37305527,9628.370716,,3121.465177,,1,1,0,0.000e+00,0.000e+00,0.000e+00,285641.5793,219924.6519,0,0
2025-03-09,0,30,144,144,0,0,0.48419633,9791.783492,0.00425919,39954.556657,39785.104249,4,0,1,5.684e-13,0.000e+00,0.000e+00,631568.0365,499811.4018,0,0
2025-03-09,6,30,108,144,36,0,0.48419633,9256.810042,,31034.500557,,1,1,0,1.137e-13,0.000e+00,0.000e+00,603141.3736,462369.2559,0,0
2025-03-09,12,30,72,144,72,0,0.48419633,6824.520367,,25739.958930,,1,1,0,1.137e-13,0.000e+00,0.000e+00,430517.7344,258320.0465,0,0
2025-03-09,18,30,36,144,108,0,0.48419633,10001.289697,,11433.585356,,1,1,0,1.137e-13,0.000e+00,0.000e+00,284966.1560,220521.2680,0,0
2025-03-10,0,30,144,144,0,0,0.48800120,10006.621747,0.00438940,41126.942171,40947.208535,3,1,0,0.000e+00,0.000e+00,-1.636e-12,626736.6034,502080.3096,0,0
2025-03-10,6,30,108,144,36,0,0.48800120,9354.365900,,32040.754769,,1,1,0,1.137e-13,0.000e+00,0.000e+00,601808.0627,464312.7204,0,0
2025-03-10,12,30,72,144,72,0,0.48800120,5851.239596,,28228.282979,,1,1,0,1.137e-13,0.000e+00,0.000e+00,448200.3201,250636.7854,0,0
2025-03-10,18,30,36,144,108,0,0.48800120,8726.629470,,15970.083058,,1,1,0,1.137e-13,0.000e+00,0.000e+00,285824.5684,203861.4144,0,0
2025-03-11,0,30,144,144,0,0,0.49034710,9611.445604,0.00500686,41866.265190,41657.690759,3,1,0,6.821e-13,0.000e+00,1.364e-12,626397.9874,491747.6015,0,0
2025-03-11,6,30,108,144,36,0,0.49034710,9803.385784,,31905.071279,,1,1,0,1.137e-13,0.000e+00,0.000e+00,583960.9076,462374.6091,0,0
2025-03-11,12,30,72,144,72,0,0.49034710,9008.972524,,25229.808880,,1,1,0,1.137e-13,0.000e+00,0.000e+00,360638.7606,258297.4162,0,0
2025-03-11,18,30,36,144,108,0,0.49034710,9441.662571,,12560.267811,,1,1,0,1.137e-13,0.000e+00,0.000e+00,283779.3948,218219.3413,0,0
2025-03-12,0,30,144,144,0,0,0.48979251,10226.005155,0.00471816,40771.093953,40579.632951,3,1,0,0.000e+00,-7.958e-13,-1.308e-11,604707.8657,489829.8950,0,0
2025-03-12,6,30,108,144,36,0,0.48979251,9344.906402,,31771.903859,,1,1,0,0.000e+00,0.000e+00,0.000e+00,588961.8124,453383.0320,0,0
2025-03-12,12,30,72,144,72,0,0.48979251,8897.527987,,24877.798891,,1,1,0,0.000e+00,0.000e+00,0.000e+00,365560.9708,258246.9204,0,0
2025-03-12,18,30,36,144,108,0,0.48979251,9721.936223,,12043.939089,,1,1,0,0.000e+00,0.000e+00,0.000e+00,285379.0125,219570.2333,0,0
2025-03-13,0,30,144,144,0,0,0.49047607,9993.168661,0.00480310,41042.992396,40846.801109,4,0,1,5.684e-13,0.000e+00,0.000e+00,618822.3083,494679.6342,0,0
2025-03-13,6,30,108,144,36,0,0.49047607,9633.526409,,31470.823754,,1,1,0,1.137e-13,0.000e+00,0.000e+00,590244.2475,461828.2290,0,0
2025-03-13,12,30,72,144,72,0,0.49047607,5857.502497,,28433.437422,,1,1,0,1.137e-13,0.000e+00,0.000e+00,445267.9157,247309.4716,0,0
2025-03-13,18,30,36,144,108,0,0.49047607,9123.937167,,14040.097621,,1,1,0,1.137e-13,0.000e+00,0.000e+00,287825.8198,214475.6920,0,0
2025-03-14,0,30,144,144,0,0,0.37901312,10007.286061,-0.00000000,9797.983360,9797.983360,1,1,0,7.248e-13,-1.637e-12,0.000e+00,601182.6345,488042.7944,0,0
2025-03-14,6,30,108,144,36,0,0.37901312,4859.935671,,6003.982367,,1,1,0,0.000e+00,0.000e+00,0.000e+00,588518.0062,338805.9849,0,0
2025-03-14,12,30,72,144,72,0,0.37901312,10800.000000,,5810.090935,,1,1,0,2.878e-13,0.000e+00,0.000e+00,286267.8790,254365.1187,0,0
2025-03-14,18,30,36,144,108,0,0.37901312,10224.107782,,3064.668782,,1,1,0,0.000e+00,0.000e+00,0.000e+00,285131.1730,234772.6139,0,0
2025-03-15,0,30,144,144,0,0,0.37332516,10767.763225,0.00000305,8724.412777,8724.386156,1,1,0,0.000e+00,-2.558e-13,0.000e+00,600944.3170,507066.6675,0,0
2025-03-15,6,30,108,144,36,0,0.37332516,4210.674306,,5514.277512,,1,1,0,1.137e-13,0.000e+00,0.000e+00,603990.4608,332492.6432,0,0
2025-03-15,12,30,72,144,72,0,0.37332516,8249.557425,,5577.000237,,1,1,0,1.137e-13,-1.023e-12,0.000e+00,372580.7295,254100.6051,0,0
2025-03-15,18,30,36,144,108,0,0.37332516,10235.171135,,3008.374056,,1,1,0,1.137e-13,0.000e+00,0.000e+00,286401.4622,232505.1573,0,0
2025-03-16,0,30,144,144,0,0,0.48921692,9637.433655,0.00448868,40148.947194,39969.536804,4,1,0,5.684e-14,0.000e+00,0.000e+00,603231.0338,479659.2405,0,0
2025-03-16,6,30,108,144,36,0,0.48921692,9425.222390,,30876.883899,,1,1,0,1.137e-13,0.000e+00,0.000e+00,570605.0212,448194.9838,0,0
2025-03-16,12,30,72,144,72,0,0.48921692,8058.881706,,24597.008200,,1,1,0,1.137e-13,0.000e+00,0.000e+00,383333.5599,256800.6364,0,0
2025-03-16,18,30,36,144,108,0,0.48921692,9722.880446,,12218.005267,,1,1,0,1.137e-13,0.000e+00,0.000e+00,277070.2137,220391.9157,0,0
2025-03-17,0,30,144,144,0,0,0.48981851,9834.724860,0.00341335,40363.740036,40226.433259,4,0,1,1.137e-13,0.000e+00,0.000e+00,617462.0204,497219.5834,0,0
2025-03-17,6,30,108,144,36,0,0.48981851,9859.105710,,30477.279419,,1,1,0,0.000e+00,0.000e+00,0.000e+00,578685.8042,466431.8900,0,0
2025-03-17,12,30,72,144,72,0,0.48981851,10621.454374,,24728.951821,,1,1,0,0.000e+00,0.000e+00,0.000e+00,298206.5413,257704.8135,0,0
2025-03-17,18,30,36,144,108,0,0.48981851,9979.376835,,11969.157222,,1,1,0,0.000e+00,0.000e+00,0.000e+00,274427.8030,218433.2642,0,0
2025-03-18,0,30,144,144,0,0,0.48484666,10391.213846,0.00339091,38551.739196,38421.455607,4,0,1,7.194e-13,0.000e+00,-2.955e-13,589103.7513,488004.3236,0,0
2025-03-18,6,30,108,144,36,0,0.48484666,9837.891928,,29110.550233,,1,1,0,0.000e+00,0.000e+00,0.000e+00,568635.3249,456484.7705,0,0
2025-03-18,12,30,72,144,72,0,0.48484666,7237.706007,,24975.464792,,1,1,0,0.000e+00,0.000e+00,0.000e+00,405001.2555,252961.4667,0,0
2025-03-18,18,30,36,144,108,0,0.48484666,10001.089779,,12138.525729,,1,1,0,0.000e+00,0.000e+00,0.000e+00,277706.7691,220885.3888,0,0
2025-03-19,0,30,144,144,0,0,0.48057973,10313.883970,0.00496953,36921.866045,36739.288972,3,1,0,0.000e+00,-7.958e-13,0.000e+00,593625.4213,489080.2279,0,0
2025-03-19,6,30,108,144,36,0,0.48057973,9548.071023,,28117.463706,,1,1,0,5.002e-12,0.000e+00,0.000e+00,578621.0144,456397.7441,0,0
2025-03-19,12,30,72,144,72,0,0.48057973,6961.106046,,24297.208631,,1,1,0,5.002e-12,0.000e+00,0.000e+00,415300.4248,254184.6057,0,0
2025-03-19,18,30,36,144,108,0,0.48057973,9993.728235,,11821.959767,,1,1,0,5.002e-12,0.000e+00,0.000e+00,284389.5308,226059.3367,0,0
2025-03-20,0,30,144,144,0,0,0.47876156,10251.618522,0.00523179,36235.954276,36047.361871,4,0,1,7.452e-13,0.000e+00,0.000e+00,600076.4642,492087.4267,0,0
2025-03-20,6,30,108,144,36,0,0.47876156,9409.545458,,27681.914069,,1,1,0,1.137e-13,0.000e+00,0.000e+00,584574.7379,456964.7623,0,0
2025-03-20,12,30,72,144,72,0,0.47876156,6117.919750,,24438.341351,,1,1,0,1.137e-13,0.000e+00,0.000e+00,438454.3000,250714.8331,0,0
2025-03-20,18,30,36,144,108,0,0.47876156,9210.000000,,14230.870385,,1,1,0,1.137e-13,0.000e+00,0.000e+00,285211.1880,217010.8572,0,0
2025-03-21,0,30,144,144,0,0,0.37222032,9904.339732,0.00000000,9030.539302,9030.539302,1,1,0,2.274e-13,-3.411e-13,0.000e+00,601670.5264,483624.6444,0,0
2025-03-21,6,30,108,144,36,0,0.37222032,4228.056158,,5457.392060,,1,1,0,2.274e-13,0.000e+00,0.000e+00,600073.0860,329071.0613,0,0
2025-03-21,12,30,72,144,72,0,0.37222032,10800.000000,,5236.852647,,1,1,0,2.274e-13,0.000e+00,0.000e+00,288766.8274,254355.4755,0,0
2025-03-21,18,30,36,144,108,0,0.37222032,10289.335649,,2882.770498,,1,1,0,2.274e-13,0.000e+00,0.000e+00,287641.6307,235403.1625,0,0
2025-03-22,0,30,144,144,0,0,0.36658968,10419.688400,0.00000000,8464.586603,8464.586603,1,1,0,2.274e-13,0.000e+00,0.000e+00,602086.4728,496731.1240,0,0
2025-03-22,6,30,108,144,36,0,0.36658968,4292.014182,,5132.558366,,1,1,0,2.274e-13,0.000e+00,0.000e+00,596363.2872,326648.1398,0,0
2025-03-22,12,30,72,144,72,0,0.36658968,10800.000000,,5134.567608,,1,1,0,2.274e-13,0.000e+00,0.000e+00,289908.3399,254135.2495,0,0
2025-03-22,18,30,36,144,108,0,0.36658968,10190.579527,,3132.394059,,1,1,0,2.274e-13,0.000e+00,0.000e+00,289033.8142,235792.6253,0,0
2025-03-23,0,30,144,144,0,0,0.48069947,10292.291808,0.00354045,36184.658967,36057.000962,4,1,0,0.000e+00,0.000e+00,-1.007e-11,601244.9558,492353.0432,0,0
2025-03-23,6,30,108,144,36,0,0.48069947,9281.444878,,27747.235715,,1,1,0,0.000e+00,0.000e+00,0.000e+00,585068.9473,452897.9730,0,0
2025-03-23,12,30,72,144,72,0,0.48069947,6389.157272,,24386.141802,,1,1,0,0.000e+00,0.000e+00,0.000e+00,435605.5513,254610.6451,0,0
2025-03-23,18,30,36,144,108,0,0.48069947,9891.195002,,12012.539601,,1,1,0,0.000e+00,0.000e+00,0.000e+00,287643.9877,228309.6709,0,0
2025-03-24,0,30,144,144,0,0,0.48115532,9826.283767,0.00418473,36429.682767,36277.869573,4,0,1,1.137e-13,0.000e+00,0.000e+00,620545.5291,496161.2299,0,0
2025-03-24,6,30,108,144,36,0,0.48115532,9875.237531,,26795.571762,,1,1,0,1.137e-13,0.000e+00,0.000e+00,579249.5940,464076.5768,0,0
2025-03-24,12,30,72,144,72,0,0.48115532,8226.520077,,23205.284043,,1,1,0,1.137e-13,0.000e+00,0.000e+00,376910.9665,255010.4915,0,0
2025-03-24,18,30,36,144,108,0,0.48115532,9749.541520,,12348.397965,,1,1,0,1.137e-13,0.000e+00,0.000e+00,287359.8909,227663.1312,0,0
2025-03-25,0,30,144,144,0,0,0.48077392,10071.230721,0.00426908,36324.946561,36170.531649,4,0,1,1.137e-13,0.000e+00,0.000e+00,613358.3362,497771.9287,0,0
2025-03-25,6,30,108,144,36,0,0.48077392,9596.720249,,27184.597486,,1,1,0,1.137e-13,0.000e+00,0.000e+00,582044.6904,460037.9490,0,0
2025-03-25,12,30,72,144,72,0,0.48077392,5538.475622,,25275.378456,,1,1,0,1.137e-13,0.000e+00,0.000e+00,445325.2354,242730.4978,0,0
2025-03-25,18,30,36,144,108,0,0.48077392,9809.641531,,12484.430584,,1,1,0,1.137e-13,0.000e+00,0.000e+00,281358.4958,223412.2287,0,0
2025-03-26,0,30,144,144,0,0,0.48178147,9853.017211,0.00451411,36697.663590,36532.750666,4,0,1,6.963e-13,0.000e+00,-1.812e-13,622623.8786,498528.1642,0,0
2025-03-26,6,30,108,144,36,0,0.48178147,9676.159767,,27332.124209,,1,1,0,1.137e-13,0.000e+00,0.000e+00,586375.8146,464539.1657,0,0
2025-03-26,12,30,72,144,72,0,0.48178147,9055.153427,,22944.725881,,1,1,0,1.137e-13,0.000e+00,0.000e+00,350323.5996,255865.4553,0,0
2025-03-26,18,30,36,144,108,0,0.48178147,9996.546568,,12020.656515,,1,1,0,1.137e-13,0.000e+00,0.000e+00,287797.6133,228637.6931,0,0
2025-03-27,0,30,144,144,0,0,0.47837820,10349.661372,0.00469615,35325.352418,35160.234677,4,1,0,0.000e+00,0.000e+00,-1.238e-11,599293.3538,494184.7116,0,0
2025-03-27,6,30,108,144,36,0,0.47837820,9337.775647,,26709.120766,,1,1,0,1.137e-13,0.000e+00,0.000e+00,573614.7241,447146.7536,0,0
2025-03-27,12,30,72,144,72,0,0.47837820,6714.679249,,23463.004138,,1,1,0,1.137e-13,0.000e+00,0.000e+00,418080.5110,248200.6315,0,0
2025-03-27,18,30,36,144,108,0,0.47837820,9778.864419,,12501.365505,,1,1,0,1.137e-13,0.000e+00,0.000e+00,280652.0896,223023.0454,0,0
2025-03-28,0,30,144,144,0,0,0.36412435,10050.605860,0.00000000,8327.609043,8327.609043,1,1,0,7.674e-13,0.000e+00,-3.553e-14,600604.4420,485952.1655,0,0
2025-03-28,6,30,108,144,36,0,0.36412435,4085.216112,,4961.026226,,1,1,0,3.411e-13,0.000e+00,0.000e+00,596369.7505,321456.5422,0,0
2025-03-28,12,30,72,144,72,0,0.36412435,10800.000000,,4918.156003,,1,1,0,3.411e-13,0.000e+00,0.000e+00,288639.2983,253494.0408,0,0
2025-03-28,18,30,36,144,108,0,0.36412435,10235.406847,,3056.807026,,1,1,0,3.411e-13,0.000e+00,0.000e+00,287815.9657,236024.4414,0,0
2025-03-29,0,30,144,144,0,0,0.35929351,10584.561244,-0.00000000,7689.635433,7689.635433,1,1,0,4.547e-13,0.000e+00,0.000e+00,598973.0006,499155.7255,0,0
2025-03-29,6,30,108,144,36,0,0.35929351,3976.410498,,4605.258891,,1,1,0,4.547e-13,0.000e+00,0.000e+00,597443.2141,319496.5282,0,0
2025-03-29,12,30,72,144,72,0,0.35929351,10800.000000,,4462.091334,,1,1,0,4.547e-13,0.000e+00,0.000e+00,287270.6959,252493.7050,0,0
2025-03-29,18,30,36,144,108,0,0.35929351,9808.474851,,3182.661543,,1,1,0,4.547e-13,0.000e+00,0.000e+00,286639.4655,230816.6082,0,0
2025-03-30,0,30,144,144,0,0,0.47657441,9671.821265,0.00527158,33890.039467,33712.322219,2,1,0,1.137e-13,0.000e+00,0.000e+00,613672.0336,486452.0379,0,0
2025-03-30,6,30,108,144,36,0,0.47657441,9570.070623,,24766.620404,,1,1,0,0.000e+00,0.000e+00,0.000e+00,578512.2169,455711.2961,0,0
2025-03-30,12,30,72,144,72,0,0.47657441,6836.048237,,22596.602390,,1,1,0,0.000e+00,0.000e+00,0.000e+00,419236.2194,251735.1898,0,0
2025-03-30,18,30,36,144,108,0,0.47657441,10050.419450,,12063.901960,,1,1,0,0.000e+00,0.000e+00,0.000e+00,287741.1666,229524.6782,0,0
2025-03-31,0,30,144,144,0,0,0.47532744,10277.128527,0.00488936,33078.466293,32917.520811,3,1,0,0.000e+00,0.000e+00,0.000e+00,605800.7386,496570.7399,0,0
2025-03-31,6,30,108,144,36,0,0.47532744,9879.509185,,23816.634858,,1,1,0,1.137e-13,0.000e+00,0.000e+00,571028.2122,457757.2849,0,0
2025-03-31,12,30,72,144,72,0,0.47532744,7968.081725,,21984.333852,,1,1,0,1.137e-13,0.000e+00,0.000e+00,383015.2045,253108.8753,0,0
2025-03-31,18,30,36,144,108,0,0.47532744,10192.206570,,12544.293750,,1,1,0,1.137e-13,0.000e+00,0.000e+00,287250.5605,243126.4107,0,0
2025-04-01,0,30,144,144,0,0,0.47425125,9993.215448,0.00383793,32532.157002,32407.778266,3,1,0,3.553e-14,-1.251e-12,-3.588e-12,610028.6532,491864.0574,0,0
2025-04-01,6,30,108,144,36,0,0.47425125,9272.111284,,23922.124279,,1,1,0,1.137e-13,0.000e+00,0.000e+00,586720.7124,454070.6454,0,0
2025-04-01,12,30,72,144,72,0,0.47425125,4221.434250,,27010.222210,,1,1,0,1.137e-13,0.000e+00,0.000e+00,478097.5836,233627.3816,0,0
2025-04-01,18,30,36,144,108,0,0.47425125,7985.260697,,25409.659353,,1,1,0,1.137e-13,0.000e+00,0.000e+00,287143.7637,184003.2240,0,0
2025-04-02,0,30,144,144,0,0,0.48357028,9773.298252,0.00201152,34472.577005,34403.374083,2,1,0,5.002e-12,-1.137e-13,-1.705e-12,620395.8364,494036.9851,0,0
2025-04-02,6,30,108,144,36,0,0.48357028,9569.538770,,25032.074624,,1,1,0,5.002e-12,0.000e+00,0.000e+00,587501.5218,461937.5986,0,0
2025-04-02,12,30,72,144,72,0,0.48357028,5301.118284,,25960.154642,,1,1,0,5.002e-12,0.000e+00,0.000e+00,462273.6106,248044.0178,0,0
2025-04-02,18,30,36,144,108,0,0.48357028,10732.427748,,11460.970681,,1,1,0,5.002e-12,0.000e+00,0.000e+00,287747.5690,248138.7005,0,0
2025-04-03,0,30,144,144,0,0,0.48913103,10120.129795,0.00286360,35769.165949,35667.029715,4,0,1,1.592e-12,0.000e+00,0.000e+00,599089.4085,486532.5116,0,0
2025-04-03,6,30,108,144,36,0,0.48913103,9767.780884,,26094.121964,,1,1,0,1.137e-13,0.000e+00,0.000e+00,564201.0715,448878.4638,0,0
2025-04-03,12,30,72,144,72,0,0.48913103,8129.271437,,22464.067701,,1,1,0,1.137e-13,0.000e+00,0.000e+00,384277.5652,258303.9876,0,0
2025-04-03,18,30,36,144,108,0,0.48913103,10782.645264,,11125.187618,,1,1,0,1.137e-13,0.000e+00,0.000e+00,288139.1545,247991.6070,0,0
2025-04-04,0,30,144,144,0,0,0.36763555,10303.099447,-0.00000000,7533.561716,7533.561716,1,1,0,5.684e-14,0.000e+00,0.000e+00,600001.0520,491691.7173,0,0
2025-04-04,6,30,108,144,36,0,0.36763555,3715.198753,,4353.646507,,1,1,0,0.000e+00,0.000e+00,0.000e+00,597839.7511,312067.7449,0,0
2025-04-04,12,30,72,144,72,0,0.36763555,10800.000000,,4190.434211,,1,1,0,0.000e+00,0.000e+00,0.000e+00,288055.9775,252432.5220,0,0
2025-04-04,18,30,36,144,108,0,0.36763555,10254.811705,,2725.481089,,1,1,0,0.000e+00,0.000e+00,0.000e+00,287520.5150,232721.0658,0,0
2025-04-05,0,30,144,144,0,0,0.36062871,10521.285765,-0.00000000,7076.706925,7076.706925,1,1,0,2.842e-14,0.000e+00,0.000e+00,601036.9617,497855.0526,0,0
2025-04-05,6,30,108,144,36,0,0.36062871,3603.239426,,4102.163314,,1,1,0,1.137e-13,0.000e+00,0.000e+00,602339.8172,312123.1144,0,0
2025-04-05,12,30,72,144,72,0,0.36062871,10800.000000,,3994.593116,,1,1,0,1.137e-13,0.000e+00,0.000e+00,289286.3029,252862.3033,0,0
2025-04-05,18,30,36,144,108,0,0.36062871,9826.985334,,3328.969241,,1,1,0,1.137e-13,0.000e+00,0.000e+00,288852.2225,230919.6737,0,0
2025-04-06,0,30,144,144,0,0,0.48447771,9625.908180,0.00433730,34003.803416,33856.955598,3,1,0,0.000e+00,0.000e+00,0.000e+00,615966.3002,486232.5241,0,0
2025-04-06,6,30,108,144,36,0,0.48447771,9971.211615,,23855.359404,,1,1,0,2.438e-12,0.000e+00,0.000e+00,564635.1452,453977.4812,0,0
2025-04-06,12,30,72,144,72,0,0.48447771,7415.744754,,22046.983376,,1,1,0,1.137e-13,0.000e+00,0.000e+00,405087.8910,255170.0310,0,0
2025-04-06,18,30,36,144,108,0,0.48447771,10800.000000,,11432.482089,,1,1,0,1.137e-13,0.000e+00,0.000e+00,288273.8643,248351.7235,0,0
2025-04-07,0,30,144,144,0,0,0.48100266,10513.288314,0.00380375,31938.351446,31817.326315,3,1,0,0.000e+00,0.000e+00,0.000e+00,590941.2628,489974.6613,0,0
2025-04-07,6,30,108,144,36,0,0.48100266,9590.988502,,22773.857058,,1,1,0,1.137e-13,0.000e+00,0.000e+00,570525.2801,448425.8364,0,0
2025-04-07,12,30,72,144,72,0,0.48100266,8315.190394,,20931.323641,,1,1,0,1.137e-13,0.000e+00,0.000e+00,373576.2855,253869.7433,0,0
2025-04-07,18,30,36,144,108,0,0.48100266,10758.838442,,11142.490221,,1,1,0,1.137e-13,0.000e+00,0.000e+00,288251.2939,247661.1429,0,0
2025-04-08,0,30,144,144,0,0,0.48278972,10278.767182,0.00322636,32127.849696,32024.527089,2,1,0,9.663e-13,0.000e+00,0.000e+00,599973.9921,490544.8456,0,0
2025-04-08,6,30,108,144,36,0,0.48278972,9595.235699,,22905.421135,,1,1,0,1.137e-13,0.000e+00,0.000e+00,573343.8324,450490.3427,0,0
2025-04-08,12,30,72,144,72,0,0.48278972,5582.201291,,22639.446455,,1,1,0,1.137e-13,0.000e+00,0.000e+00,458359.9290,250440.3586,0,0
2025-04-08,18,30,36,144,108,0,0.48278972,10235.228056,,11984.177416,,1,1,0,1.137e-13,0.000e+00,0.000e+00,288352.2879,244050.2560,0,0
2025-04-09,0,30,144,144,0,0,0.48330781,9651.720314,0.00422794,32619.486210,32482.153685,3,1,0,0.000e+00,-1.364e-12,0.000e+00,604727.1751,477935.4081,0,0
2025-04-09,6,30,108,144,36,0,0.48330781,9817.967646,,22895.016654,,1,1,0,1.137e-13,0.000e+00,0.000e+00,564257.1853,449643.3943,0,0
2025-04-09,12,30,72,144,72,0,0.48330781,4355.992370,,25585.866148,,1,1,0,1.137e-13,0.000e+00,0.000e+00,473998.7705,234793.6740,0,0
2025-04-09,18,30,36,144,108,0,0.48330781,8499.380224,,22180.406762,,1,1,0,1.137e-13,0.000e+00,0.000e+00,284473.5691,198286.7261,0,0
2025-04-10,0,30,144,144,0,0,0.48833722,9691.609214,0.00467594,33738.552323,33581.527022,3,1,0,1.137e-13,0.000e+00,0.000e+00,602630.7196,477415.7949,0,0
2025-04-10,6,30,108,144,36,0,0.48833722,9541.233431,,24238.450272,,1,1,0,0.000e+00,0.000e+00,0.000e+00,566647.1474,444371.6460,0,0
2025-04-10,12,30,72,144,72,0,0.48833722,6388.066661,,22468.863035,,1,1,0,0.000e+00,0.000e+00,0.000e+00,431158.2967,249411.7721,0,0
2025-04-10,18,30,36,144,108,0,0.48833722,10491.751730,,11585.136048,,1,1,0,0.000e+00,0.000e+00,0.000e+00,283427.4006,243871.1419,0,0
2025-04-11,0,30,144,144,0,0,0.36620478,10174.951858,-0.00000000,7315.721847,7315.721847,1,1,0,0.000e+00,-1.137e-13,0.000e+00,598904.7307,487952.6652,0,0
2025-04-11,6,30,108,144,36,0,0.36620478,3318.007866,,4321.421358,,1,1,0,1.137e-13,0.000e+00,0.000e+00,601619.7314,305014.3280,0,0
2025-04-11,12,30,72,144,72,0,0.36620478,10800.000000,,4127.030289,,1,1,0,1.137e-13,0.000e+00,0.000e+00,285605.5439,251056.6238,0,0
2025-04-11,18,30,36,144,108,0,0.36620478,10241.070057,,2767.496164,,1,1,0,1.137e-13,0.000e+00,0.000e+00,285051.3185,232785.9877,0,0
2025-04-12,0,30,144,144,0,0,0.36581411,10243.841820,0.00000000,7097.467474,7097.467474,1,1,0,1.350e-12,0.000e+00,0.000e+00,576991.7260,490108.0815,0,0
2025-04-12,6,30,108,144,36,0,0.36581411,3614.952320,,3957.579114,,1,1,0,1.137e-13,0.000e+00,0.000e+00,566881.0413,302938.4103,0,0
2025-04-12,12,30,72,144,72,0,0.36581411,10800.000000,,3939.345617,,1,1,0,4.938e-13,0.000e+00,0.000e+00,263878.4667,251502.6123,0,0
2025-04-12,18,30,36,144,108,0,0.36581411,10019.810525,,3037.571606,,1,1,0,1.137e-13,0.000e+00,0.000e+00,263213.5447,232163.8183,0,0
2025-04-13,0,30,144,144,0,0,0.48592683,9327.154828,0.00891131,32201.267319,31916.846349,2,1,0,1.478e-12,0.000e+00,0.000e+00,600435.2285,467639.3387,0,0
2025-04-13,6,30,108,144,36,0,0.48592683,9784.384147,,22312.174645,,1,1,0,2.122e-12,0.000e+00,0.000e+00,554842.7918,442972.6145,0,0
2025-04-13,12,30,72,144,72,0,0.48592683,5322.364988,,22834.848412,,1,1,0,1.137e-13,0.000e+00,0.000e+00,457985.7043,245459.6894,0,0
2025-04-13,18,30,36,144,108,0,0.48592683,10563.134702,,11541.460711,,1,1,0,1.137e-13,0.000e+00,0.000e+00,285953.3221,248218.6226,0,0
2025-04-14,0,30,144,144,0,0,0.48672822,10146.846033,0.00516313,31373.100773,31211.949551,2,1,0,1.137e-13,0.000e+00,-1.164e-11,601484.4148,481450.0466,0,0
2025-04-14,6,30,108,144,36,0,0.48672822,9190.446717,,22596.993284,,1,1,0,1.137e-13,0.000e+00,0.000e+00,579538.6492,438581.8690,0,0
2025-04-14,12,30,72,144,72,0,0.48672822,5658.099334,,21556.986147,,1,1,0,1.137e-13,0.000e+00,0.000e+00,464456.8283,249955.7916,0,0
2025-04-14,18,30,36,144,108,0,0.48672822,10800.000000,,11008.814539,,1,1,0,1.137e-13,0.000e+00,0.000e+00,298445.3868,249732.0108,0,0
2025-04-15,0,30,144,144,0,0,0.49100239,10472.263216,0.00473934,31798.959768,31648.964647,2,1,0,2.274e-13,0.000e+00,0.000e+00,590200.0786,480731.1906,0,0
2025-04-15,6,30,108,144,36,0,0.49100239,9989.507010,,22203.747074,,1,1,0,1.137e-13,0.000e+00,0.000e+00,563385.4556,445512.2042,0,0
2025-04-15,12,30,72,144,72,0,0.49100239,9851.111478,,20199.573620,,1,1,0,1.137e-13,0.000e+00,0.000e+00,331744.9925,253406.4502,0,0
2025-04-15,18,30,36,144,108,0,0.49100239,10773.061036,,10876.498145,,1,1,0,1.137e-13,0.000e+00,0.000e+00,297466.7635,248394.2185,0,0
2025-04-16,0,30,144,144,0,0,0.48573465,10509.534619,0.00353758,30196.472937,30090.026932,2,1,0,5.684e-14,0.000e+00,1.137e-13,596426.0654,486095.0114,0,0
2025-04-16,6,30,108,144,36,0,0.48573465,8907.970113,,21777.166325,,1,1,0,1.137e-13,0.000e+00,0.000e+00,583931.0912,433459.6508,0,0
2025-04-16,12,30,72,144,72,0,0.48573465,4082.170572,,26146.179401,,1,1,0,1.137e-13,0.000e+00,0.000e+00,487530.3252,228565.3396,0,0
2025-04-16,18,30,36,144,108,0,0.48573465,8917.391708,,19715.325675,,1,1,0,1.137e-13,0.000e+00,0.000e+00,299601.2423,209582.1441,0,0
2025-04-17,0,30,144,144,0,0,0.49071419,9913.284715,0.00401274,31473.551973,31347.761493,2,1,0,9.095e-13,0.000e+00,0.000e+00,610392.9072,481833.6125,0,0
2025-04-17,6,30,108,144,36,0,0.49071419,9352.215369,,22104.366773,,1,1,0,9.095e-13,0.000e+00,0.000e+00,574278.0416,437378.1177,0,0
2025-04-17,12,30,72,144,72,0,0.49071419,6403.719969,,21204.947285,,1,1,0,9.095e-13,0.000e+00,0.000e+00,445454.7296,252987.2749,0,0
2025-04-17,18,30,36,144,108,0,0.49071419,10534.255093,,11360.835469,,1,1,0,9.095e-13,0.000e+00,0.000e+00,298577.1714,249219.0356,0,0
2025-04-18,0,30,144,144,0,0,0.36715694,10552.848909,-0.00000000,6552.052758,6552.052758,1,1,0,2.274e-12,0.000e+00,0.000e+00,608949.2715,498836.1078,0,0
2025-04-18,6,30,108,144,36,0,0.36715694,2578.162500,,4119.585947,,1,1,0,2.274e-12,0.000e+00,0.000e+00,613510.1340,287213.8734,0,0
2025-04-18,12,30,72,144,72,0,0.36715694,10800.000000,,3796.848665,,1,1,0,2.274e-12,0.000e+00,0.000e+00,294236.1809,250591.5839,0,0
2025-04-18,18,30,36,144,108,0,0.36715694,10309.283138,,2816.536448,,1,1,0,2.274e-12,0.000e+00,0.000e+00,293278.0207,230135.8875,0,0
2025-04-19,0,30,144,144,0,0,0.36999500,10800.000000,0.00000000,6301.556507,6301.556507,1,1,0,8.185e-12,0.000e+00,0.000e+00,603920.9402,503980.2043,0,0
2025-04-19,6,30,108,144,36,0,0.36999500,3005.036298,,3521.633286,,1,1,0,1.137e-13,0.000e+00,0.000e+00,597967.1818,288693.6401,0,0
2025-04-19,12,30,72,144,72,0,0.36999500,10800.000000,,3583.427434,,1,1,0,6.430e-13,-1.151e-14,0.000e+00,291189.8461,250668.0181,0,0
2025-04-19,18,30,36,144,108,0,0.36999500,10184.699006,,2745.938106,,1,1,0,1.137e-13,0.000e+00,0.000e+00,290658.0362,229575.4104,0,0
2025-04-20,0,30,144,144,0,0,0.49490209,10247.811280,0.00430345,30896.592728,30764.200439,2,1,0,1.648e-12,-2.785e-12,4.945e-12,606647.6010,487745.1524,0,0
2025-04-20,6,30,108,144,36,0,0.49490209,9296.693328,,21776.045009,,1,1,0,1.137e-13,0.000e+00,0.000e+00,578411.5301,439599.9668,0,0
2025-04-20,12,30,72,144,72,0,0.49490209,6303.528646,,20733.977981,,1,1,0,1.137e-13,0.000e+00,0.000e+00,450603.2261,254389.5262,0,0
2025-04-20,18,30,36,144,108,0,0.49490209,10715.906877,,11161.702050,,1,1,0,1.137e-13,0.000e+00,0.000e+00,300149.8325,251104.9001,0,0
2025-04-21,0,30,144,144,0,0,0.49476712,10737.174182,0.00524170,30299.786966,30141.792701,3,1,0,0.000e+00,-3.325e-12,-9.553e-12,594461.4379,490963.7198,0,0
2025-04-21,6,30,108,144,36,0,0.49476712,9342.418508,,21472.182369,,1,1,0,1.137e-13,0.000e+00,0.000e+00,582816.6279,444540.1411,0,0
2025-04-21,12,30,72,144,72,0,0.49476712,6944.900724,,19742.011631,,1,1,0,1.137e-13,0.000e+00,0.000e+00,431384.0242,255500.3071,0,0
2025-04-21,18,30,36,144,108,0,0.49476712,10764.431187,,10606.906098,,1,1,0,1.137e-13,0.000e+00,0.000e+00,299957.1299,250587.1156,0,0
2025-04-22,0,30,144,144,0,0,0.49438421,10188.497209,0.00546325,30442.340264,30276.929965,2,1,0,4.974e-14,0.000e+00,-7.390e-13,602256.8581,483060.4541,0,0
2025-04-22,6,30,108,144,36,0,0.49438421,9835.711988,,20799.809852,,1,1,0,1.137e-13,0.000e+00,0.000e+00,568082.5391,445695.1125,0,0
2025-04-22,12,30,72,144,72,0,0.49438421,7237.464076,,19621.596934,,1,1,0,1.137e-13,0.000e+00,0.000e+00,419846.0414,254567.2079,0,0
2025-04-22,18,30,36,144,108,0,0.49438421,10767.364840,,11111.668889,,1,1,0,1.137e-13,0.000e+00,0.000e+00,298267.2327,249436.1075,0,0
2025-04-23,0,30,144,144,0,0,0.49302497,10423.803042,0.00400513,29472.269548,29354.700063,2,1,0,5.684e-14,0.000e+00,-8.882e-14,603952.9228,490869.3158,0,0
2025-04-23,6,30,108,144,36,0,0.49302497,8754.810239,,20827.954169,,1,1,0,1.137e-13,0.000e+00,0.000e+00,580974.8893,427535.1050,0,0
2025-04-23,12,30,72,144,72,0,0.49302497,6470.852737,,19793.042241,,1,1,0,1.137e-13,0.000e+00,0.000e+00,441808.2219,252381.0226,0,0
2025-04-23,18,30,36,144,108,0,0.49302497,10790.381022,,10889.469691,,1,1,0,1.137e-13,0.000e+00,0.000e+00,296901.2289,248294.6089,0,0
2025-04-24,0,30,144,144,0,0,0.49418382,10563.524792,0.00288704,29088.722008,29004.983587,3,1,0,0.000e+00,0.000e+00,-2.025e-13,595573.8692,488024.9695,0,0
2025-04-24,6,30,108,144,36,0,0.49418382,8689.742342,,20316.105232,,1,1,0,1.137e-13,0.000e+00,0.000e+00,572720.1863,418637.9884,0,0
2025-04-24,12,30,72,144,72,0,0.49418382,6750.356890,,19410.106693,,1,1,0,1.137e-13,0.000e+00,0.000e+00,433458.2614,252869.3249,0,0
2025-04-24,18,30,36,144,108,0,0.49418382,10654.260898,,10774.314917,,1,1,0,1.137e-13,0.000e+00,0.000e+00,296232.9638,247714.3509,0,0
2025-04-25,0,30,144,144,0,0,0.36761332,10498.555959,-0.00000000,5838.333017,5838.333017,1,1,0,5.329e-15,0.000e+00,0.000e+00,609636.5798,499169.1859,0,0
2025-04-25,6,30,108,144,36,0,0.36761332,2741.729869,,3074.150437,,1,1,0,0.000e+00,0.000e+00,0.000e+00,601981.5832,283534.3343,0,0
2025-04-25,12,30,72,144,72,0,0.36761332,10800.000000,,3085.542823,,1,1,0,0.000e+00,0.000e+00,0.000e+00,294069.4818,251698.8257,0,0
2025-04-25,18,30,36,144,108,0,0.36761332,9995.694804,,2666.482039,,1,1,0,0.000e+00,0.000e+00,0.000e+00,293517.4043,228843.7079,0,0
2025-04-26,0,30,144,144,0,0,0.36455166,10280.697798,-0.00000000,5751.798738,5751.798738,1,1,0,0.000e+00,0.000e+00,0.000e+00,610879.1508,494109.5532,0,0
2025-04-26,6,30,108,144,36,0,0.36455166,2562.487041,,2994.145519,,1,1,0,0.000e+00,0.000e+00,0.000e+00,604343.9089,280424.3168,0,0
2025-04-26,12,30,72,144,72,0,0.36455166,10800.000000,,2829.377062,,1,1,0,0.000e+00,0.000e+00,0.000e+00,293907.9908,251384.0731,0,0
2025-04-26,18,30,36,144,108,0,0.36455166,9671.394647,,2910.960527,,1,1,0,0.000e+00,0.000e+00,0.000e+00,293624.5402,228253.3758,0,0
2025-04-27,0,30,144,144,0,0,0.49036570,9710.144827,0.00334770,27676.211451,27583.868903,2,1,0,3.752e-12,-3.979e-13,1.342e-11,614282.7549,478948.8242,0,0
2025-04-27,6,30,108,144,36,0,0.49036570,8238.084792,,18843.683345,,1,1,0,1.137e-13,0.000e+00,0.000e+00,576087.0280,408264.6645,0,0
2025-04-27,12,30,72,144,72,0,0.49036570,6284.937898,,18840.514297,,1,1,0,1.137e-13,0.000e+00,0.000e+00,448399.5227,252793.6515,0,0
2025-04-27,18,30,36,144,108,0,0.49036570,10188.482909,,12601.949125,,1,1,0,1.137e-13,0.000e+00,0.000e+00,300779.7676,243785.6300,0,0
2025-04-28,0,30,144,144,0,0,0.48950087,10214.169312,0.00167705,27459.164187,27413.190812,3,1,0,4.547e-13,-1.137e-13,0.000e+00,617315.4420,495612.5821,0,0
2025-04-28,6,30,108,144,36,0,0.48950087,7781.587316,,19455.530177,,1,1,0,1.137e-13,0.000e+00,0.000e+00,592844.9891,410135.0034,0,0
2025-04-28,12,30,72,144,72,0,0.48950087,2289.385545,,34535.953988,,1,1,0,1.137e-13,0.000e+00,0.000e+00,489814.9205,183960.4580,0,0
2025-04-28,18,30,36,144,108,0,0.48950087,4833.307792,,45549.839135,,1,1,0,1.137e-13,0.000e+00,0.000e+00,299409.2976,99035.0393,0,0
2025-04-29,0,30,144,144,0,0,0.49960551,10048.376804,0.00804395,30767.100294,30521.586068,2,1,0,0.000e+00,-1.137e-13,-3.041e-12,595675.4643,474804.1690,0,0
2025-04-29,6,30,108,144,36,0,0.49960551,8764.783277,,21838.452286,,1,1,0,1.137e-13,0.000e+00,0.000e+00,562756.9542,413628.9948,0,0
2025-04-29,12,30,72,144,72,0,0.49960551,9093.541992,,19525.560728,,1,1,0,1.137e-13,0.000e+00,0.000e+00,355737.0292,253260.5782,0,0
2025-04-29,18,30,36,144,108,0,0.49960551,10791.307688,,10696.561455,,1,1,0,1.137e-13,0.000e+00,0.000e+00,293877.2675,246138.1356,0,0
2025-04-30,0,30,144,144,0,0,0.50186051,10507.905094,0.00685090,30677.513811,30468.775141,2,1,0,1.137e-13,0.000e+00,-9.821e-12,593785.3373,485341.4769,0,0
2025-04-30,6,30,108,144,36,0,0.50186051,8434.319216,,22180.479369,,1,1,0,1.137e-13,0.000e+00,0.000e+00,564518.7924,405893.9409,0,0
2025-04-30,12,30,72,144,72,0,0.50186051,7265.402934,,20144.721408,,1,1,0,1.137e-13,0.000e+00,0.000e+00,414507.8736,251871.6389,0,0
2025-04-30,18,30,36,144,108,0,0.50186051,10800.000000,,10676.235971,,1,1,0,1.137e-13,0.000e+00,0.000e+00,295426.2434,247436.4475,0,0
2025-05-01,0,30,144,144,0,0,0.50232262,10354.461297,0.00485512,30393.160988,30246.311663,2,1,0,2.501e-12,-5.343e-12,-1.211e-11,595036.2286,482188.5984,0,0
2025-05-01,6,30,108,144,36,0,0.50232262,7823.938905,,22262.169526,,1,1,0,1.137e-13,0.000e+00,0.000e+00,569043.4459,392989.4069,0,0
2025-05-01,12,30,72,144,72,0,0.50232262,7238.172135,,19715.201021,,1,1,0,1.137e-13,0.000e+00,0.000e+00,415534.6751,251670.0720,0,0
2025-05-01,18,30,36,144,108,0,0.50232262,10190.831687,,12107.975527,,1,1,0,1.137e-13,0.000e+00,0.000e+00,296210.7915,243595.5107,0,0
2025-05-02,0,30,144,144,0,0,0.36930533,9491.553639,0.00000004,6925.621422,6925.621156,1,1,0,0.000e+00,-7.390e-13,-2.387e-12,607151.9906,470843.7439,0,0
2025-05-02,6,30,108,144,36,0,0.36930533,2676.130761,,3829.625161,,1,1,0,1.137e-13,0.000e+00,0.000e+00,600843.1647,281717.1773,0,0
2025-05-02,12,30,72,144,72,0,0.36930533,10800.000000,,4090.493917,,1,1,0,5.684e-13,0.000e+00,0.000e+00,290954.6165,250051.9226,0,0
2025-05-02,18,30,36,144,108,0,0.36930533,9645.522222,,4746.112782,,1,1,0,1.137e-13,0.000e+00,0.000e+00,290203.5628,228600.2047,0,0
2025-05-03,0,30,144,144,0,0,0.38646604,9598.278749,0.00000000,8341.234931,8341.234931,1,1,0,5.684e-14,-1.137e-13,0.000e+00,604583.9335,472086.4677,0,0
2025-05-03,6,30,108,144,36,0,0.38646604,3154.686873,,4996.077203,,1,1,0,1.137e-13,0.000e+00,0.000e+00,590634.9205,286810.7865,0,0
2025-05-03,12,30,72,144,72,0,0.38646604,10800.000000,,4934.908724,,1,1,0,1.137e-13,0.000e+00,0.000e+00,289380.8892,249218.4756,0,0
2025-05-03,18,30,36,144,108,0,0.38646604,10263.327398,,3854.916288,,1,1,0,1.137e-13,0.000e+00,0.000e+00,288572.1280,233766.8329,0,0
2025-05-04,0,30,144,144,0,0,0.51951348,9628.896985,0.01601001,37670.199763,37076.602815,3,1,0,1.648e-12,0.000e+00,1.364e-12,569037.2128,449185.7814,0,0
2025-05-04,6,30,108,144,36,0,0.51951348,10057.371153,,26972.869117,,1,1,0,1.137e-13,0.000e+00,0.000e+00,522949.8973,422784.1419,0,0
2025-05-04,12,30,72,144,72,0,0.51951348,10275.767835,,23744.303776,,1,1,0,1.137e-13,0.000e+00,0.000e+00,291959.3512,238424.0998,0,0
2025-05-04,18,30,36,144,108,0,0.51951348,10765.940422,,13295.936038,,1,1,0,1.137e-13,0.000e+00,0.000e+00,269412.2978,229233.6237,0,0
2025-05-05,0,30,144,144,0,0,0.51469499,9828.399379,0.01371463,36305.506351,35814.325953,3,1,0,2.274e-12,-2.842e-12,-2.132e-13,551424.8207,442141.9771,0,0
2025-05-05,6,30,108,144,36,0,0.51469499,8953.124947,,26916.864860,,1,1,0,1.137e-13,0.000e+00,0.000e+00,521157.9692,393939.0130,0,0
2025-05-05,12,30,72,144,72,0,0.51469499,5808.056235,,27304.652433,,1,1,0,1.137e-13,0.000e+00,0.000e+00,405967.5948,224212.6968,0,0
2025-05-05,18,30,36,144,108,0,0.51469499,10712.424991,,13785.424719,,1,1,0,1.137e-13,0.000e+00,0.000e+00,269208.0752,231040.6224,0,0
2025-05-06,0,30,144,144,0,0,0.50861880,10092.813184,0.01328050,35032.175563,34573.028288,2,1,0,1.137e-13,0.000e+00,-2.274e-12,549872.4643,447426.4846,0,0
2025-05-06,6,30,108,144,36,0,0.50861880,8493.833210,,26461.666029,,1,1,0,1.137e-13,0.000e+00,0.000e+00,532777.9332,391447.6695,0,0
2025-05-06,12,30,72,144,72,0,0.50861880,5796.522587,,26496.799752,,1,1,0,1.137e-13,0.000e+00,0.000e+00,407542.3167,224856.3401,0,0
2025-05-06,18,30,36,144,108,0,0.50861880,10780.887223,,14199.576573,,1,1,0,1.137e-13,0.000e+00,0.000e+00,269330.1032,231162.3780,0,0
2025-05-07,0,30,144,144,0,0,0.50785439,10321.070670,0.01607549,34856.940947,34305.463869,3,1,0,0.000e+00,0.000e+00,0.000e+00,547118.7457,452001.5336,0,0
2025-05-07,6,30,108,144,36,0,0.50785439,9360.179546,,25590.805738,,1,1,0,1.137e-13,0.000e+00,0.000e+00,521930.2739,405713.2596,0,0
2025-05-07,12,30,72,144,72,0,0.50785439,6215.357723,,24728.685950,,1,1,0,1.137e-13,0.000e+00,0.000e+00,405180.8433,230991.1132,0,0
2025-05-07,18,30,36,144,108,0,0.50785439,9436.311423,,16606.291344,,1,1,0,1.137e-13,0.000e+00,0.000e+00,268734.7312,223883.8464,0,0
2025-05-08,0,30,144,144,0,0,0.51166900,9290.927055,0.01829633,36584.755137,35927.415446,2,1,0,1.023e-12,-1.137e-13,4.093e-12,564634.0245,439810.4099,0,0
2025-05-08,6,30,108,144,36,0,0.51166900,10041.402401,,26077.499696,,1,1,0,1.137e-13,-2.046e-13,0.000e+00,512970.3646,418077.4210,0,0
2025-05-08,12,30,72,144,72,0,0.51166900,7220.890133,,24201.414420,,1,1,0,1.137e-13,-2.046e-13,0.000e+00,382599.7772,235210.0166,0,0
2025-05-08,18,30,36,144,108,0,0.51166900,10025.197186,,15396.313928,,1,1,0,1.137e-13,0.000e+00,0.000e+00,265868.6515,227539.5454,0,0
2025-05-09,0,30,144,144,0,0,0.38389054,9813.675528,0.00005743,8336.144932,8335.666184,2,1,0,0.000e+00,0.000e+00,0.000e+00,619775.3617,493516.4023,0,0
2025-05-09,6,30,108,144,36,0,0.38389054,2508.719643,,5494.997844,,1,1,0,0.000e+00,0.000e+00,0.000e+00,600273.0093,280485.6879,0,0
2025-05-09,12,30,72,144,72,0,0.38389054,10800.000000,,5354.806699,,1,1,0,6.750e-14,0.000e+00,0.000e+00,284905.4290,248902.5175,0,0
2025-05-09,18,30,36,144,108,0,0.38389054,10099.397388,,4491.775799,,1,1,0,0.000e+00,0.000e+00,0.000e+00,284455.5043,235444.0998,0,0
2025-05-10,0,30,144,144,0,0,0.38774118,10025.155661,0.00000861,8850.404482,8850.328304,1,1,0,0.000e+00,-1.137e-12,0.000e+00,619615.8571,498124.1130,0,0
2025-05-10,6,30,108,144,36,0,0.38774118,2881.639381,,5837.560370,,1,1,0,0.000e+00,0.000e+00,0.000e+00,590643.8125,281781.8173,0,0
2025-05-10,12,30,72,144,72,0,0.38774118,10800.000000,,5914.814256,,1,1,0,0.000e+00,0.000e+00,0.000e+00,285752.7492,248615.7928,0,0
2025-05-10,18,30,36,144,108,0,0.38774118,10709.523546,,4493.255536,,1,1,0,0.000e+00,0.000e+00,0.000e+00,285190.9877,243240.1330,0,0
2025-05-11,0,30,144,144,0,0,0.51915333,9920.928500,0.01554473,37769.666093,37191.533635,2,1,0,2.387e-12,0.000e+00,2.336e-12,554037.7197,447738.1614,0,0
2025-05-11,6,30,108,144,36,0,0.51915333,9948.143036,,27572.011760,,1,1,0,1.137e-13,-4.093e-13,0.000e+00,518313.2964,419576.9042,0,0
2025-05-11,12,30,72,144,72,0,0.51915333,7760.634107,,24968.620784,,1,1,0,1.137e-13,-4.093e-13,0.000e+00,372864.5403,239281.7512,0,0
2025-05-11,18,30,36,144,108,0,0.51915333,10800.000000,,14601.249624,,1,1,0,1.137e-13,0.000e+00,0.000e+00,268476.8223,231505.0518,0,0
2025-05-12,0,30,144,144,0,0,0.51534549,10402.735731,0.01574949,36872.278703,36300.563405,3,1,0,0.000e+00,0.000e+00,0.000e+00,542324.3894,452028.6879,0,0
2025-05-12,6,30,108,144,36,0,0.51534549,9878.091414,,27145.392398,,1,1,0,1.137e-13,-4.093e-13,0.000e+00,515109.4860,416004.7212,0,0
2025-05-12,12,30,72,144,72,0,0.51534549,10747.461610,,23770.887629,,1,1,0,1.137e-13,-4.093e-13,0.000e+00,274653.0967,240870.9625,0,0
2025-05-12,18,30,36,144,108,0,0.51534549,10607.879425,,14465.388310,,1,1,0,1.137e-13,0.000e+00,0.000e+00,267618.6409,230886.5555,0,0
2025-05-13,0,30,144,144,0,0,0.51163131,10758.709168,0.01330337,35400.164793,34935.405993,2,1,0,1.137e-13,0.000e+00,0.000e+00,540612.8701,459363.7453,0,0
2025-05-13,6,30,108,144,36,0,0.51163131,9187.374818,,26479.262183,,1,1,0,1.137e-13,-4.093e-13,0.000e+00,510606.8924,392469.9687,0,0
2025-05-13,12,30,72,144,72,0,0.51163131,6789.537738,,25027.876634,,1,1,0,1.137e-13,-4.093e-13,0.000e+00,400014.0202,238509.3368,0,0
2025-05-13,18,30,36,144,108,0,0.51163131,10798.828224,,14309.319903,,1,1,0,1.137e-13,0.000e+00,0.000e+00,271066.6389,233676.6849,0,0
2025-05-14,0,30,144,144,0,0,0.50505558,10715.713535,0.01217951,33956.837893,33548.236811,2,1,0,0.000e+00,0.000e+00,-3.633e-13,533120.4465,460522.2066,0,0
2025-05-14,6,30,108,144,36,0,0.50505558,8358.061247,,25707.007583,,1,1,0,1.137e-13,-4.093e-13,0.000e+00,508776.0744,377198.2906,0,0
2025-05-14,12,30,72,144,72,0,0.50505558,5913.415215,,24781.788481,,1,1,0,1.137e-13,-4.093e-13,0.000e+00,413328.0271,236068.6963,0,0
2025-05-14,18,30,36,144,108,0,0.50505558,10616.774109,,14298.075084,,1,1,0,1.137e-13,0.000e+00,0.000e+00,261579.4423,234464.3929,0,0
2025-05-15,0,30,144,144,0,0,0.50333768,9814.325560,0.01245501,33997.444844,33579.215541,2,1,0,2.274e-13,-7.958e-13,-3.183e-12,538174.4936,440951.3240,0,0
2025-05-15,6,30,108,144,36,0,0.50333768,8349.317869,,25331.923131,,1,1,0,1.137e-13,0.000e+00,0.000e+00,508545.3439,377277.7826,0,0
2025-05-15,12,30,72,144,72,0,0.50333768,6625.037317,,23742.999712,,1,1,0,1.137e-13,0.000e+00,0.000e+00,395995.0869,239091.2770,0,0
2025-05-15,18,30,36,144,108,0,0.50333768,10229.033343,,14663.520190,,1,1,0,1.137e-13,0.000e+00,0.000e+00,260758.4190,233458.7426,0,0
2025-05-16,0,30,144,144,0,0,0.37937597,9871.109329,0.00005627,8290.047303,8289.580810,1,1,0,0.000e+00,0.000e+00,0.000e+00,554403.7075,493599.0079,0,0
2025-05-16,6,30,108,144,36,0,0.37937597,2157.629946,,5798.211465,,1,1,0,1.137e-13,0.000e+00,0.000e+00,536350.9669,270712.3447,0,0
2025-05-16,12,30,72,144,72,0,0.37937597,10800.000000,,5342.922694,,1,1,0,1.137e-13,0.000e+00,0.000e+00,219685.6063,247557.3940,0,0
2025-05-16,18,30,36,144,108,0,0.37937597,10697.138200,,4050.601884,,1,1,0,1.137e-13,0.000e+00,0.000e+00,218935.6253,239734.9461,0,0
2025-05-17,0,30,144,144,0,0,0.37682413,8277.057169,0.00006000,9063.518074,9062.974282,2,1,0,0.000e+00,0.000e+00,0.000e+00,552773.9789,451353.1596,0,0
2025-05-17,6,30,108,144,36,0,0.37682413,2272.451165,,5891.053814,,1,1,0,0.000e+00,0.000e+00,0.000e+00,531386.5863,271905.0094,0,0
2025-05-17,12,30,72,144,72,0,0.37682413,10800.000000,,5805.555382,,1,1,0,0.000e+00,0.000e+00,0.000e+00,217612.2537,247991.6186,0,0
2025-05-17,18,30,36,144,108,0,0.37682413,10419.128141,,4885.680705,,1,1,0,0.000e+00,0.000e+00,0.000e+00,216776.1494,240525.8746,0,0
2025-05-18,0,30,144,144,0,0,0.50646314,7605.414379,0.02012026,36860.281810,36133.271043,3,1,0,2.387e-12,0.000e+00,4.775e-12,529451.3121,407947.9328,0,0
2025-05-18,6,30,108,144,36,0,0.50646314,8153.908003,,26958.411211,,1,1,0,1.137e-13,0.000e+00,0.000e+00,471834.0126,376470.1058,0,0
2025-05-18,12,30,72,144,72,0,0.50646314,5859.307745,,27144.927598,,1,1,0,1.137e-13,0.000e+00,0.000e+00,361438.0667,228997.3249,0,0
2025-05-18,18,30,36,144,108,0,0.50646314,10781.124473,,14658.359730,,1,1,0,1.137e-13,0.000e+00,0.000e+00,216038.4532,231137.3290,0,0
2025-05-19,0,30,144,144,0,0,0.50057954,9226.793596,0.01731588,34342.742508,33758.189641,2,1,0,0.000e+00,-1.228e-12,0.000e+00,466085.6027,419642.1291,0,0
2025-05-19,6,30,108,144,36,0,0.50057954,8524.904161,,25193.831229,,1,1,0,1.137e-13,-1.228e-12,0.000e+00,432691.4257,373280.1081,0,0
2025-05-19,12,30,72,144,72,0,0.50057954,7689.525478,,23257.301362,,1,1,0,1.137e-13,0.000e+00,0.000e+00,297759.9453,239986.4102,0,0
2025-05-19,18,30,36,144,108,0,0.50057954,10714.278201,,13834.556517,,1,1,0,1.137e-13,0.000e+00,0.000e+00,194031.5964,233119.8677,0,0
2025-05-20,0,30,144,144,0,0,0.49711940,8094.883603,0.02090021,34308.564080,33606.187562,4,1,0,0.000e+00,-2.274e-13,0.000e+00,486313.1544,406419.7318,0,0
2025-05-20,6,30,108,144,36,0,0.49711940,8412.396094,,24736.142099,,1,1,0,0.000e+00,0.000e+00,0.000e+00,436175.7996,373986.3961,0,0
2025-05-20,12,30,72,144,72,0,0.49711940,6500.724723,,23644.821046,,1,1,0,0.000e+00,0.000e+00,0.000e+00,327655.1862,235521.7013,0,0
2025-05-20,18,30,36,144,108,0,0.49711940,9515.171123,,16098.053282,,1,1,0,0.000e+00,0.000e+00,0.000e+00,191689.4427,225054.5028,0,0
2025-05-21,0,30,144,144,0,0,0.49646222,6825.209332,0.01907889,34960.647691,34306.124796,3,1,0,5.063e-14,-9.095e-13,0.000e+00,535902.2885,411484.7618,0,0
2025-05-21,6,30,108,144,36,0,0.49646222,8472.942844,,24775.610355,,1,1,0,1.137e-13,0.000e+00,0.000e+00,442561.6462,380505.2292,0,0
2025-05-21,12,30,72,144,72,0,0.49646222,6902.353039,,23390.329101,,1,1,0,1.137e-13,0.000e+00,0.000e+00,317368.9330,236223.5497,0,0
2025-05-21,18,30,36,144,108,0,0.49646222,9591.264809,,15824.748467,,1,1,0,1.137e-13,0.000e+00,0.000e+00,191849.1125,226333.3245,0,0
2025-05-22,0,30,144,144,0,0,0.49497079,6812.403961,0.02047232,34755.822795,34058.564915,3,1,0,2.046e-12,0.000e+00,1.023e-11,520603.3456,401029.2568,0,0
2025-05-22,6,30,108,144,36,0,0.49497079,7972.899553,,24992.149360,,1,1,0,1.137e-13,0.000e+00,0.000e+00,437639.9674,365312.3746,0,0
2025-05-22,12,30,72,144,72,0,0.49497079,6481.883932,,23868.709506,,1,1,0,1.137e-13,0.000e+00,0.000e+00,325962.4452,235029.5346,0,0
2025-05-22,18,30,36,144,108,0,0.49497079,10691.609567,,14587.609697,,1,1,0,1.137e-13,0.000e+00,0.000e+00,190340.6817,231605.7344,0,0
2025-05-23,0,30,144,144,0,0,0.37518917,8573.850399,0.00007360,8636.907159,8636.271551,2,1,0,0.000e+00,0.000e+00,0.000e+00,510200.6534,462524.6204,0,0
2025-05-23,6,30,108,144,36,0,0.37518917,1710.266204,,6084.983560,,1,1,0,1.137e-13,-2.046e-13,0.000e+00,491830.1169,262327.7126,0,0
2025-05-23,12,30,72,144,72,0,0.37518917,10800.000000,,5630.253027,,1,1,0,1.137e-13,-2.046e-13,0.000e+00,172666.3116,249227.8428,0,0
2025-05-23,18,30,36,144,108,0,0.37518917,10539.751878,,4614.609113,,1,1,0,1.137e-13,0.000e+00,0.000e+00,171764.7445,240870.1161,0,0
2025-05-24,0,30,144,144,0,0,0.37628030,7225.497439,0.00011553,9359.764352,9358.683126,2,1,0,0.000e+00,-8.185e-13,0.000e+00,488949.7736,427030.4326,0,0
2025-05-24,6,30,108,144,36,0,0.37628030,1912.180848,,5950.353873,,1,1,0,0.000e+00,0.000e+00,0.000e+00,467333.7121,266061.8748,0,0
2025-05-24,12,30,72,144,72,0,0.37628030,10800.000000,,5822.065350,,1,1,0,0.000e+00,0.000e+00,0.000e+00,151596.8630,250286.1442,0,0
2025-05-24,18,30,36,144,108,0,0.37628030,10762.362860,,4373.240784,,1,1,0,0.000e+00,0.000e+00,0.000e+00,150432.1675,244011.7706,0,0
2025-05-25,0,30,144,144,0,0,0.49565960,6364.420020,0.02348265,35127.067620,34321.116903,2,1,0,6.821e-13,0.000e+00,0.000e+00,527016.6187,390916.4065,0,0
2025-05-25,6,30,108,144,36,0,0.49565960,7861.881087,,25227.165889,,1,1,0,1.137e-13,0.000e+00,0.000e+00,447644.9523,367652.0134,0,0
2025-05-25,12,30,72,144,72,0,0.49565960,7701.781703,,23226.827644,,1,1,0,1.137e-13,0.000e+00,0.000e+00,293462.7605,235952.0019,0,0
2025-05-25,18,30,36,144,108,0,0.49565960,10656.495078,,14367.063151,,1,1,0,1.137e-13,0.000e+00,0.000e+00,190322.6076,228261.0978,0,0
2025-05-26,0,30,144,144,0,0,0.49182288,8257.379942,0.02005888,33198.790647,32545.955103,2,1,0,1.137e-13,-3.070e-12,-6.139e-12,459754.9498,412861.4985,0,0
2025-05-26,6,30,108,144,36,0,0.49182288,8060.808232,,24209.743130,,1,1,0,1.137e-13,0.000e+00,0.000e+00,415037.8609,371466.9292,0,0
2025-05-26,12,30,72,144,72,0,0.49182288,3262.636430,,36040.344592,,1,1,0,1.137e-13,0.000e+00,0.000e+00,326231.6582,185127.4441,0,0
2025-05-26,18,30,36,144,108,0,0.49182288,7051.872805,,31958.744799,,1,1,0,1.137e-13,0.000e+00,0.000e+00,167422.8862,159637.2703,0,0
2025-05-27,0,30,144,144,0,0,0.49178369,6237.296621,0.02443533,34480.836047,33658.382303,4,1,0,1.137e-13,0.000e+00,0.000e+00,489493.3519,387127.1903,0,0
2025-05-27,6,30,108,144,36,0,0.49178369,8044.329810,,24647.395277,,1,1,0,1.137e-13,0.000e+00,0.000e+00,400275.1043,364510.2386,0,0
2025-05-27,12,30,72,144,72,0,0.49178369,7227.265920,,22286.756769,,1,1,0,1.137e-13,0.000e+00,0.000e+00,265222.9244,228310.2653,0,0
2025-05-27,18,30,36,144,108,0,0.49178369,10741.070911,,14120.603835,,1,1,0,1.137e-13,0.000e+00,0.000e+00,147675.6890,222195.8817,0,0
2025-05-28,0,30,144,144,0,0,0.49329138,6774.551942,0.02385039,34783.163551,33972.896661,4,1,0,5.045e-13,0.000e+00,-5.002e-13,443533.4774,380592.4196,0,0
2025-05-28,6,30,108,144,36,0,0.49329138,7831.385496,,25223.275013,,1,1,0,1.137e-13,0.000e+00,0.000e+00,379047.3138,357311.2384,0,0
2025-05-28,12,30,72,144,72,0,0.49329138,3678.779253,,28220.709903,,1,1,0,1.137e-13,0.000e+00,0.000e+00,311423.3815,206190.4897,0,0
2025-05-28,18,30,36,144,108,0,0.49329138,10020.894659,,15127.346436,,1,1,0,1.137e-13,0.000e+00,0.000e+00,126334.3272,220517.5771,0,0
2025-05-29,0,30,144,144,0,0,0.49623696,5972.670559,0.01875720,35022.021523,34377.201349,2,1,0,1.933e-12,-2.501e-12,7.230e-12,487270.7889,407326.2803,0,0
2025-05-29,6,30,108,144,36,0,0.49623696,8284.133599,,24770.673475,,1,1,0,1.137e-13,0.000e+00,0.000e+00,381045.1580,384210.4204,0,0
2025-05-29,12,30,72,144,72,0,0.49623696,3925.656999,,26387.972286,,1,1,0,1.137e-13,0.000e+00,-5.002e-13,327210.9191,227257.7128,0,0
2025-05-29,18,30,36,144,108,0,0.49623696,9570.000000,,16756.201817,,1,1,0,1.137e-13,0.000e+00,0.000e+00,125158.7628,227385.4628,0,0
2025-05-30,0,30,144,144,0,0,0.37461905,5252.856266,0.00017767,9807.570244,9805.828064,2,1,0,1.266e-14,-2.046e-13,0.000e+00,409291.3720,373374.8812,0,0
2025-05-30,6,30,108,144,36,0,0.37461905,2371.578376,,5647.166905,,1,1,0,1.137e-13,-2.046e-13,0.000e+00,378521.9019,270657.1075,0,0
2025-05-30,12,30,72,144,72,0,0.37461905,10800.000000,,5537.734452,,1,1,0,4.334e-13,-2.046e-13,0.000e+00,70887.8170,249040.8825,0,0
2025-05-30,18,30,36,144,108,0,0.37461905,9950.049176,,5701.180156,,1,1,0,1.137e-13,0.000e+00,0.000e+00,70126.4753,236419.3081,0,0
2025-05-31,0,30,144,144,0,0,0.37757745,3688.773093,0.00019942,10443.825636,10441.743299,2,1,0,0.000e+00,0.000e+00,0.000e+00,405030.6314,330386.2070,0,0
2025-05-31,6,30,108,144,36,0,0.37757745,2225.402064,,5913.696450,,1,1,0,0.000e+00,0.000e+00,0.000e+00,383030.5996,273055.1634,0,0
2025-05-31,12,30,72,144,72,0,0.37757745,10800.000000,,5681.172447,,1,1,0,0.000e+00,0.000e+00,0.000e+00,68107.9049,249481.9250,0,0
2025-05-31,18,30,36,144,108,0,0.37757745,10702.271147,,4440.108809,,1,1,0,0.000e+00,0.000e+00,0.000e+00,67381.3521,240021.9203,0,0
2025-06-01,0,30,144,144,0,0,0.49851134,3752.654379,0.01434131,37065.671342,36541.616709,3,1,0,1.137e-13,-5.684e-13,0.000e+00,549199.5822,428899.5624,0,0
2025-06-01,6,30,108,144,36,0,0.49851134,7772.969656,,27345.131592,,1,1,0,1.137e-13,-2.046e-13,-2.274e-13,365184.1421,393263.6907,0,0
2025-06-01,12,30,72,144,72,0,0.49851134,1764.892689,,42237.420172,,1,1,0,1.137e-13,0.000e+00,-2.274e-13,275151.4447,169488.8110,0,0
2025-06-01,18,30,36,144,108,0,0.49851134,3525.736426,,57812.012657,,1,1,0,1.137e-13,0.000e+00,-2.274e-13,86641.8499,64686.4955,0,0
2025-06-02,0,30,144,144,0,0,0.52778822,2488.909330,0.00958438,48752.315069,48289.490216,4,0,1,2.046e-12,0.000e+00,0.000e+00,610095.9863,457823.9260,0,0
2025-06-02,6,30,108,144,36,0,0.52778822,9771.290425,,34158.356696,,1,1,0,0.000e+00,0.000e+00,0.000e+00,342237.3401,437628.2698,0,0
2025-06-02,12,30,72,144,72,0,0.52778822,8219.362722,,29946.936961,,1,1,0,0.000e+00,0.000e+00,0.000e+00,174662.0404,257465.6255,0,0
2025-06-02,18,30,36,144,108,0,0.52778822,9510.000000,,20643.494889,,1,1,0,0.000e+00,0.000e+00,0.000e+00,69815.1604,226689.3082,0,0
2025-06-03,0,30,144,144,0,0,0.53519257,2606.410104,0.00921845,51675.506852,51203.489862,2,1,0,4.093e-12,0.000e+00,2.137e-11,621429.0604,478107.6229,0,0
2025-06-03,6,30,108,144,36,0,0.53519257,9734.871047,,36926.903942,,1,1,0,1.137e-13,0.000e+00,0.000e+00,358369.5545,457476.7641,0,0
2025-06-03,12,30,72,144,72,0,0.53519257,6278.263266,,35086.619221,,1,1,0,1.137e-13,0.000e+00,0.000e+00,235511.5993,266541.1162,0,0
2025-06-03,18,30,36,144,108,0,0.53519257,10542.191138,,18320.505264,,1,1,0,0.000e+00,0.000e+00,0.000e+00,69347.2495,247082.1020,0,0
2025-06-04,0,30,144,144,0,0,0.54109879,2985.989233,0.00918222,53757.165611,53268.046945,3,1,0,1.137e-13,0.000e+00,1.137e-13,592067.8407,483691.5034,0,0
2025-06-04,6,30,108,144,36,0,0.54109879,9395.065795,,39440.438868,,1,1,0,0.000e+00,0.000e+00,0.000e+00,349282.8171,460286.2730,0,0
2025-06-04,12,30,72,144,72,0,0.54109879,8055.121632,,34370.014795,,1,1,0,0.000e+00,0.000e+00,0.000e+00,171953.2229,279167.2514,0,0
2025-06-04,18,30,36,144,108,0,0.54109879,10799.593484,,18543.340777,,1,1,0,0.000e+00,0.000e+00,0.000e+00,46149.9170,248754.8302,0,0
2025-06-05,0,30,144,144,0,0,0.54029612,3190.491052,0.00894707,53440.322672,52966.428375,3,1,0,1.023e-12,0.000e+00,9.663e-13,586364.2830,484853.0440,0,0
2025-06-05,6,30,108,144,36,0,0.54029612,9747.437848,,38706.282519,,1,1,0,5.045e-13,0.000e+00,0.000e+00,340740.9994,462881.3383,0,0
2025-06-05,12,30,72,144,72,0,0.54029612,6418.816699,,36576.851260,,1,1,0,1.137e-13,0.000e+00,0.000e+00,214312.3326,272612.9900,0,0
2025-06-05,18,30,36,144,108,0,0.54029612,10634.893129,,18793.680800,,1,1,0,1.137e-13,0.000e+00,0.000e+00,45723.9853,248147.5538,0,0
2025-06-06,0,30,144,144,0,0,0.40890428,2893.592334,0.01397613,14438.566254,14239.552363,2,1,0,0.000e+00,0.000e+00,0.000e+00,386493.7556,314683.2871,0,0
2025-06-06,6,30,108,144,36,0,0.40890428,3077.471627,,8418.936285,,1,1,0,0.000e+00,0.000e+00,0.000e+00,356070.9859,295005.5846,0,0
2025-06-06,12,30,72,144,72,0,0.40890428,9035.919978,,7800.479610,,1,1,0,0.000e+00,0.000e+00,0.000e+00,106312.7491,253579.5183,0,0
2025-06-06,18,30,36,144,108,0,0.40890428,9868.249366,,8449.374210,,1,1,0,0.000e+00,0.000e+00,0.000e+00,45710.4939,235868.4224,0,0
2025-06-07,0,30,144,144,0,0,0.42492250,1812.625013,0.02489247,18620.405428,18168.155163,1,1,0,3.283e-12,-4.462e-12,-2.132e-14,421269.9106,308685.9940,0,0
2025-06-07,6,30,108,144,36,0,0.42492250,3536.991599,,11370.830790,,1,1,0,0.000e+00,0.000e+00,0.000e+00,347606.3627,295661.0509,0,0
2025-06-07,12,30,72,144,72,0,0.42492250,7675.336885,,11118.856958,,1,1,0,0.000e+00,0.000e+00,0.000e+00,150561.3760,247636.2917,0,0
2025-06-07,18,30,36,144,108,0,0.42492250,10388.389900,,7480.582141,,1,1,0,0.000e+00,0.000e+00,0.000e+00,46750.2928,241829.0009,0,0
2025-06-08,0,30,144,144,0,0,0.56919274,2073.376281,0.00801515,67425.497353,66889.369206,3,1,0,3.752e-12,-4.570e-12,3.638e-12,673570.0678,506384.1825,0,0
2025-06-08,6,30,108,144,36,0,0.56919274,10110.948148,,49753.560075,,1,1,0,1.137e-13,-2.046e-13,0.000e+00,382423.5454,487464.1985,0,0
2025-06-08,12,30,72,144,72,0,0.56919274,10800.000000,,40975.648060,,1,1,0,4.042e-12,-2.149e-12,0.000e+00,111422.8431,282783.9303,0,0
2025-06-08,18,30,36,144,108,0,0.56919274,10796.949011,,20064.375819,,1,1,0,1.137e-13,0.000e+00,0.000e+00,44691.8686,225989.1496,0,0
2025-06-09,0,30,144,144,0,0,0.54185711,5081.591059,0.00743003,56412.443974,55996.389149,4,0,1,1.137e-13,0.000e+00,-2.727e-13,544696.2339,485228.1415,0,0
2025-06-09,6,30,108,144,36,0,0.54185711,9946.672276,,42417.081288,,1,1,0,1.137e-13,0.000e+00,0.000e+00,358259.0067,465657.2904,0,0
2025-06-09,12,30,72,144,72,0,0.54185711,7827.641761,,37834.324991,,1,1,0,1.137e-13,0.000e+00,0.000e+00,202340.5811,278787.4878,0,0
2025-06-09,18,30,36,144,108,0,0.54185711,10281.901703,,19508.414865,,1,1,0,0.000e+00,0.000e+00,0.000e+00,45334.0253,227321.5189,0,0
2025-06-10,0,30,144,144,0,0,0.53635138,3383.679254,0.00713489,55381.703592,54989.360501,3,1,0,0.000e+00,-2.046e-12,-2.583e-11,587315.1937,468851.5496,0,0
2025-06-10,6,30,108,144,36,0,0.53635138,9955.040774,,40723.667989,,1,1,0,1.137e-13,0.000e+00,0.000e+00,345477.9808,450374.8181,0,0
2025-06-10,12,30,72,144,72,0,0.53635138,6738.098299,,37833.006056,,1,1,0,1.137e-13,0.000e+00,0.000e+00,209309.0113,252761.7878,0,0
2025-06-10,18,30,36,144,108,0,0.53635138,10772.667095,,19064.215103,,1,1,0,0.000e+00,0.000e+00,0.000e+00,45781.1150,223744.3273,0,0
2025-06-11,0,30,144,144,0,0,0.53004845,4032.214073,0.00649974,52981.563639,52639.420846,4,0,1,1.137e-13,0.000e+00,-3.979e-13,563578.8531,471268.3243,0,0
2025-06-11,6,30,108,144,36,0,0.53004845,9679.085952,,39220.009112,,1,1,0,0.000e+00,0.000e+00,0.000e+00,350978.4465,451762.1650,0,0
2025-06-11,12,30,72,144,72,0,0.53004845,5608.435985,,38702.880798,,1,1,0,0.000e+00,0.000e+00,0.000e+00,223868.3606,244693.4593,0,0
2025-06-11,18,30,36,144,108,0,0.53004845,8378.495231,,27425.526072,,1,1,0,0.000e+00,0.000e+00,0.000e+00,45672.6260,196321.9626,0,0
2025-06-12,0,30,144,144,0,0,0.54159414,2502.973397,0.00673581,59230.811127,58834.512872,4,1,0,1.137e-13,0.000e+00,-4.263e-14,642016.8323,487441.2455,0,0
2025-06-12,6,30,108,144,36,0,0.54159414,9951.015357,,43871.126272,,1,1,0,4.547e-13,0.000e+00,0.000e+00,367913.3033,466463.3452,0,0
2025-06-12,12,30,72,144,72,0,0.54159414,8684.055783,,37829.205380,,1,1,0,1.137e-13,0.000e+00,0.000e+00,167424.4382,265375.6116,0,0
2025-06-12,18,30,36,144,108,0,0.54159414,10752.723411,,19225.803964,,1,1,0,0.000e+00,0.000e+00,0.000e+00,45236.0808,219308.0296,0,0
2025-06-13,0,30,144,144,0,0,0.41664692,4619.525455,0.01171278,16519.981401,16328.726662,2,1,0,0.000e+00,0.000e+00,-4.263e-14,377544.3760,344778.6637,0,0
2025-06-13,6,30,108,144,36,0,0.41664692,2866.344187,,11392.000923,,1,1,0,0.000e+00,0.000e+00,0.000e+00,352867.0497,277454.1352,0,0
2025-06-13,12,30,72,144,72,0,0.41664692,7228.897295,,11042.584560,,1,1,0,0.000e+00,0.000e+00,0.000e+00,163167.9062,241484.1704,0,0
2025-06-13,18,30,36,144,108,0,0.41664692,10145.737474,,7330.210880,,1,1,0,0.000e+00,0.000e+00,0.000e+00,45272.7797,234016.4298,0,0
2025-06-14,0,30,144,144,0,0,0.42393592,2297.960519,0.02516658,19721.800610,19237.654551,4,0,1,1.634e-13,0.000e+00,0.000e+00,412471.5721,307853.2563,0,0
2025-06-14,6,30,108,144,36,0,0.42393592,3300.793478,,13038.472614,,1,1,0,0.000e+00,0.000e+00,0.000e+00,343875.1369,279532.5833,0,0
2025-06-14,12,30,72,144,72,0,0.42393592,10597.889494,,11748.909135,,1,1,0,0.000e+00,0.000e+00,0.000e+00,56106.0795,242218.3346,0,0
2025-06-14,18,30,36,144,108,0,0.42393592,10776.361917,,7721.777477,,1,1,0,0.000e+00,0.000e+00,0.000e+00,46143.1264,232603.8566,0,0
2025-06-15,0,30,144,144,0,0,0.54846195,3370.393421,0.00697707,62846.789128,62411.340604,4,1,0,2.487e-14,-1.637e-12,-4.263e-14,588520.9907,468345.5232,0,0
2025-06-15,6,30,108,144,36,0,0.54846195,10114.900000,,47056.524396,,1,1,0,1.137e-13,0.000e+00,0.000e+00,340525.2816,449324.0338,0,0
2025-06-15,12,30,72,144,72,0,0.54846195,10115.455768,,39456.076277,,1,1,0,1.137e-13,0.000e+00,0.000e+00,121676.0394,267686.8188,0,0
2025-06-15,18,30,36,144,108,0,0.54846195,10800.000000,,19837.621454,,1,1,0,0.000e+00,0.000e+00,0.000e+00,44732.4884,219271.4562,0,0
2025-06-16,0,30,144,144,0,0,0.53285837,5302.588114,0.00637382,56112.228949,55756.844659,4,1,0,1.137e-13,0.000e+00,-2.700e-13,526182.4047,468784.7971,0,0
2025-06-16,6,30,108,144,36,0,0.53285837,9491.004996,,43545.490451,,1,1,0,1.137e-13,0.000e+00,0.000e+00,356146.3467,444447.8792,0,0
2025-06-16,12,30,72,144,72,0,0.53285837,8162.472530,,36800.392758,,1,1,0,1.137e-13,0.000e+00,0.000e+00,180782.8710,262997.1339,0,0
2025-06-16,18,30,36,144,108,0,0.53285837,10724.037782,,18802.060224,,1,1,0,0.000e+00,0.000e+00,0.000e+00,45555.6568,218352.7776,0,0
2025-06-17,0,30,144,144,0,0,0.53122446,4285.870897,0.00801858,56424.719794,55975.872701,3,1,0,8.498e-12,-1.108e-11,-1.918e-12,554783.2290,462911.7582,0,0
2025-06-17,6,30,108,144,36,0,0.53122446,9867.347940,,42707.675044,,1,1,0,1.137e-13,0.000e+00,0.000e+00,343918.4350,442735.8712,0,0
2025-06-17,12,30,72,144,72,0,0.53122446,7910.944505,,37146.015514,,1,1,0,1.137e-13,0.000e+00,0.000e+00,190191.2545,262767.3705,0,0
2025-06-17,18,30,36,144,108,0,0.53122446,10283.338974,,19075.286362,,1,1,0,0.000e+00,0.000e+00,0.000e+00,46014.2312,217707.0328,0,0
2025-06-18,0,30,144,144,0,0,0.53356086,3184.466752,0.00766491,58033.367978,57591.931180,4,1,0,1.137e-13,0.000e+00,0.000e+00,599591.7222,469630.9496,0,0
2025-06-18,6,30,108,144,36,0,0.53356086,10145.591204,,43459.279936,,1,1,0,1.137e-13,0.000e+00,0.000e+00,345138.3903,451042.7133,0,0
2025-06-18,12,30,72,144,72,0,0.53356086,8781.163468,,37536.168053,,1,1,0,1.137e-13,0.000e+00,0.000e+00,169176.8457,268024.0640,0,0
2025-06-18,18,30,36,144,108,0,0.53356086,10728.881417,,18814.163424,,1,1,0,1.137e-13,0.000e+00,0.000e+00,45632.5104,218120.8801,0,0
2025-06-19,0,30,144,144,0,0,0.53175565,4354.364455,0.00752567,57197.476280,56770.242074,3,1,0,2.181e-12,0.000e+00,-3.727e-11,553297.4247,463870.2884,0,0
2025-06-19,6,30,108,144,36,0,0.53175565,9808.628277,,43630.811229,,1,1,0,1.137e-13,0.000e+00,0.000e+00,347057.2310,444312.2904,0,0
2025-06-19,12,30,72,144,72,0,0.53175565,8567.564774,,37383.358158,,1,1,0,1.137e-13,0.000e+00,0.000e+00,175607.0957,267626.7651,0,0
2025-06-19,18,30,36,144,108,0,0.53175565,10785.430311,,18323.256898,,1,1,0,0.000e+00,0.000e+00,0.000e+00,45301.3372,218308.6668,0,0
2025-06-20,0,30,144,144,0,0,0.40838272,4399.902901,0.00452728,16300.390495,16226.926602,2,1,0,1.137e-13,-1.137e-13,-9.237e-14,382444.5225,339461.6166,0,0
2025-06-20,6,30,108,144,36,0,0.40838272,2799.079137,,11107.055355,,1,1,0,0.000e+00,0.000e+00,0.000e+00,352166.4699,271714.1524,0,0
2025-06-20,12,30,72,144,72,0,0.40838272,10800.000000,,10454.006479,,1,1,0,8.908e-13,0.000e+00,0.000e+00,50370.0091,242997.2991,0,0
2025-06-20,18,30,36,144,108,0,0.40838272,10621.299964,,7186.037310,,1,1,0,0.000e+00,0.000e+00,0.000e+00,47424.1005,232747.7909,0,0
2025-06-21,0,30,144,144,0,0,0.40500825,3357.061716,0.00473361,16869.252401,16789.776101,2,1,0,1.648e-12,-1.137e-13,-9.237e-14,386817.3024,313536.8417,0,0
2025-06-21,6,30,108,144,36,0,0.40500825,2261.233333,,11790.699487,,1,1,0,0.000e+00,0.000e+00,0.000e+00,365320.9685,266537.4450,0,0
2025-06-21,12,30,72,144,72,0,0.40500825,10800.000000,,10708.067864,,1,1,0,1.415e-12,0.000e+00,0.000e+00,50444.9136,242034.5404,0,0
2025-06-21,18,30,36,144,108,0,0.40500825,10787.456348,,7151.410686,,1,1,0,0.000e+00,0.000e+00,0.000e+00,47393.5268,232822.0312,0,0
2025-06-22,0,30,144,144,0,0,0.52151813,4062.550946,0.00700028,53516.313886,53144.289006,3,1,0,1.137e-13,0.000e+00,-2.132e-14,559313.9945,463270.5956,0,0
2025-06-22,6,30,108,144,36,0,0.52151813,10152.068519,,39580.192118,,1,1,0,1.137e-13,-8.185e-13,0.000e+00,332530.7088,443601.5499,0,0
2025-06-22,12,30,72,144,72,0,0.52151813,10017.924563,,34247.989661,,1,1,0,1.137e-13,-8.185e-13,0.000e+00,106633.6037,253584.5168,0,0
2025-06-22,18,30,36,144,108,0,0.52151813,10800.000000,,18851.066055,,1,1,0,0.000e+00,0.000e+00,0.000e+00,45352.8853,220896.5782,0,0
2025-06-23,0,30,144,144,0,0,0.51436193,4772.971490,0.00636547,50683.754495,50363.169319,3,1,0,1.137e-13,-4.547e-13,-4.263e-14,531138.4951,457059.0664,0,0
2025-06-23,6,30,108,144,36,0,0.51436193,10108.193056,,37613.318649,,1,1,0,1.137e-13,-8.185e-13,0.000e+00,328944.7560,437010.8676,0,0
2025-06-23,12,30,72,144,72,0,0.51436193,8786.870986,,33312.643796,,1,1,0,1.137e-13,-8.185e-13,0.000e+00,162699.3063,262979.4180,0,0
2025-06-23,18,30,36,144,108,0,0.51436193,10602.204076,,18231.479098,,1,1,0,0.000e+00,0.000e+00,0.000e+00,45416.7620,217371.9118,0,0
2025-06-24,0,30,144,144,0,0,0.51198735,3907.782976,0.00680267,51196.419139,50850.500063,3,1,0,0.000e+00,0.000e+00,-4.263e-14,570796.6961,463356.3228,0,0
2025-06-24,6,30,108,144,36,0,0.51198735,9704.275820,,38162.482046,,1,1,0,0.000e+00,0.000e+00,0.000e+00,351090.8192,442205.6600,0,0
2025-06-24,12,30,72,144,72,0,0.51198735,3924.448295,,42624.023958,,1,1,0,0.000e+00,0.000e+00,0.000e+00,249513.9009,231309.5544,0,0
2025-06-24,18,30,36,144,108,0,0.51198735,7645.039894,,28342.588742,,1,1,0,0.000e+00,0.000e+00,0.000e+00,45760.7477,176702.6770,0,0
2025-06-25,0,30,144,144,0,0,0.52306518,2387.294462,0.00714035,57056.208396,56651.695596,3,1,0,4.263e-14,0.000e+00,-6.750e-14,619834.8191,456422.2491,0,0
2025-06-25,6,30,108,144,36,0,0.52306518,10128.783796,,42499.886110,,1,1,0,1.137e-13,0.000e+00,0.000e+00,339615.4283,437948.5220,0,0
2025-06-25,12,30,72,144,72,0,0.52306518,7030.038388,,37737.330186,,1,1,0,1.137e-13,0.000e+00,0.000e+00,221792.9859,263206.5062,0,0
2025-06-25,18,30,36,144,108,0,0.52306518,10790.506931,,18641.726056,,1,1,0,0.000e+00,0.000e+00,0.000e+00,45534.2536,205241.2108,0,0
2025-06-26,0,30,144,144,0,0,0.52119449,4879.455421,0.00727208,55850.038252,55446.824502,2,1,0,1.137e-13,0.000e+00,-2.700e-13,556035.0207,470848.2872,0,0
2025-06-26,6,30,108,144,36,0,0.52119449,10083.762942,,42716.317831,,1,1,0,0.000e+00,0.000e+00,0.000e+00,356195.9848,449026.0652,0,0
2025-06-26,12,30,72,144,72,0,0.52119449,8401.529291,,35599.922579,,1,1,0,0.000e+00,0.000e+00,0.000e+00,192356.7743,266388.7735,0,0
2025-06-26,18,30,36,144,108,0,0.52119449,10800.000000,,18121.666892,,1,1,0,0.000e+00,0.000e+00,0.000e+00,45685.6584,204057.5107,0,0
2025-06-27,0,30,144,144,0,0,0.40585358,4832.809977,0.01489849,16562.889525,16319.749817,2,1,0,0.000e+00,0.000e+00,0.000e+00,373493.8231,339913.4606,0,0
2025-06-27,6,30,108,144,36,0,0.40585358,3428.351591,,11339.898916,,1,1,0,0.000e+00,0.000e+00,0.000e+00,332103.2761,268466.7411,0,0
2025-06-27,12,30,72,144,72,0,0.40585358,10800.000000,,9896.559312,,1,1,0,8.908e-13,0.000e+00,0.000e+00,48403.8798,236328.5527,0,0
2025-06-27,18,30,36,144,108,0,0.40585358,10690.078391,,7108.948523,,1,1,0,0.000e+00,0.000e+00,0.000e+00,46490.2656,227081.1233,0,0
2025-06-28,0,30,144,144,0,0,0.39295373,4162.778445,0.00262923,14905.215953,14866.129443,2,1,0,1.137e-13,-1.637e-12,-9.237e-14,381393.0209,328004.2151,0,0
2025-06-28,6,30,108,144,36,0,0.39295373,2725.546541,,9827.180170,,1,1,0,5.045e-13,-2.046e-13,0.000e+00,357781.2220,270073.3966,0,0
2025-06-28,12,30,72,144,72,0,0.39295373,10552.861904,,9252.097124,,1,1,0,1.137e-13,-1.842e-12,0.000e+00,58115.1809,238332.2310,0,0
2025-06-28,18,30,36,144,108,0,0.39295373,10218.648570,,7154.252957,,1,1,0,1.137e-13,-2.046e-13,0.000e+00,48121.2621,227172.1945,0,0
2025-06-29,0,30,144,144,0,0,0.50875797,3130.542660,0.00865522,52561.180142,52110.155121,4,1,0,1.137e-13,-2.615e-12,-1.155e-13,566551.8996,429672.9123,0,0
2025-06-29,6,30,108,144,36,0,0.50875797,9838.979804,,39249.277230,,1,1,0,0.000e+00,0.000e+00,0.000e+00,315282.0857,407613.4296,0,0
2025-06-29,12,30,72,144,72,0,0.50875797,6891.664896,,34683.711568,,1,1,0,0.000e+00,0.000e+00,0.000e+00,192258.0863,233582.4164,0,0
2025-06-29,18,30,36,144,108,0,0.50875797,9972.191651,,18857.469785,,1,1,0,0.000e+00,0.000e+00,0.000e+00,46160.0909,200449.3586,0,0
2025-06-30,0,30,144,144,0,0,0.50958361,4254.649202,0.00723890,52757.856926,52378.692719,3,1,0,1.137e-13,0.000e+00,-2.274e-13,537353.8874,432078.9515,0,0
2025-06-30,6,30,108,144,36,0,0.50958361,10087.868519,,39716.526955,,1,1,0,1.137e-13,0.000e+00,0.000e+00,317451.7677,410997.1728,0,0
2025-06-30,12,30,72,144,72,0,0.50958361,6813.078761,,35438.252039,,1,1,0,1.137e-13,0.000e+00,0.000e+00,187800.2180,227192.1307,0,0
2025-06-30,18,30,36,144,108,0,0.50958361,10095.688014,,19209.078119,,1,1,0,0.000e+00,0.000e+00,0.000e+00,46275.9203,195677.4249,0,0
2025-07-01,0,30,144,144,0,0,0.51083531,4407.182755,0.00715033,53366.300421,52987.422940,3,1,0,1.137e-13,-2.456e-12,-4.308e-13,524250.5450,428459.4640,0,0
2025-07-01,6,30,108,144,36,0,0.51083531,7157.690186,,46723.366596,,1,1,0,1.137e-13,0.000e+00,0.000e+00,349386.8757,374109.4360,0,0
2025-07-01,12,30,72,144,72,0,0.51083531,5337.372639,,38761.992893,,1,1,0,1.137e-13,0.000e+00,0.000e+00,201851.8040,216936.3914,0,0
2025-07-01,18,30,36,144,108,0,0.51083531,8006.620212,,23156.801185,,1,1,0,0.000e+00,0.000e+00,0.000e+00,46123.6523,186091.5047,0,0
2025-07-02,0,30,144,144,0,0,0.55050459,1200.000000,0.00692006,69838.598165,69358.632129,4,1,0,1.137e-13,0.000e+00,0.000e+00,662700.4010,444051.3340,0,0
2025-07-02,6,30,108,144,36,0,0.55050459,9702.426923,,52760.849447,,1,1,0,1.137e-13,-2.046e-13,0.000e+00,358575.9325,431028.0409,0,0
2025-07-02,12,30,72,144,72,0,0.55050459,10800.000000,,41720.200518,,1,1,0,1.137e-13,-1.869e-12,0.000e+00,106473.5884,243183.2601,0,0
2025-07-02,18,30,36,144,108,0,0.55050459,10769.952952,,22678.538162,,1,1,0,1.137e-13,0.000e+00,0.000e+00,53295.9887,191983.2633,0,0
2025-07-03,0,30,144,144,0,0,0.54168077,5181.583151,0.00620938,62639.656630,62253.103189,4,1,0,1.137e-13,0.000e+00,0.000e+00,488565.6301,422780.2654,0,0
2025-07-03,6,30,108,144,36,0,0.54168077,9233.055422,,48267.786743,,1,1,0,1.137e-13,0.000e+00,0.000e+00,317290.7031,396270.7877,0,0
2025-07-03,12,30,72,144,72,0,0.54168077,7828.660360,,40493.180221,,1,1,0,1.137e-13,0.000e+00,0.000e+00,178792.0016,240828.2690,0,0
2025-07-03,18,30,36,144,108,0,0.54168077,10621.936849,,23622.258035,,1,1,0,1.137e-13,0.000e+00,0.000e+00,54062.1345,208792.9091,0,0
2025-07-04,0,30,144,144,0,0,0.40700851,4413.476305,0.00015864,18464.943527,18462.014725,2,1,0,0.000e+00,0.000e+00,-8.527e-14,420295.0329,365086.3288,0,0
2025-07-04,6,30,108,144,36,0,0.40700851,2363.850721,,12889.999672,,1,1,0,0.000e+00,0.000e+00,0.000e+00,374372.5736,272549.2460,0,0
2025-07-04,12,30,72,144,72,0,0.40700851,10800.000000,,11862.325089,,1,1,0,0.000e+00,0.000e+00,0.000e+00,56571.7681,242906.6241,0,0
2025-07-04,18,30,36,144,108,0,0.40700851,10022.657098,,10100.349686,,1,1,0,0.000e+00,0.000e+00,0.000e+00,53954.0138,231454.4133,0,0
2025-07-05,0,30,144,144,0,0,0.42348277,2172.645403,0.00070586,22598.507752,22582.567597,4,0,1,3.908e-14,0.000e+00,0.000e+00,435724.3239,312123.0872,0,0
2025-07-05,6,30,108,144,36,0,0.42348277,2895.692061,,14624.427327,,1,1,0,0.000e+00,0.000e+00,0.000e+00,373982.2468,281634.2646,0,0
2025-07-05,12,30,72,144,72,0,0.42348277,10800.000000,,14113.222866,,1,1,0,3.837e-13,0.000e+00,0.000e+00,61656.5977,242066.8031,0,0
2025-07-05,18,30,36,144,108,0,0.42348277,10205.177931,,11399.358036,,1,1,0,0.000e+00,0.000e+00,0.000e+00,58609.2634,230473.6318,0,0
2025-07-06,0,30,144,144,0,0,0.56432874,3475.976077,0.00628679,70395.058490,69955.264136,2,1,0,4.547e-13,0.000e+00,2.229e-12,569858.5861,442452.9308,0,0
2025-07-06,6,30,108,144,36,0,0.56432874,10034.535648,,52153.355182,,1,1,0,0.000e+00,0.000e+00,0.000e+00,323803.0905,419078.4790,0,0
2025-07-06,12,30,72,144,72,0,0.56432874,9817.188886,,44970.069534,,1,1,0,0.000e+00,0.000e+00,0.000e+00,142163.1258,261040.7996,0,0
2025-07-06,18,30,36,144,108,0,0.56432874,10800.000000,,26054.728996,,1,1,0,0.000e+00,0.000e+00,0.000e+00,53328.9136,208873.4686,0,0
2025-07-07,0,30,144,144,0,0,0.54494575,6433.421659,0.00421693,58892.788388,58645.484555,3,1,0,5.755e-13,0.000e+00,-2.132e-14,481963.9443,453596.5476,0,0
2025-07-07,6,30,108,144,36,0,0.54494575,9746.190969,,44183.845660,,1,1,0,1.137e-13,0.000e+00,0.000e+00,340152.1919,428443.1723,0,0
2025-07-07,12,30,72,144,72,0,0.54494575,8320.889004,,39534.629499,,1,1,0,1.137e-13,0.000e+00,0.000e+00,181356.0083,256399.0687,0,0
2025-07-07,18,30,36,144,108,0,0.54494575,10800.000000,,23191.643388,,1,1,0,1.137e-13,0.000e+00,0.000e+00,55015.6165,213884.1371,0,0
2025-07-08,0,30,144,144,0,0,0.54831340,4663.287171,0.00475926,59473.043302,59191.336181,4,0,1,6.821e-13,0.000e+00,0.000e+00,526160.1675,445575.3540,0,0
2025-07-08,6,30,108,144,36,0,0.54831340,9818.087671,,43665.090686,,1,1,0,5.045e-13,0.000e+00,0.000e+00,328123.6133,423995.3368,0,0
2025-07-08,12,30,72,144,72,0,0.54831340,6761.197635,,40295.560545,,1,1,0,1.137e-13,0.000e+00,0.000e+00,208077.4657,249467.1648,0,0
2025-07-08,18,30,36,144,108,0,0.54831340,10524.339400,,23769.478504,,1,1,0,1.137e-13,0.000e+00,0.000e+00,55990.7624,219490.5453,0,0
2025-07-09,0,30,144,144,0,0,0.55340617,4091.581901,0.00498837,60491.861518,60191.603481,4,1,0,1.137e-13,0.000e+00,-1.840e-12,548080.3203,447526.6404,0,0
2025-07-09,6,30,108,144,36,0,0.55340617,9953.827867,,44188.605773,,1,1,0,0.000e+00,0.000e+00,0.000e+00,328140.9744,427084.6127,0,0
2025-07-09,12,30,72,144,72,0,0.55340617,8567.205198,,39391.606916,,1,1,0,0.000e+00,0.000e+00,0.000e+00,161944.8746,252080.5260,0,0
2025-07-09,18,30,36,144,108,0,0.55340617,10723.270896,,23754.613652,,1,1,0,0.000e+00,0.000e+00,0.000e+00,54394.2772,217834.9983,0,0
2025-07-10,0,30,144,144,0,0,0.54973321,4609.899562,0.00542801,57756.241401,57444.432351,4,0,1,1.137e-13,0.000e+00,0.000e+00,518564.7099,442651.8311,0,0
2025-07-10,6,30,108,144,36,0,0.54973321,9887.328120,,41826.135050,,1,1,0,0.000e+00,0.000e+00,0.000e+00,319053.2647,423023.0632,0,0
2025-07-10,12,30,72,144,72,0,0.54973321,8446.026789,,37397.364657,,1,1,0,0.000e+00,0.000e+00,0.000e+00,155796.5464,249236.1899,0,0
2025-07-10,18,30,36,144,108,0,0.54973321,10756.350691,,22970.428659,,1,1,0,0.000e+00,0.000e+00,0.000e+00,54224.7811,224247.0683,0,0
2025-07-11,0,30,144,144,0,0,0.41770513,4244.694362,0.00027681,19047.676618,19042.405519,2,1,0,0.000e+00,0.000e+00,-8.527e-14,420489.3295,366882.7502,0,0
2025-07-11,6,30,108,144,36,0,0.41770513,2228.782870,,13266.927037,,1,1,0,0.000e+00,0.000e+00,0.000e+00,376295.1789,276655.8779,0,0
2025-07-11,12,30,72,144,72,0,0.41770513,8929.446225,,12670.441385,,1,1,0,0.000e+00,0.000e+00,0.000e+00,119830.6009,249837.4803,0,0
2025-07-11,18,30,36,144,108,0,0.41770513,10494.119869,,10164.574398,,1,1,0,0.000e+00,0.000e+00,0.000e+00,54602.7427,239757.4086,0,0
2025-07-12,0,30,144,144,0,0,0.44030981,2397.353014,0.00042117,22696.108399,22686.553478,4,1,0,6.253e-13,-8.185e-13,-9.059e-14,435092.3328,324269.8135,0,0
2025-07-12,6,30,108,144,36,0,0.44030981,3303.823493,,14051.536002,,1,1,0,0.000e+00,0.000e+00,0.000e+00,363976.0829,291140.3540,0,0
2025-07-12,12,30,72,144,72,0,0.44030981,10372.232727,,14136.201089,,1,1,0,0.000e+00,0.000e+00,0.000e+00,74106.3913,247192.9532,0,0
2025-07-12,18,30,36,144,108,0,0.44030981,10289.789678,,11594.131666,,1,1,0,0.000e+00,0.000e+00,0.000e+00,57280.5320,238089.9902,0,0
2025-07-13,0,30,144,144,0,0,0.58691116,2985.383471,0.00836004,70197.318672,69615.331394,2,1,0,6.821e-13,0.000e+00,-4.081e-12,599436.7943,466293.7850,0,0
2025-07-13,6,30,108,144,36,0,0.58691116,10064.354167,,50946.105569,,1,1,0,1.137e-13,0.000e+00,0.000e+00,340240.9801,446683.6242,0,0
2025-07-13,12,30,72,144,72,0,0.58691116,10800.000000,,42906.154742,,1,1,0,1.137e-13,-3.350e-14,0.000e+00,95610.2436,265833.8823,0,0
2025-07-13,18,30,36,144,108,0,0.58691116,10800.000000,,25512.889224,,1,1,0,1.137e-13,0.000e+00,0.000e+00,53907.0042,228022.1494,0,0
2025-07-14,0,30,144,144,0,0,0.56399003,5635.694205,0.00773322,58223.733216,57776.931543,3,1,0,7.248e-13,0.000e+00,-4.796e-14,488403.8333,451398.2561,0,0
2025-07-14,6,30,108,144,36,0,0.56399003,9646.583344,,42899.408090,,1,1,0,0.000e+00,0.000e+00,0.000e+00,325573.4186,428152.5641,0,0
2025-07-14,12,30,72,144,72,0,0.56399003,9157.048928,,37569.299184,,1,1,0,0.000e+00,0.000e+00,0.000e+00,130310.4041,253391.5081,0,0
2025-07-14,18,30,36,144,108,0,0.56399003,10592.430167,,23733.367736,,1,1,0,0.000e+00,0.000e+00,0.000e+00,55600.0513,230748.7910,0,0
2025-07-15,0,30,144,144,0,0,0.56371883,3510.711538,0.00858960,58706.668140,58206.695698,4,0,1,5.542e-13,0.000e+00,0.000e+00,548658.3589,443076.5458,0,0
2025-07-15,6,30,108,144,36,0,0.56371883,9769.874116,,41859.383076,,1,1,0,0.000e+00,0.000e+00,0.000e+00,314817.6404,422744.2644,0,0
2025-07-15,12,30,72,144,72,0,0.56371883,8721.019156,,37919.764594,,1,1,0,0.000e+00,0.000e+00,0.000e+00,141130.4528,250635.1746,0,0
2025-07-15,18,30,36,144,108,0,0.56371883,10759.122326,,24296.004952,,1,1,0,0.000e+00,0.000e+00,0.000e+00,55274.7527,231610.2417,0,0
2025-07-16,0,30,144,144,0,0,0.56036694,4489.561710,0.00836852,55757.907771,55295.169262,3,1,0,1.137e-13,0.000e+00,-1.101e-13,509317.9644,438816.3858,0,0
2025-07-16,6,30,108,144,36,0,0.56036694,9390.359179,,40188.398247,,1,1,0,0.000e+00,0.000e+00,0.000e+00,314493.7764,413611.7635,0,0
2025-07-16,12,30,72,144,72,0,0.56036694,7771.987866,,36965.631177,,1,1,0,0.000e+00,0.000e+00,0.000e+00,165891.7475,247848.7620,0,0
2025-07-16,18,30,36,144,108,0,0.56036694,10051.180345,,24560.097745,,1,1,0,0.000e+00,0.000e+00,0.000e+00,55830.6416,231374.1506,0,0
2025-07-17,0,30,144,144,0,0,0.56822360,3228.158442,0.00857136,58280.423810,57785.126767,4,0,1,2.522e-13,0.000e+00,0.000e+00,546859.5087,435039.4320,0,0
2025-07-17,6,30,108,144,36,0,0.56822360,9464.893556,,41406.480532,,1,1,0,8.953e-13,0.000e+00,0.000e+00,311046.3640,412421.6421,0,0
2025-07-17,12,30,72,144,72,0,0.56822360,6686.040763,,39912.768535,,1,1,0,0.000e+00,0.000e+00,0.000e+00,187649.8000,242858.7155,0,0
2025-07-17,18,30,36,144,108,0,0.56822360,10258.180632,,24389.588649,,1,1,0,0.000e+00,0.000e+00,0.000e+00,55782.9930,231467.7034,0,0
2025-07-18,0,30,144,144,0,0,0.43679089,3541.090634,0.00015449,19955.893712,19952.811254,2,1,0,0.000e+00,0.000e+00,-4.263e-14,427396.2431,353345.1288,0,0
2025-07-18,6,30,108,144,36,0,0.43679089,2190.164475,,13229.852471,,1,1,0,0.000e+00,0.000e+00,0.000e+00,376569.7454,275700.6594,0,0
2025-07-18,12,30,72,144,72,0,0.43679089,8830.373055,,12943.473993,,1,1,0,0.000e+00,0.000e+00,0.000e+00,123677.9788,250143.9601,0,0
2025-07-18,18,30,36,144,108,0,0.43679089,10245.214573,,10758.533743,,1,1,0,0.000e+00,0.000e+00,0.000e+00,55819.8300,238983.0687,0,0
2025-07-19,0,30,144,144,0,0,0.45850709,2367.054045,0.00048143,23064.470024,23053.371549,4,1,0,1.243e-14,0.000e+00,-1.421e-14,430164.2171,320669.1498,0,0
2025-07-19,6,30,108,144,36,0,0.45850709,2963.118531,,14276.722348,,1,1,0,0.000e+00,0.000e+00,0.000e+00,365465.2038,284356.6901,0,0
2025-07-19,12,30,72,144,72,0,0.45850709,10800.000000,,14115.460335,,1,1,0,2.913e-13,0.000e+00,0.000e+00,58956.2304,247680.2213,0,0
2025-07-19,18,30,36,144,108,0,0.45850709,10459.719785,,11239.284168,,1,1,0,0.000e+00,0.000e+00,0.000e+00,55848.7111,237173.4864,0,0
2025-07-20,0,30,144,144,0,0,0.59311426,3005.242518,0.01140360,66273.521007,65526.285414,4,1,0,0.000e+00,0.000e+00,-4.263e-14,591941.9598,466083.5394,0,0
2025-07-20,6,30,108,144,36,0,0.59311426,10063.794930,,47446.759544,,1,1,0,1.137e-13,-2.046e-13,0.000e+00,332675.6157,445884.3884,0,0
2025-07-20,12,30,72,144,72,0,0.59311426,9276.904435,,41433.000218,,1,1,0,1.137e-13,-2.046e-13,0.000e+00,136204.1923,263750.1028,0,0
2025-07-20,18,30,36,144,108,0,0.59311426,10800.000000,,25027.145944,,1,1,0,9.095e-13,0.000e+00,0.000e+00,54612.1432,234668.8513,0,0
2025-07-21,0,30,144,144,0,0,0.58263732,4701.437268,0.01161678,59709.413036,59023.746931,4,0,1,2.348e-12,0.000e+00,0.000e+00,517498.2595,450906.9495,0,0
2025-07-21,6,30,108,144,36,0,0.58263732,9625.829398,,43287.135070,,1,1,0,0.000e+00,0.000e+00,0.000e+00,325624.0130,428858.9569,0,0
2025-07-21,12,30,72,144,72,0,0.58263732,7879.993879,,38475.809087,,1,1,0,0.000e+00,0.000e+00,0.000e+00,171976.1056,255046.2276,0,0
2025-07-21,18,30,36,144,108,0,0.58263732,10475.605034,,24578.952608,,1,1,0,0.000e+00,0.000e+00,0.000e+00,56690.4904,233587.3773,0,0
2025-07-22,0,30,144,144,0,0,0.58199026,3608.326360,0.01254922,59705.875711,58965.899423,4,0,1,4.547e-12,0.000e+00,0.000e+00,541539.6701,442073.5536,0,0
2025-07-22,6,30,108,144,36,0,0.58199026,9228.061769,,43153.803524,,1,1,0,1.767e-13,0.000e+00,0.000e+00,325872.0812,420127.5562,0,0
2025-07-22,12,30,72,144,72,0,0.58199026,7128.785189,,38716.038224,,1,1,0,0.000e+00,0.000e+00,0.000e+00,187686.3036,252251.9102,0,0
2025-07-22,18,30,36,144,108,0,0.58199026,10277.491390,,24526.980387,,1,1,0,0.000e+00,0.000e+00,0.000e+00,56844.7410,234285.7554,0,0
2025-07-23,0,30,144,144,0,0,0.58912307,3109.180926,0.01090722,61782.215319,61115.613884,4,0,1,3.034e-12,0.000e+00,0.000e+00,570859.7007,453543.4424,0,0
2025-07-23,6,30,108,144,36,0,0.58912307,9968.546372,,43729.183316,,1,1,0,1.137e-13,0.000e+00,0.000e+00,319252.8640,434153.5602,0,0
2025-07-23,12,30,72,144,72,0,0.58912307,7487.313500,,39879.298300,,1,1,0,1.137e-13,0.000e+00,0.000e+00,182695.3323,258840.4140,0,0
2025-07-23,18,30,36,144,108,0,0.58912307,10675.350759,,24560.380001,,1,1,0,0.000e+00,0.000e+00,0.000e+00,55847.2970,236672.5614,0,0
2025-07-24,0,30,144,144,0,0,0.59310811,3663.757083,0.01121367,62219.578191,61529.605224,4,0,1,7.585e-13,0.000e+00,0.000e+00,558378.2683,458335.7128,0,0
2025-07-24,6,30,108,144,36,0,0.59310811,9616.113950,,44704.011896,,1,1,0,0.000e+00,0.000e+00,0.000e+00,334175.5184,437772.8354,0,0
2025-07-24,12,30,72,144,72,0,0.59310811,9548.791116,,39475.164247,,1,1,0,0.000e+00,0.000e+00,0.000e+00,127063.6683,265663.4156,0,0
2025-07-24,18,30,36,144,108,0,0.59310811,10387.022089,,25066.806918,,1,1,0,0.000e+00,0.000e+00,0.000e+00,56450.2048,236399.2667,0,0
2025-07-25,0,30,144,144,0,0,0.47015108,4020.868657,0.00033532,22881.967992,22874.297896,2,1,0,1.137e-13,0.000e+00,-8.837e-13,409662.1292,353720.8861,0,0
2025-07-25,6,30,108,144,36,0,0.47015108,3149.909096,,14461.083731,,1,1,0,0.000e+00,0.000e+00,0.000e+00,364312.5378,293471.8089,0,0
2025-07-25,12,30,72,144,72,0,0.47015108,10800.000000,,14439.359310,,1,1,0,0.000e+00,-2.488e-14,0.000e+00,59202.5548,252885.1771,0,0
2025-07-25,18,30,36,144,108,0,0.47015108,10717.876431,,11019.511370,,1,1,0,0.000e+00,0.000e+00,0.000e+00,56185.6419,242529.7917,0,0
2025-07-26,0,30,144,144,0,0,0.47260598,3713.219610,0.00020575,22710.549454,22705.877784,3,1,0,4.974e-14,0.000e+00,-2.132e-14,429049.5212,360979.2610,0,0
2025-07-26,6,30,108,144,36,0,0.47260598,2732.444724,,14450.652267,,1,1,0,1.137e-13,0.000e+00,0.000e+00,372735.8169,288884.2386,0,0
2025-07-26,12,30,72,144,72,0,0.47260598,10800.000000,,14312.632511,,1,1,0,1.137e-13,-1.217e-14,0.000e+00,59379.9427,252889.9728,0,0
2025-07-26,18,30,36,144,108,0,0.47260598,10781.061938,,10973.035616,,1,1,0,1.137e-13,0.000e+00,0.000e+00,55764.9978,242583.4753,0,0
2025-07-27,0,30,144,144,0,0,0.59540055,3309.312816,0.01032838,60190.485401,59575.170613,2,1,0,1.421e-14,-1.251e-12,-6.182e-12,564662.5922,460494.8608,0,0
2025-07-27,6,30,108,144,36,0,0.59540055,9265.342732,,42648.604957,,1,1,0,1.137e-13,0.000e+00,0.000e+00,340226.5341,439523.8661,0,0
2025-07-27,12,30,72,144,72,0,0.59540055,6502.725828,,41422.481247,,1,1,0,1.137e-13,0.000e+00,0.000e+00,209899.9843,263525.5894,0,0
2025-07-27,18,30,36,144,108,0,0.59540055,10800.000000,,24006.383671,,1,1,0,0.000e+00,0.000e+00,0.000e+00,55310.7447,245761.5555,0,0
2025-07-28,0,30,144,144,0,0,0.59723787,3446.082279,0.01124558,60300.144487,59629.575570,2,1,0,1.137e-12,0.000e+00,3.823e-12,563891.9234,464456.6149,0,0
2025-07-28,6,30,108,144,36,0,0.59723787,10048.331481,,42091.211030,,1,1,0,1.137e-13,0.000e+00,0.000e+00,320422.7203,444726.5278,0,0
2025-07-28,12,30,72,144,72,0,0.59723787,6018.327151,,42159.887941,,1,1,0,1.137e-13,0.000e+00,0.000e+00,217692.6264,258250.6714,0,0
2025-07-28,18,30,36,144,108,0,0.59723787,9044.778980,,33769.620568,,1,1,0,1.137e-13,0.000e+00,0.000e+00,57746.5929,216025.9958,0,0
2025-07-29,0,30,144,144,0,0,0.60205231,2619.568197,0.01103702,63045.217789,62356.982632,2,1,0,1.137e-13,0.000e+00,0.000e+00,605847.1482,469768.6711,0,0
2025-07-29,6,30,108,144,36,0,0.60205231,9963.586397,,44387.541258,,1,1,0,0.000e+00,0.000e+00,0.000e+00,336530.1901,449574.4487,0,0
2025-07-29,12,30,72,144,72,0,0.60205231,7195.078488,,40732.322535,,1,1,0,0.000e+00,0.000e+00,0.000e+00,203500.0897,269908.8889,0,0
2025-07-29,18,30,36,144,108,0,0.60205231,10800.000000,,23905.436755,,1,1,0,0.000e+00,0.000e+00,0.000e+00,59610.4422,244802.5373,0,0
2025-07-30,0,30,144,144,0,0,0.60690336,3469.069056,0.01055513,63604.031806,62939.695138,2,1,0,1.137e-13,0.000e+00,-3.162e-13,592473.5722,483150.6534,0,0
2025-07-30,6,30,108,144,36,0,0.60690336,9880.961553,,45346.786271,,1,1,0,1.137e-13,0.000e+00,0.000e+00,353036.9062,461842.9326,0,0
2025-07-30,12,30,72,144,72,0,0.60690336,7906.505766,,40325.535206,,1,1,0,1.137e-13,0.000e+00,0.000e+00,189220.4346,276382.6800,0,0
2025-07-30,18,30,36,144,108,0,0.60690336,10800.000000,,24407.885540,,1,1,0,1.137e-13,0.000e+00,0.000e+00,59598.8243,245598.0705,0,0
2025-07-31,0,30,144,144,0,0,0.61075457,3894.473768,0.01196066,63664.366699,62911.898788,4,0,1,2.451e-12,0.000e+00,-4.761e-13,564171.8406,470906.8599,0,0
2025-07-31,6,30,108,144,36,0,0.61075457,9964.547865,,45712.263677,,1,1,0,1.137e-13,0.000e+00,0.000e+00,339267.7226,451727.3485,0,0
2025-07-31,12,30,72,144,72,0,0.61075457,9096.866178,,39893.117369,,1,1,0,1.137e-13,0.000e+00,0.000e+00,143634.6437,269264.2803,0,0
2025-07-31,18,30,36,144,108,0,0.61075457,10771.575785,,24264.980104,,1,1,0,0.000e+00,0.000e+00,0.000e+00,60672.0804,244852.4347,0,0
2025-08-01,0,30,144,144,0,0,0.48830242,3844.358883,0.00014988,22941.586643,22938.148666,2,1,0,0.000e+00,0.000e+00,-6.395e-13,395916.5803,358920.4828,0,0
2025-08-01,6,30,108,144,36,0,0.48830242,2928.699439,,14549.909534,,1,1,0,0.000e+00,0.000e+00,0.000e+00,346453.9219,294132.9245,0,0
2025-08-01,12,30,72,144,72,0,0.48830242,10800.000000,,13844.138853,,1,1,0,0.000e+00,0.000e+00,0.000e+00,34978.4103,254362.8752,0,0
2025-08-01,18,30,36,144,108,0,0.48830242,10770.007208,,10216.879515,,1,1,0,0.000e+00,0.000e+00,0.000e+00,32234.4818,245700.1920,0,0
2025-08-02,0,30,144,144,0,0,0.48182309,3130.878364,0.00015186,22649.728751,22646.289689,3,1,0,2.487e-14,0.000e+00,-1.581e-13,399218.3458,341332.6741,0,0
2025-08-02,6,30,108,144,36,0,0.48182309,3651.554405,,13821.727256,,1,1,0,0.000e+00,0.000e+00,0.000e+00,320564.2921,291681.1436,0,0
2025-08-02,12,30,72,144,72,0,0.48182309,10800.000000,,13455.707151,,1,1,0,0.000e+00,0.000e+00,0.000e+00,36329.1495,254458.7092,0,0
2025-08-02,18,30,36,144,108,0,0.48182309,10800.000000,,10286.072312,,1,1,0,0.000e+00,-8.185e-13,0.000e+00,33199.2552,245948.1419,0,0
2025-08-03,0,30,144,144,0,0,0.58673527,2831.682012,0.01271054,54620.472090,53934.929934,4,0,1,3.560e-12,-1.228e-12,-4.992e-13,547398.6806,448094.9172,0,0
2025-08-03,6,30,108,144,36,0,0.58673527,9555.026340,,37824.089031,,1,1,0,0.000e+00,-1.228e-12,0.000e+00,296099.5372,426270.6918,0,0
2025-08-03,12,30,72,144,72,0,0.58673527,8776.546513,,35030.658330,,1,1,0,0.000e+00,-1.228e-12,0.000e+00,125781.7747,266547.3147,0,0
2025-08-03,18,30,36,144,108,0,0.58673527,10749.083800,,21933.010102,,1,1,0,0.000e+00,0.000e+00,0.000e+00,43170.4068,250337.5865,0,0
2025-08-04,0,30,144,144,0,0,0.58075111,1723.229515,0.01570405,54083.750838,53247.548841,4,0,1,1.137e-13,0.000e+00,0.000e+00,544839.9465,416211.7866,0,0
2025-08-04,6,30,108,144,36,0,0.58075111,8868.608420,,36780.540319,,1,1,0,7.319e-13,0.000e+00,0.000e+00,283548.7806,396898.5529,0,0
2025-08-04,12,30,72,144,72,0,0.58075111,7403.673605,,34780.176031,,1,1,0,0.000e+00,0.000e+00,0.000e+00,162078.0685,259155.6325,0,0
2025-08-04,18,30,36,144,108,0,0.58075111,10574.197101,,23304.807144,,1,1,0,0.000e+00,0.000e+00,0.000e+00,43857.0058,249037.6888,0,0
2025-08-05,0,30,144,144,0,0,0.57816147,2710.484877,0.01572880,53308.345857,52482.853560,4,0,1,3.070e-12,0.000e+00,0.000e+00,499333.0155,415772.3864,0,0
2025-08-05,6,30,108,144,36,0,0.57816147,8621.335538,,36828.699382,,1,1,0,4.974e-14,0.000e+00,0.000e+00,275450.2976,393457.7804,0,0
2025-08-05,12,30,72,144,72,0,0.57816147,6000.987425,,37379.444105,,1,1,0,0.000e+00,0.000e+00,0.000e+00,179490.1577,248451.5533,0,0
2025-08-05,18,30,36,144,108,0,0.57816147,10767.005023,,22880.545316,,1,1,0,0.000e+00,0.000e+00,0.000e+00,30168.0683,249309.6656,0,0
2025-08-06,0,30,144,144,0,0,0.57452194,2627.738039,0.01662433,51362.118536,50522.220243,4,0,1,1.137e-13,0.000e+00,0.000e+00,508753.4203,412222.4586,0,0
2025-08-06,6,30,108,144,36,0,0.57452194,7965.132084,,35531.532400,,1,1,0,0.000e+00,0.000e+00,0.000e+00,303154.2519,389560.2378,0,0
2025-08-06,12,30,72,144,72,0,0.57452194,6512.688311,,33932.151836,,1,1,0,0.000e+00,0.000e+00,0.000e+00,183063.4535,254305.6766,0,0
2025-08-06,18,30,36,144,108,0,0.57452194,9101.374254,,32200.845143,,1,1,0,0.000e+00,0.000e+00,0.000e+00,43329.7617,218482.3450,0,0
2025-08-07,0,30,144,144,0,0,0.57985659,2222.719685,0.01625137,53985.528859,53122.220116,4,0,1,1.137e-13,0.000e+00,0.000e+00,532223.7605,420038.7896,0,0
2025-08-07,6,30,108,144,36,0,0.57985659,8648.471553,,37416.409564,,1,1,0,7.319e-13,0.000e+00,0.000e+00,289671.6760,396920.1237,0,0
2025-08-07,12,30,72,144,72,0,0.57985659,7122.444298,,35468.689415,,1,1,0,0.000e+00,0.000e+00,0.000e+00,168343.1633,257894.3607,0,0
2025-08-07,18,30,36,144,108,0,0.57985659,10800.000000,,21985.329800,,1,1,0,0.000e+00,0.000e+00,0.000e+00,41238.3195,249566.4048,0,0
2025-08-08,0,30,144,144,0,0,0.46165321,2839.186582,0.00007543,21459.661078,21458.042508,2,1,0,0.000e+00,-3.638e-12,-4.530e-14,392111.4315,331460.8373,0,0
2025-08-08,6,30,108,144,36,0,0.46165321,3576.792225,,13079.395881,,1,1,0,0.000e+00,0.000e+00,0.000e+00,316613.9256,290223.2098,0,0
2025-08-08,12,30,72,144,72,0,0.46165321,10800.000000,,12937.737291,,1,1,0,0.000e+00,0.000e+00,0.000e+00,31784.6985,254538.1458,0,0
2025-08-08,18,30,36,144,108,0,0.46165321,10737.617212,,10178.314347,,1,1,0,0.000e+00,0.000e+00,0.000e+00,28982.4041,244946.8539,0,0
2025-08-09,0,30,144,144,0,0,0.45126912,2978.084950,0.00009350,20317.253737,20315.354216,3,1,0,9.770e-15,0.000e+00,-8.793e-14,388907.4242,331862.6941,0,0
2025-08-09,6,30,108,144,36,0,0.45126912,3166.586599,,12397.675770,,1,1,0,0.000e+00,0.000e+00,0.000e+00,330468.3587,289616.5956,0,0
2025-08-09,12,30,72,144,72,0,0.45126912,10800.000000,,12340.048452,,1,1,0,0.000e+00,0.000e+00,0.000e+00,31922.5938,253896.6878,0,0
2025-08-09,18,30,36,144,108,0,0.45126912,10664.927285,,9849.485830,,1,1,0,0.000e+00,0.000e+00,0.000e+00,29474.2953,244848.7553,0,0
2025-08-10,0,30,144,144,0,0,0.56346249,2076.600430,0.01754267,49628.265420,48772.662473,3,1,0,5.684e-13,-6.935e-12,1.617e-12,515609.8436,413142.9858,0,0
2025-08-10,6,30,108,144,36,0,0.56346249,7066.025448,,34627.606249,,1,1,0,0.000e+00,0.000e+00,0.000e+00,317579.2562,387494.8441,0,0
2025-08-10,12,30,72,144,72,0,0.56346249,6438.024323,,32923.915928,,1,1,0,0.000e+00,0.000e+00,0.000e+00,170578.0739,252781.8351,0,0
2025-08-10,18,30,36,144,108,0,0.56346249,9004.173215,,31565.081488,,1,1,0,0.000e+00,0.000e+00,0.000e+00,29815.9675,215810.5295,0,0
2025-08-11,0,30,144,144,0,0,0.57297698,1643.839774,0.01289455,52432.557560,51765.070387,2,1,0,1.137e-13,0.000e+00,-4.541e-14,543213.9162,423692.8960,0,0
2025-08-11,6,30,108,144,36,0,0.57297698,8031.763096,,36002.169741,,1,1,0,0.000e+00,0.000e+00,0.000e+00,302399.1468,400693.7194,0,0
2025-08-11,12,30,72,144,72,0,0.57297698,5913.644582,,36333.443959,,1,1,0,0.000e+00,0.000e+00,0.000e+00,182932.0096,248556.0873,0,0
2025-08-11,18,30,36,144,108,0,0.57297698,10769.138513,,22378.275588,,1,1,0,0.000e+00,0.000e+00,0.000e+00,29173.2560,250680.6176,0,0
2025-08-12,0,30,144,144,0,0,0.57304386,2106.425074,0.01333406,52851.748535,52156.293551,4,0,1,1.137e-13,0.000e+00,0.000e+00,528362.8233,423380.1210,0,0
2025-08-12,6,30,108,144,36,0,0.57304386,7984.485003,,36867.877436,,1,1,0,0.000e+00,0.000e+00,0.000e+00,303427.8361,399569.3622,0,0
2025-08-12,12,30,72,144,72,0,0.57304386,5702.392150,,37621.218669,,1,1,0,0.000e+00,0.000e+00,0.000e+00,188385.6219,246876.8238,0,0
2025-08-12,18,30,36,144,108,0,0.57304386,9929.080135,,25915.534982,,1,1,0,0.000e+00,0.000e+00,0.000e+00,31041.0666,240272.0208,0,0
2025-08-13,0,30,144,144,0,0,0.57625909,1969.077795,0.01162492,54280.905911,53657.146094,4,1,0,2.728e-12,0.000e+00,-2.183e-12,531256.6737,423005.8265,0,0
2025-08-13,6,30,108,144,36,0,0.57625909,8615.006290,,37791.204100,,1,1,0,0.000e+00,0.000e+00,0.000e+00,280933.6525,399668.7327,0,0
2025-08-13,12,30,72,144,72,0,0.57625909,5680.059082,,39298.634047,,1,1,0,0.000e+00,0.000e+00,0.000e+00,188176.8341,247817.8459,0,0
2025-08-13,18,30,36,144,108,0,0.57625909,10763.112588,,22651.480431,,1,1,0,0.000e+00,0.000e+00,0.000e+00,29188.1092,251125.8008,0,0
2025-08-14,0,30,144,144,0,0,0.57673771,2792.129935,0.01301369,53885.247944,53193.010446,4,1,0,1.137e-13,-1.137e-13,-2.309e-14,502845.7821,422278.7420,0,0
2025-08-14,6,30,108,144,36,0,0.57673771,8834.795750,,37722.649388,,1,1,0,0.000e+00,0.000e+00,0.000e+00,271155.2974,397416.1913,0,0
2025-08-14,12,30,72,144,72,0,0.57673771,5665.469982,,38461.930135,,1,1,0,0.000e+00,0.000e+00,0.000e+00,189652.0591,248186.1588,0,0
2025-08-14,18,30,36,144,108,0,0.57673771,10520.328170,,22888.546937,,1,1,0,0.000e+00,0.000e+00,0.000e+00,29248.1108,249485.3914,0,0
2025-08-15,0,30,144,144,0,0,0.45285144,2273.760471,0.00025212,21341.800974,21336.421531,4,1,0,0.000e+00,-1.137e-13,-4.263e-14,396979.1656,321018.5756,0,0
2025-08-15,6,30,108,144,36,0,0.45285144,2937.373958,,13211.316839,,1,1,0,0.000e+00,0.000e+00,0.000e+00,339194.3266,292130.4202,0,0
2025-08-15,12,30,72,144,72,0,0.45285144,10800.000000,,12892.864329,,1,1,0,3.837e-13,0.000e+00,0.000e+00,29749.0663,253770.6625,0,0
2025-08-15,18,30,36,144,108,0,0.45285144,10798.501264,,9887.834268,,1,1,0,0.000e+00,0.000e+00,0.000e+00,27278.5039,246969.1544,0,0
2025-08-16,0,30,144,144,0,0,0.44341376,2810.296117,0.00038735,20143.433398,20135.633938,3,1,0,0.000e+00,-1.137e-13,-2.728e-12,382126.6093,323175.3947,0,0
2025-08-16,6,30,108,144,36,0,0.44341376,2953.042327,,12510.358021,,1,1,0,0.000e+00,0.000e+00,0.000e+00,344419.0800,296486.4437,0,0
2025-08-16,12,30,72,144,72,0,0.44341376,10800.000000,,12105.755395,,1,1,0,0.000e+00,0.000e+00,0.000e+00,30774.2321,254301.9741,0,0
2025-08-16,18,30,36,144,108,0,0.44341376,10786.998666,,9715.244268,,1,1,0,0.000e+00,0.000e+00,0.000e+00,28110.3493,247062.7593,0,0
2025-08-17,0,30,144,144,0,0,0.56814701,2178.271945,0.01274996,51868.369596,51215.375654,4,1,0,1.137e-13,0.000e+00,-3.432e-12,523658.0206,422350.3406,0,0
2025-08-17,6,30,108,144,36,0,0.56814701,8169.346034,,35897.897209,,1,1,0,0.000e+00,0.000e+00,0.000e+00,293021.7535,397293.9647,0,0
2025-08-17,12,30,72,144,72,0,0.56814701,7260.108927,,34662.210429,,1,1,0,0.000e+00,0.000e+00,0.000e+00,147579.5886,255128.3947,0,0
2025-08-17,18,30,36,144,108,0,0.56814701,10795.324287,,21938.664142,,1,1,0,0.000e+00,0.000e+00,0.000e+00,28706.8895,251333.3048,0,0
2025-08-18,0,30,144,144,0,0,0.56555729,1886.236084,0.00626165,50982.531777,50665.283610,3,1,0,0.000e+00,0.000e+00,-7.105e-14,531258.6595,426174.4272,0,0
2025-08-18,6,30,108,144,36,0,0.56555729,8015.502408,,35107.349636,,1,1,0,0.000e+00,0.000e+00,0.000e+00,295853.9005,400879.1127,0,0
2025-08-18,12,30,72,144,72,0,0.56555729,6312.572467,,36440.549906,,1,1,0,0.000e+00,0.000e+00,0.000e+00,164159.4134,249610.8553,0,0
2025-08-18,18,30,36,144,108,0,0.56555729,10292.186806,,23702.826456,,1,1,0,0.000e+00,0.000e+00,0.000e+00,25562.3966,248987.6583,0,0
2025-08-19,0,30,144,144,0,0,0.56827642,1625.558837,0.00522691,51957.214884,51687.051559,3,1,0,1.137e-13,0.000e+00,-8.527e-14,558254.3006,438762.7651,0,0
2025-08-19,6,30,108,144,36,0,0.56827642,8590.968089,,35406.048326,,1,1,0,0.000e+00,0.000e+00,0.000e+00,294444.5033,413128.9732,0,0
2025-08-19,12,30,72,144,72,0,0.56827642,7075.491694,,35627.058091,,1,1,0,0.000e+00,0.000e+00,0.000e+00,147154.1083,253441.1300,0,0
2025-08-19,18,30,36,144,108,0,0.56827642,10793.870286,,22399.557625,,1,1,0,0.000e+00,0.000e+00,0.000e+00,24473.2263,250851.2638,0,0
2025-08-20,0,30,144,144,0,0,0.56986894,2113.119321,0.00495313,51966.830140,51710.700473,3,1,0,4.547e-13,-1.137e-13,-3.027e-12,555430.0628,451076.5206,0,0
2025-08-20,6,30,108,144,36,0,0.56986894,9243.506207,,35194.546334,,1,1,0,0.000e+00,0.000e+00,0.000e+00,288042.5710,426894.9284,0,0
2025-08-20,12,30,72,144,72,0,0.56986894,3483.714000,,51452.366304,,1,1,0,0.000e+00,0.000e+00,0.000e+00,192429.1228,200509.0676,0,0
2025-08-20,18,30,36,144,108,0,0.56986894,6823.912161,,51350.613888,,1,1,0,0.000e+00,0.000e+00,0.000e+00,25378.8515,156472.5942,0,0
2025-08-21,0,30,144,144,0,0,0.57676129,1762.805020,0.00833394,54638.247967,54186.659516,4,1,0,0.000e+00,0.000e+00,-4.263e-14,576337.8988,457581.8432,0,0
2025-08-21,6,30,108,144,36,0,0.57676129,9092.936297,,37648.579011,,1,1,0,0.000e+00,0.000e+00,0.000e+00,297385.5991,429534.1184,0,0
2025-08-21,12,30,72,144,72,0,0.57676129,8384.844320,,35209.746292,,1,1,0,0.000e+00,0.000e+00,0.000e+00,115906.0952,262919.9321,0,0
2025-08-21,18,30,36,144,108,0,0.57676129,10776.956448,,22339.619564,,1,1,0,0.000e+00,0.000e+00,0.000e+00,24774.8629,251006.9128,0,0
2025-08-22,0,30,144,144,0,0,0.44586851,2287.748450,0.00063254,20697.669481,20684.585662,2,1,0,0.000e+00,0.000e+00,-4.263e-14,389495.6318,318700.9036,0,0
2025-08-22,6,30,108,144,36,0,0.44586851,2940.106164,,12961.691454,,1,1,0,0.000e+00,0.000e+00,0.000e+00,343017.2185,298667.0472,0,0
2025-08-22,12,30,72,144,72,0,0.44586851,10800.000000,,12503.391795,,1,1,0,0.000e+00,0.000e+00,0.000e+00,27203.3443,255074.9426,0,0
2025-08-22,18,30,36,144,108,0,0.44586851,10194.149765,,10728.456510,,1,1,0,0.000e+00,0.000e+00,0.000e+00,24940.0675,244850.9495,0,0
2025-08-23,0,30,144,144,0,0,0.45261196,1841.029305,0.00057977,21698.573614,21686.000778,1,1,0,7.958e-13,0.000e+00,-7.248e-13,408723.0485,320598.9264,0,0
2025-08-23,6,30,108,144,36,0,0.45261196,3658.424001,,13080.936286,,1,1,0,0.000e+00,-1.637e-12,0.000e+00,325836.5041,302530.4822,0,0
2025-08-23,12,30,72,144,72,0,0.45261196,10800.000000,,13236.038203,,1,1,0,0.000e+00,-1.637e-12,0.000e+00,26977.6828,253277.3889,0,0
2025-08-23,18,30,36,144,108,0,0.45261196,10669.916720,,10240.488187,,1,1,0,0.000e+00,0.000e+00,0.000e+00,25408.3583,247632.6892,0,0
2025-08-24,0,30,144,144,0,0,0.58037496,2306.029410,0.00913008,54506.419788,54013.274036,4,1,0,1.137e-13,0.000e+00,0.000e+00,538657.3242,427418.0714,0,0
2025-08-24,6,30,108,144,36,0,0.58037496,8368.099396,,38105.883889,,1,1,0,0.000e+00,-1.637e-12,0.000e+00,305155.8425,401738.8647,0,0
2025-08-24,12,30,72,144,72,0,0.58037496,8051.672031,,35855.760441,,1,1,0,0.000e+00,-1.637e-12,0.000e+00,141941.5891,260606.5654,0,0
2025-08-24,18,30,36,144,108,0,0.58037496,10481.477185,,22561.239159,,1,1,0,0.000e+00,0.000e+00,0.000e+00,40560.0406,248644.0515,0,0
2025-08-25,0,30,144,144,0,0,0.57788710,2429.040829,0.00757330,54409.377323,54000.416045,3,1,0,1.137e-13,0.000e+00,-9.059e-14,563159.9139,451023.3593,0,0
2025-08-25,6,30,108,144,36,0,0.57788710,9271.932494,,37633.558174,,1,1,0,3.908e-14,-2.046e-13,0.000e+00,303930.7581,425660.9236,0,0
2025-08-25,12,30,72,144,72,0,0.57788710,5485.874334,,39370.047978,,1,1,0,0.000e+00,-2.046e-13,0.000e+00,211308.8073,250930.9831,0,0
2025-08-25,18,30,36,144,108,0,0.57788710,8533.426214,,36603.927190,,1,1,0,0.000e+00,0.000e+00,0.000e+00,40066.9770,202098.8420,0,0
2025-08-26,0,30,144,144,0,0,0.58050717,2244.036300,0.00739276,55649.767206,55241.380799,4,0,1,1.124e-12,0.000e+00,0.000e+00,576786.8646,456617.1547,0,0
2025-08-26,6,30,108,144,36,0,0.58050717,9419.254831,,38667.353523,,1,1,0,0.000e+00,0.000e+00,0.000e+00,307383.2861,432131.1564,0,0
2025-08-26,12,30,72,144,72,0,0.58050717,8083.024043,,36422.695657,,1,1,0,0.000e+00,0.000e+00,0.000e+00,143514.7117,262530.6652,0,0
2025-08-26,18,30,36,144,108,0,0.58050717,10739.396768,,22396.957344,,1,1,0,0.000e+00,0.000e+00,0.000e+00,39936.9826,248804.6625,0,0
2025-08-27,0,30,144,144,0,0,0.57689023,2992.111433,0.00668986,54614.037233,54251.105020,4,0,1,1.137e-13,0.000e+00,0.000e+00,546158.5010,463512.5244,0,0
2025-08-27,6,30,108,144,36,0,0.57689023,9365.899314,,38401.236135,,1,1,0,6.821e-13,0.000e+00,0.000e+00,302382.8965,438146.5574,0,0
2025-08-27,12,30,72,144,72,0,0.57689023,6000.927680,,38823.192147,,1,1,0,0.000e+00,0.000e+00,0.000e+00,187058.2148,254308.4759,0,0
2025-08-27,18,30,36,144,108,0,0.57689023,10725.422345,,22173.239800,,1,1,0,0.000e+00,0.000e+00,0.000e+00,25659.3523,248653.5632,0,0
2025-08-28,0,30,144,144,0,0,0.57927632,2248.851860,0.00700729,55741.866541,55353.985334,4,0,1,4.256e-12,0.000e+00,0.000e+00,598110.3240,474849.1494,0,0
2025-08-28,6,30,108,144,36,0,0.57927632,9430.814771,,39129.772234,,1,1,0,6.430e-13,0.000e+00,0.000e+00,325771.2757,448545.4428,0,0
2025-08-28,12,30,72,144,72,0,0.57927632,3609.673729,,49544.061129,,1,1,0,1.137e-13,0.000e+00,0.000e+00,227585.2650,219632.4014,0,0
2025-08-28,18,30,36,144,108,0,0.57927632,9755.871477,,26475.391188,,1,1,0,1.137e-13,0.000e+00,0.000e+00,39859.8582,235098.8006,0,0
2025-08-29,0,30,144,144,0,0,0.44665944,2300.412686,0.00018829,21671.127515,21667.047929,4,0,1,1.137e-13,0.000e+00,0.000e+00,424308.2356,337416.3833,0,0
2025-08-29,6,30,108,144,36,0,0.44665944,4004.098758,,13399.597574,,1,1,0,0.000e+00,0.000e+00,0.000e+00,333049.6333,309496.4393,0,0
2025-08-29,12,30,72,144,72,0,0.44665944,10800.000000,,13559.610899,,1,1,0,0.000e+00,0.000e+00,0.000e+00,41610.5388,256920.1064,0,0
2025-08-29,18,30,36,144,108,0,0.44665944,10749.002665,,10059.778452,,1,1,0,0.000e+00,0.000e+00,0.000e+00,39505.2929,250012.5721,0,0
2025-08-30,0,30,144,144,0,0,0.44603709,2931.783971,0.00019262,21054.669637,21050.614797,4,1,0,3.553e-14,0.000e+00,0.000e+00,399079.9180,345644.1715,0,0
2025-08-30,6,30,108,144,36,0,0.44603709,3386.440176,,13536.605004,,1,1,0,0.000e+00,0.000e+00,0.000e+00,339380.0002,309562.9557,0,0
2025-08-30,12,30,72,144,72,0,0.44603709,10800.000000,,12827.796478,,1,1,0,0.000e+00,0.000e+00,0.000e+00,26572.3125,256354.8439,0,0
2025-08-30,18,30,36,144,108,0,0.44603709,10758.870545,,9485.793772,,1,1,0,0.000e+00,0.000e+00,0.000e+00,24469.3703,249738.5454,0,0
2025-08-31,0,30,144,144,0,0,0.57873931,1740.533788,0.00599816,55905.965725,55572.632008,4,0,1,1.137e-13,0.000e+00,0.000e+00,593452.0992,466507.1895,0,0
2025-08-31,6,30,108,144,36,0,0.57873931,9719.693229,,38546.541756,,1,1,0,8.598e-13,0.000e+00,0.000e+00,297107.7475,441905.5696,0,0
2025-08-31,12,30,72,144,72,0,0.57873931,7347.856058,,36948.127446,,1,1,0,0.000e+00,0.000e+00,0.000e+00,149183.7545,257077.4616,0,0
2025-08-31,18,30,36,144,108,0,0.57873931,10800.000000,,22347.135445,,1,1,0,0.000e+00,0.000e+00,0.000e+00,23990.5620,245437.7036,0,0
2025-09-01,0,30,144,144,0,0,0.57076512,2633.261188,0.00663656,54005.422328,53649.375100,4,0,1,1.137e-13,0.000e+00,0.000e+00,559691.6331,463247.3316,0,0
2025-09-01,6,30,108,144,36,0,0.57076512,10027.169000,,36801.643125,,1,1,0,0.000e+00,0.000e+00,0.000e+00,284820.5273,439930.3715,0,0
2025-09-01,12,30,72,144,72,0,0.57076512,8504.884630,,35553.873455,,1,1,0,0.000e+00,0.000e+00,0.000e+00,111133.7560,257176.2550,0,0
2025-09-01,18,30,36,144,108,0,0.57076512,10800.000000,,21090.275824,,1,1,0,0.000e+00,0.000e+00,0.000e+00,23642.9268,244914.2949,0,0
2025-09-02,0,30,144,144,0,0,0.52891754,6206.231246,0.00695537,39125.177332,38854.926814,3,1,0,1.137e-13,0.000e+00,0.000e+00,401015.5599,428381.9021,0,0
2025-09-02,6,30,108,144,36,0,0.52891754,7721.585800,,27925.234649,,1,1,0,0.000e+00,0.000e+00,0.000e+00,304903.4873,391379.3429,0,0
2025-09-02,12,30,72,144,72,0,0.52891754,5256.497115,,29781.782594,,1,1,0,0.000e+00,0.000e+00,0.000e+00,200816.7914,242109.9937,0,0
2025-09-02,18,30,36,144,108,0,0.52891754,10772.063822,,17012.297250,,1,1,0,0.000e+00,0.000e+00,0.000e+00,26598.2510,244379.3472,0,0
2025-09-03,0,30,144,144,0,0,0.53105023,3383.185383,0.01160126,41133.304138,40661.578502,4,1,0,1.137e-13,0.000e+00,0.000e+00,485034.8173,426945.5426,0,0
2025-09-03,6,30,108,144,36,0,0.53105023,8033.338444,,28426.099089,,1,1,0,3.908e-13,0.000e+00,0.000e+00,291336.1550,395603.7588,0,0
2025-09-03,12,30,72,144,72,0,0.53105023,7212.881998,,26657.137346,,1,1,0,0.000e+00,0.000e+00,0.000e+00,145571.6787,254868.6786,0,0
2025-09-03,18,30,36,144,108,0,0.53105023,10185.574986,,17747.537932,,1,1,0,0.000e+00,0.000e+00,0.000e+00,24070.3619,244078.3322,0,0
2025-09-04,0,30,144,144,0,0,0.52913319,1852.332953,0.01251890,41726.997105,41211.079626,3,1,0,1.137e-13,-3.411e-13,-6.821e-13,538336.6780,428135.6552,0,0
2025-09-04,6,30,108,144,36,0,0.52913319,8233.211324,,28181.124648,,1,1,0,0.000e+00,0.000e+00,0.000e+00,285799.7521,395864.4613,0,0
2025-09-04,12,30,72,144,72,0,0.52913319,8358.631565,,26003.570455,,1,1,0,0.000e+00,0.000e+00,0.000e+00,107894.4573,254370.5892,0,0
2025-09-04,18,30,36,144,108,0,0.52913319,10132.110268,,17211.068299,,1,1,0,0.000e+00,0.000e+00,0.000e+00,24129.1217,242694.2944,0,0
2025-09-05,0,30,144,144,0,0,0.40644171,1914.376911,0.00012969,16947.264270,16945.066692,1,1,0,0.000e+00,0.000e+00,-7.255e-13,408410.5821,325666.5619,0,0
2025-09-05,6,30,108,144,36,0,0.40644171,4466.892325,,10088.404212,,1,1,0,0.000e+00,0.000e+00,0.000e+00,287849.4796,296929.9850,0,0
2025-09-05,12,30,72,144,72,0,0.40644171,10800.000000,,10239.174843,,1,1,0,3.979e-13,0.000e+00,0.000e+00,23959.8349,254173.2800,0,0
2025-09-05,18,30,36,144,108,0,0.40644171,10800.000000,,6993.873170,,1,1,0,3.979e-13,0.000e+00,0.000e+00,22604.5221,249857.2803,0,0
2025-09-06,0,30,144,144,0,0,0.38339701,4353.544962,0.00019738,13054.843596,13052.267290,4,0,1,0.000e+00,0.000e+00,0.000e+00,354958.0142,347927.4151,0,0
2025-09-06,6,30,108,144,36,0,0.38339701,2935.118466,,8126.718128,,1,1,0,0.000e+00,0.000e+00,0.000e+00,333427.8277,292190.4486,0,0
2025-09-06,12,30,72,144,72,0,0.38339701,10800.000000,,8403.595918,,1,1,0,0.000e+00,0.000e+00,0.000e+00,24648.3547,254430.8769,0,0
2025-09-06,18,30,36,144,108,0,0.38339701,10751.651753,,5623.419535,,1,1,0,0.000e+00,0.000e+00,0.000e+00,23028.2115,249804.4733,0,0
2025-09-07,0,30,144,144,0,0,0.49795660,2747.078327,0.00808104,34785.785820,34506.933788,4,1,0,1.137e-13,0.000e+00,0.000e+00,544294.3709,442943.5255,0,0
2025-09-07,6,30,108,144,36,0,0.49795660,6724.569919,,25053.796053,,1,1,0,0.000e+00,0.000e+00,0.000e+00,355436.4400,397360.8744,0,0
2025-09-07,12,30,72,144,72,0,0.49795660,5186.865330,,23548.303707,,1,1,0,0.000e+00,0.000e+00,0.000e+00,226829.2515,251671.0278,0,0
2025-09-07,18,30,36,144,108,0,0.49795660,9210.231975,,21840.252922,,1,1,0,0.000e+00,0.000e+00,0.000e+00,44005.2130,219134.2546,0,0
2025-09-08,0,30,144,144,0,0,0.51620717,1955.796698,0.01282838,41386.166625,40861.973674,4,0,1,1.137e-13,0.000e+00,0.000e+00,573372.4343,438439.7201,0,0
2025-09-08,6,30,108,144,36,0,0.51620717,9478.776529,,27497.854659,,1,1,0,0.000e+00,0.000e+00,0.000e+00,291920.6488,413523.9689,0,0
2025-09-08,12,30,72,144,72,0,0.51620717,6872.751656,,25823.498349,,1,1,0,0.000e+00,0.000e+00,-6.821e-13,173497.4398,246581.6493,0,0
2025-09-08,18,30,36,144,108,0,0.51620717,9381.071274,,21246.884350,,1,1,0,0.000e+00,0.000e+00,0.000e+00,45097.6071,222820.3039,0,0
2025-09-09,0,30,144,144,0,0,0.52134364,2141.287327,0.00853881,43527.503342,43158.976890,4,0,1,1.137e-13,0.000e+00,0.000e+00,606144.7419,451703.4807,0,0
2025-09-09,6,30,108,144,36,0,0.52134364,9611.085426,,29352.997522,,1,1,0,0.000e+00,0.000e+00,0.000e+00,327203.4000,427445.5425,0,0
2025-09-09,12,30,72,144,72,0,0.52134364,10800.000000,,26240.857110,,1,1,0,0.000e+00,0.000e+00,0.000e+00,70107.1523,250286.7367,0,0
2025-09-09,18,30,36,144,108,0,0.52134364,10605.975755,,15276.870166,,1,1,0,0.000e+00,0.000e+00,0.000e+00,66493.4605,243392.7768,0,0
2025-09-10,0,30,144,144,0,0,0.51522666,3295.061328,0.01302058,42551.526155,42004.601780,4,0,1,1.137e-13,0.000e+00,-5.684e-13,549624.2700,439840.6762,0,0
2025-09-10,6,30,108,144,36,0,0.51522666,9197.402911,,29516.612782,,1,1,0,0.000e+00,0.000e+00,0.000e+00,320588.3711,413684.8209,0,0
2025-09-10,12,30,72,144,72,0,0.51522666,4670.693474,,32815.630305,,1,1,0,0.000e+00,0.000e+00,0.000e+00,241344.7482,231894.8540,0,0
2025-09-10,18,30,36,144,108,0,0.51522666,8349.712815,,28407.709378,,1,1,0,0.000e+00,0.000e+00,0.000e+00,66277.8245,195735.2820,0,0
2025-09-11,0,30,144,144,0,0,0.52042027,2930.879708,0.01156239,44692.248389,44181.405539,4,0,1,1.137e-13,0.000e+00,0.000e+00,609862.1068,459364.8385,0,0
2025-09-11,6,30,108,144,36,0,0.52042027,9478.338628,,30948.352960,,1,1,0,1.137e-13,0.000e+00,0.000e+00,360670.1319,434300.7297,0,0
2025-09-11,12,30,72,144,72,0,0.52042027,8544.792243,,27876.575851,,1,1,0,1.137e-13,0.000e+00,0.000e+00,178004.1214,259698.7931,0,0
2025-09-11,18,30,36,144,108,0,0.52042027,10800.000000,,14695.530120,,1,1,0,3.162e-13,0.000e+00,0.000e+00,87537.5921,244584.1824,0,0
2025-09-12,0,30,144,144,0,0,0.38919162,4268.768057,0.00128519,15302.152775,15282.511809,1,1,0,0.000e+00,0.000e+00,0.000e+00,435893.8045,342356.7952,0,0
2025-09-12,6,30,108,144,36,0,0.38919162,4573.315673,,9341.172130,,1,1,0,0.000e+00,0.000e+00,0.000e+00,385824.6572,310023.5715,0,0
2025-09-12,12,30,72,144,72,0,0.38919162,10800.000000,,9430.228640,,1,1,0,0.000e+00,0.000e+00,0.000e+00,104864.5439,250566.3566,0,0
2025-09-12,18,30,36,144,108,0,0.38919162,10620.221932,,6484.388932,,1,1,0,0.000e+00,0.000e+00,0.000e+00,103394.6885,242066.5317,0,0
2025-09-13,0,30,144,144,0,0,0.37307319,6313.051186,0.00022809,12056.172900,12053.423669,4,1,0,0.000e+00,-1.336e-12,0.000e+00,434653.3737,381711.3362,0,0
2025-09-13,6,30,108,144,36,0,0.37307319,3951.117469,,7506.709430,,1,1,0,1.137e-13,0.000e+00,0.000e+00,428864.5811,313250.2037,0,0
2025-09-13,12,30,72,144,72,0,0.37307319,10800.000000,,7211.654978,,1,1,0,1.137e-13,0.000e+00,0.000e+00,124242.1899,251425.8953,0,0
2025-09-13,18,30,36,144,108,0,0.37307319,10293.722982,,5330.525390,,1,1,0,1.137e-13,0.000e+00,0.000e+00,123008.5588,241048.3360,0,0
2025-09-14,0,30,144,144,0,0,0.48018941,4986.289750,0.01172855,34406.077576,34007.222215,4,0,1,1.137e-13,0.000e+00,0.000e+00,544858.0196,445838.2335,0,0
2025-09-14,6,30,108,144,36,0,0.48018941,7384.658536,,25545.558582,,1,1,0,1.137e-13,0.000e+00,0.000e+00,418240.7726,408034.2207,0,0
2025-09-14,12,30,72,144,72,0,0.48018941,4202.387640,,25671.371642,,1,1,0,1.137e-13,0.000e+00,0.000e+00,313823.1609,238372.1788,0,0
2025-09-14,18,30,36,144,108,0,0.48018941,6955.290038,,34631.395054,,1,1,0,1.137e-13,0.000e+00,0.000e+00,109413.5665,157613.5118,0,0
2025-09-15,0,30,144,144,0,0,0.50919515,3502.716595,0.01380673,44530.823342,43924.371563,4,0,1,1.137e-13,0.000e+00,0.000e+00,626432.3891,451664.0010,0,0
2025-09-15,6,30,108,144,36,0,0.50919515,9645.374875,,31101.150047,,1,1,0,9.983e-13,0.000e+00,0.000e+00,393544.7552,428876.7911,0,0
2025-09-15,12,30,72,144,72,0,0.50919515,10101.530997,,27091.072415,,1,1,0,1.137e-13,0.000e+00,0.000e+00,152249.8407,243879.9136,0,0
2025-09-15,18,30,36,144,108,0,0.50919515,10644.886448,,15168.307160,,1,1,0,1.137e-13,0.000e+00,0.000e+00,126183.9180,236713.1166,0,0
2025-09-16,0,30,144,144,0,0,0.50319361,5557.755129,0.01513651,42731.077679,42093.922465,4,0,1,0.000e+00,0.000e+00,0.000e+00,567172.8879,446292.7456,0,0
2025-09-16,6,30,108,144,36,0,0.50319361,9201.042614,,31096.385747,,1,1,0,0.000e+00,0.000e+00,0.000e+00,413899.5366,420510.0932,0,0
2025-09-16,12,30,72,144,72,0,0.50319361,7523.747273,,27814.659013,,1,1,0,0.000e+00,0.000e+00,0.000e+00,251942.9100,242592.0797,0,0
2025-09-16,18,30,36,144,108,0,0.50319361,10709.148442,,15087.991174,,1,1,0,0.000e+00,0.000e+00,0.000e+00,141432.8943,235967.8269,0,0
2025-09-17,0,30,144,144,0,0,0.50870824,5548.044797,0.01525155,44693.033193,44021.635153,3,1,0,1.137e-13,-4.547e-13,0.000e+00,572984.1625,450427.9100,0,0
2025-09-17,6,30,108,144,36,0,0.50870824,9514.907353,,32298.573166,,1,1,0,1.137e-13,0.000e+00,0.000e+00,405550.4724,421911.9100,0,0
2025-09-17,12,30,72,144,72,0,0.50870824,6369.095165,,29487.756490,,1,1,0,1.137e-13,0.000e+00,0.000e+00,290563.5337,243246.6957,0,0
2025-09-17,18,30,36,144,108,0,0.50870824,10800.000000,,15100.485211,,1,1,0,1.137e-13,0.000e+00,0.000e+00,141590.0907,235546.5463,0,0
2025-09-18,0,30,144,144,0,0,0.50223290,6240.735051,0.01592597,43405.031266,42724.600611,3,1,0,0.000e+00,0.000e+00,0.000e+00,547461.4654,447225.3604,0,0
2025-09-18,6,30,108,144,36,0,0.50223290,9557.431343,,31482.006668,,1,1,0,1.137e-13,-2.046e-13,0.000e+00,402644.5069,419474.4239,0,0
2025-09-18,12,30,72,144,72,0,0.50223290,7570.665768,,27859.931069,,1,1,0,1.137e-13,0.000e+00,0.000e+00,254909.7512,244178.8348,0,0
2025-09-18,18,30,36,144,108,0,0.50223290,10746.751651,,14952.304184,,1,1,0,1.137e-13,0.000e+00,0.000e+00,141411.0548,232958.8157,0,0
2025-09-19,0,30,144,144,0,0,0.37917199,5950.479783,0.00028969,14359.069911,14354.911448,2,1,0,9.663e-13,-1.137e-13,0.000e+00,475340.2425,373281.9710,0,0
2025-09-19,6,30,108,144,36,0,0.37917199,5021.426150,,8907.930427,,1,1,0,0.000e+00,0.000e+00,0.000e+00,446685.5862,324987.2512,0,0
2025-09-19,12,30,72,144,72,0,0.37917199,10800.000000,,8925.232882,,1,1,0,0.000e+00,0.000e+00,0.000e+00,160240.0161,248987.8335,0,0
2025-09-19,18,30,36,144,108,0,0.37917199,10232.774074,,6149.191744,,1,1,0,0.000e+00,0.000e+00,0.000e+00,158779.0070,228008.1808,0,0
2025-09-20,0,30,144,144,0,0,0.36426377,7594.907450,0.00025075,11859.933351,11856.960225,2,1,0,0.000e+00,0.000e+00,0.000e+00,467373.0600,410556.5816,0,0
2025-09-20,6,30,108,144,36,0,0.36426377,4074.851899,,7732.913349,,1,1,0,0.000e+00,0.000e+00,0.000e+00,466742.3274,315004.1883,0,0
2025-09-20,12,30,72,144,72,0,0.36426377,10800.000000,,7580.255734,,1,1,0,8.882e-14,0.000e+00,0.000e+00,160195.2399,248280.0462,0,0
2025-09-20,18,30,36,144,108,0,0.36426377,10033.626888,,5248.191962,,1,1,0,0.000e+00,0.000e+00,0.000e+00,158752.0602,227826.8149,0,0
2025-09-21,0,30,144,144,0,0,0.49123729,6186.934534,0.01994698,41996.679966,41175.355825,4,1,0,3.411e-13,0.000e+00,5.684e-13,529845.1078,427235.1444,0,0
2025-09-21,6,30,108,144,36,0,0.49123729,9077.768084,,31135.616541,,1,1,0,1.137e-13,0.000e+00,0.000e+00,399760.9121,400226.5403,0,0
2025-09-21,12,30,72,144,72,0,0.49123729,8044.715084,,26471.843362,,1,1,0,1.137e-13,0.000e+00,0.000e+00,237192.8698,238975.2828,0,0
2025-09-21,18,30,36,144,108,0,0.49123729,9698.065610,,15178.528060,,1,1,0,1.137e-13,0.000e+00,0.000e+00,142365.3062,209730.8045,0,0
2025-09-22,0,30,144,144,0,0,0.49738888,5153.950056,0.01934962,45483.302427,44619.923750,3,1,0,0.000e+00,0.000e+00,0.000e+00,571666.0432,432381.9790,0,0
2025-09-22,6,30,108,144,36,0,0.49738888,9430.375113,,33164.417985,,1,1,0,1.137e-13,0.000e+00,0.000e+00,398860.4833,407881.2590,0,0
2025-09-22,12,30,72,144,72,0,0.49738888,8503.220146,,27898.256810,,1,1,0,1.137e-13,0.000e+00,0.000e+00,226746.8788,242038.9131,0,0
2025-09-22,18,30,36,144,108,0,0.49738888,9817.272376,,15989.499762,,1,1,0,1.137e-13,0.000e+00,0.000e+00,145646.0616,210979.0139,0,0
2025-09-23,0,30,144,144,0,0,0.49327327,6121.687582,0.01904830,44773.620900,43936.701585,4,1,0,1.137e-12,0.000e+00,5.684e-12,539392.5858,430965.9310,0,0
2025-09-23,6,30,108,144,36,0,0.49327327,9818.853092,,32784.618472,,1,1,0,0.000e+00,0.000e+00,0.000e+00,388136.2201,408033.8251,0,0
2025-09-23,12,30,72,144,72,0,0.49327327,7195.893394,,28557.111959,,1,1,0,0.000e+00,0.000e+00,0.000e+00,270081.3686,240856.5458,0,0
2025-09-23,18,30,36,144,108,0,0.49327327,9323.329493,,16361.554469,,1,1,0,0.000e+00,0.000e+00,0.000e+00,148031.4607,209474.9879,0,0
2025-09-24,0,30,144,144,0,0,0.48936901,5535.358968,0.01789370,44817.036450,44029.191189,3,1,0,1.819e-12,0.000e+00,1.819e-12,562441.3918,433545.4265,0,0
2025-09-24,6,30,108,144,36,0,0.48936901,9429.541041,,32819.954677,,1,1,0,1.137e-13,0.000e+00,0.000e+00,401726.9116,408528.5129,0,0
2025-09-24,12,30,72,144,72,0,0.48936901,6321.423968,,29553.483818,,1,1,0,1.137e-13,0.000e+00,0.000e+00,298757.1599,240917.9702,0,0
2025-09-24,18,30,36,144,108,0,0.48936901,9965.775533,,15577.216788,,1,1,0,1.137e-13,0.000e+00,0.000e+00,150271.9871,212270.0553,0,0
2025-09-25,0,30,144,144,0,0,0.48852974,6619.375661,0.02019683,44791.980971,43905.234475,4,1,0,0.000e+00,0.000e+00,0.000e+00,517404.2539,428706.3935,0,0
2025-09-25,6,30,108,144,36,0,0.48852974,9687.902691,,33115.806849,,1,1,0,1.137e-13,0.000e+00,0.000e+00,386866.4788,405412.3223,0,0
2025-09-25,12,30,72,144,72,0,0.48852974,8383.980374,,28024.083378,,1,1,0,1.137e-13,0.000e+00,0.000e+00,233232.9218,244173.4528,0,0
2025-09-25,18,30,36,144,108,0,0.48852974,9883.257212,,15370.761454,,1,1,0,1.137e-13,0.000e+00,0.000e+00,146080.1770,210679.7920,0,0
2025-09-26,0,30,144,144,0,0,0.35602589,6128.349332,0.00038397,12779.709063,12774.803979,2,1,0,0.000e+00,-1.137e-12,-1.955e-12,452759.3331,362931.8815,0,0
2025-09-26,6,30,108,144,36,0,0.35602589,5101.710703,,7897.792897,,1,1,0,0.000e+00,0.000e+00,0.000e+00,433300.5554,319451.0286,0,0
2025-09-26,12,30,72,144,72,0,0.35602589,10800.000000,,8003.167996,,1,1,0,0.000e+00,0.000e+00,0.000e+00,141099.4273,236621.9258,0,0
2025-09-26,18,30,36,144,108,0,0.35602589,10307.992593,,5112.890420,,1,1,0,0.000e+00,0.000e+00,0.000e+00,139658.3195,213889.3579,0,0
2025-09-27,0,30,144,144,0,0,0.35177382,6563.563905,0.00038561,11916.334758,11911.741489,3,1,0,0.000e+00,0.000e+00,-5.826e-13,451123.6816,371452.0006,0,0
2025-09-27,6,30,108,144,36,0,0.35177382,4401.131773,,7666.332831,,1,1,0,0.000e+00,0.000e+00,0.000e+00,453282.4608,314814.9442,0,0
2025-09-27,12,30,72,144,72,0,0.35177382,10800.000000,,7173.101307,,1,1,0,2.780e-13,0.000e+00,0.000e+00,142037.2814,235475.7910,0,0
2025-09-27,18,30,36,144,108,0,0.35177382,9633.795824,,5181.001367,,1,1,0,0.000e+00,0.000e+00,0.000e+00,140596.9339,212539.5506,0,0
2025-09-28,0,30,144,144,0,0,0.49124801,4993.767547,0.02362046,47683.806698,46583.483457,4,1,0,2.046e-12,0.000e+00,7.958e-12,550941.0417,424355.7330,0,0
2025-09-28,6,30,108,144,36,0,0.49124801,9781.594453,,34885.078085,,1,1,0,1.137e-13,0.000e+00,0.000e+00,364407.2495,402155.0638,0,0
2025-09-28,12,30,72,144,72,0,0.49124801,6399.486070,,30716.696229,,1,1,0,1.137e-13,0.000e+00,0.000e+00,275400.5947,237487.8198,0,0
2025-09-28,18,30,36,144,108,0,0.49124801,9843.698783,,15787.605400,,1,1,0,1.137e-13,0.000e+00,0.000e+00,126512.0123,206713.5882,0,0
2025-09-29,0,30,144,144,0,0,0.48651065,6113.526581,0.02380095,46579.798036,45496.928052,4,1,0,1.137e-13,0.000e+00,-5.137e-12,513119.6909,419842.9916,0,0
2025-09-29,6,30,108,144,36,0,0.48651065,9490.673251,,35030.410266,,1,1,0,1.137e-13,0.000e+00,0.000e+00,369950.0406,395749.1139,0,0
2025-09-29,12,30,72,144,72,0,0.48651065,6988.360481,,29393.813796,,1,1,0,1.137e-13,0.000e+00,0.000e+00,261120.3528,236642.8707,0,0
2025-09-29,18,30,36,144,108,0,0.48651065,9938.280991,,15071.206560,,1,1,0,1.137e-13,0.000e+00,0.000e+00,128185.5499,202870.2054,0,0
2025-09-30,0,30,144,144,0,0,0.48374022,5722.731120,0.02261547,46733.106889,45699.589386,3,1,0,0.000e+00,0.000e+00,-2.132e-14,533560.9452,424587.1194,0,0
2025-09-30,6,30,108,144,36,0,0.48374022,9542.435938,,34633.445128,,1,1,0,0.000e+00,0.000e+00,0.000e+00,376208.7216,400766.4713,0,0
2025-09-30,12,30,72,144,72,0,0.48374022,5476.321532,,31815.567224,,1,1,0,0.000e+00,0.000e+00,0.000e+00,292884.0628,228076.8241,0,0
2025-09-30,18,30,36,144,108,0,0.48374022,8916.613524,,16304.549422,,1,1,0,0.000e+00,0.000e+00,0.000e+00,128509.1183,198734.4965,0,0
2025-10-01,0,30,144,144,0,0,0.48293825,5090.714137,0.02198682,47670.337800,46644.767581,4,0,1,6.253e-13,0.000e+00,0.000e+00,564604.3789,435098.8829,0,0
2025-10-01,6,30,108,144,36,0,0.48293825,9855.259082,,35193.014657,,1,1,0,1.137e-13,0.000e+00,0.000e+00,379706.0745,413198.8675,0,0
2025-10-01,12,30,72,144,72,0,0.48293825,10800.000000,,27200.237548,,1,1,0,1.137e-13,0.000e+00,0.000e+00,142925.0546,243878.0992,0,0
2025-10-01,18,30,36,144,108,0,0.48293825,10024.944444,,13768.547718,,1,1,0,1.137e-13,0.000e+00,0.000e+00,128756.9389,203762.8733,0,0
2025-10-02,0,30,144,144,0,0,0.46241121,8523.684731,0.02495065,38962.350851,38013.879723,4,0,1,0.000e+00,0.000e+00,0.000e+00,505355.4991,442553.9852,0,0
2025-10-02,6,30,108,144,36,0,0.46241121,9282.318549,,29464.176653,,1,1,0,0.000e+00,0.000e+00,0.000e+00,445640.9265,415579.0946,0,0
2025-10-02,12,30,72,144,72,0,0.46241121,8158.462749,,24748.051494,,1,1,0,0.000e+00,0.000e+00,0.000e+00,267701.3867,237017.4924,0,0
2025-10-02,18,30,36,144,108,0,0.46241121,9977.542022,,12764.393169,,1,1,0,0.000e+00,0.000e+00,0.000e+00,175798.5173,204848.4243,0,0
2025-10-03,0,30,144,144,0,0,0.33847973,8728.682113,0.00038202,10590.437323,10586.393091,2,1,0,0.000e+00,-4.093e-13,0.000e+00,510501.5729,433528.4527,0,0
2025-10-03,6,30,108,144,36,0,0.33847973,4541.454110,,6975.153320,,1,1,0,1.137e-13,-4.093e-13,0.000e+00,505219.2229,316194.5931,0,0
2025-10-03,12,30,72,144,72,0,0.33847973,10800.000000,,6858.284237,,1,1,0,1.634e-13,0.000e+00,0.000e+00,196834.4855,235383.6948,0,0
2025-10-03,18,30,36,144,108,0,0.33847973,10285.077958,,4325.808908,,1,1,0,1.137e-13,0.000e+00,0.000e+00,195896.8391,212030.4394,0,0
2025-10-04,0,30,144,144,0,0,0.32474795,10023.486139,0.00025514,8704.590493,8702.370192,2,1,0,0.000e+00,-2.842e-13,0.000e+00,516889.7474,465365.2376,0,0
2025-10-04,6,30,108,144,36,0,0.32474795,3911.872624,,6149.743422,,1,1,0,1.137e-13,0.000e+00,0.000e+00,524550.5869,306556.9527,0,0
2025-10-04,12,30,72,144,72,0,0.32474795,10800.000000,,5874.942598,,1,1,0,1.137e-13,0.000e+00,0.000e+00,205901.6228,234430.7309,0,0
2025-10-04,18,30,36,144,108,0,0.32474795,10068.280542,,4040.675148,,1,1,0,1.137e-13,0.000e+00,0.000e+00,205161.1661,213068.4297,0,0
2025-10-05,0,30,144,144,0,0,0.45479162,8663.791391,0.02533542,35819.948256,34934.858999,3,1,0,0.000e+00,0.000e+00,0.000e+00,520783.5987,435379.0598,0,0
2025-10-05,6,30,108,144,36,0,0.45479162,9031.041698,,26628.998573,,1,1,0,1.137e-13,0.000e+00,0.000e+00,466943.2607,402315.6241,0,0
2025-10-05,12,30,72,144,72,0,0.45479162,6789.012876,,22901.275720,,1,1,0,1.137e-13,0.000e+00,0.000e+00,319424.7928,219449.5631,0,0
2025-10-05,18,30,36,144,108,0,0.45479162,9826.244782,,12542.215249,,1,1,0,1.137e-13,0.000e+00,0.000e+00,187249.8837,190416.4637,0,0
2025-10-06,0,30,144,144,0,0,0.46406126,8268.841605,0.02468485,37917.424090,37003.986187,4,0,1,4.761e-12,0.000e+00,0.000e+00,531029.1365,435484.7978,0,0
2025-10-06,6,30,108,144,36,0,0.46406126,9860.668633,,27305.378880,,1,1,0,1.137e-13,0.000e+00,0.000e+00,448780.5313,411765.4636,0,0
2025-10-06,12,30,72,144,72,0,0.46406126,7387.820735,,23528.744506,,1,1,0,1.137e-13,0.000e+00,0.000e+00,298835.0816,220396.9287,0,0
2025-10-06,18,30,36,144,108,0,0.46406126,9741.167538,,12379.575514,,1,1,0,1.137e-13,0.000e+00,0.000e+00,183148.4034,189258.1287,0,0
2025-10-07,0,30,144,144,0,0,0.46860576,7605.743400,0.02496159,39224.881371,38269.610859,3,1,0,1.137e-13,-1.864e-12,0.000e+00,551667.4797,435292.0879,0,0
2025-10-07,6,30,108,144,36,0,0.46860576,9919.085662,,28208.576191,,1,1,0,1.137e-13,0.000e+00,0.000e+00,445868.8562,411691.8226,0,0
2025-10-07,12,30,72,144,72,0,0.46860576,6023.675624,,25099.739390,,1,1,0,1.137e-13,0.000e+00,0.000e+00,336253.0603,216358.8250,0,0
2025-10-07,18,30,36,144,108,0,0.46860576,9997.302715,,12407.137017,,1,1,0,1.137e-13,0.000e+00,0.000e+00,181790.6914,189057.3251,0,0
2025-10-08,0,30,144,144,0,0,0.46761837,8340.944836,0.02291380,37754.685633,36908.961180,4,0,1,2.970e-12,0.000e+00,0.000e+00,557671.0503,459555.1835,0,0
2025-10-08,6,30,108,144,36,0,0.46761837,9884.125762,,27184.752421,,1,1,0,1.137e-13,0.000e+00,0.000e+00,474333.6491,433347.6281,0,0
2025-10-08,12,30,72,144,72,0,0.46761837,6384.975064,,24179.002620,,1,1,0,1.137e-13,0.000e+00,0.000e+00,336114.1782,224327.9495,0,0
2025-10-08,18,30,36,144,108,0,0.46761837,9899.595859,,12245.584886,,1,1,0,1.137e-13,0.000e+00,0.000e+00,193363.6204,197720.4042,0,0
2025-10-09,0,30,144,144,0,0,0.47080564,8165.144610,0.02417809,38061.965358,37163.424566,4,0,1,1.137e-13,0.000e+00,0.000e+00,575658.6735,467814.7729,0,0
2025-10-09,6,30,108,144,36,0,0.47080564,9893.835021,,27350.398349,,1,1,0,1.137e-13,0.000e+00,0.000e+00,486988.2862,442420.4286,0,0
2025-10-09,12,30,72,144,72,0,0.47080564,6617.456942,,23644.506571,,1,1,0,1.137e-13,0.000e+00,0.000e+00,337076.1500,229126.5926,0,0
2025-10-09,18,30,36,144,108,0,0.47080564,9836.448715,,12089.475711,,1,1,0,1.137e-13,0.000e+00,0.000e+00,200766.5398,202735.7420,0,0
2025-10-10,0,30,144,144,0,0,0.35557206,8134.433651,0.00014310,10266.667487,10265.198571,2,1,0,2.274e-13,0.000e+00,0.000e+00,555703.4322,429405.1519,0,0
2025-10-10,6,30,108,144,36,0,0.35557206,5183.573110,,5981.585496,,1,1,0,2.274e-13,0.000e+00,0.000e+00,548740.1266,344091.6397,0,0
2025-10-10,12,30,72,144,72,0,0.35557206,10800.000000,,5737.106184,,1,1,0,2.274e-13,0.000e+00,0.000e+00,240533.8040,246088.0444,0,0
2025-10-10,18,30,36,144,108,0,0.35557206,9933.886556,,3411.606356,,1,1,0,2.274e-13,0.000e+00,0.000e+00,240061.8370,226486.7264,0,0
2025-10-11,0,30,144,144,0,0,0.34989456,9224.355158,0.00005570,9206.941479,9206.428635,2,1,0,0.000e+00,0.000e+00,0.000e+00,554997.5698,458549.0708,0,0
2025-10-11,6,30,108,144,36,0,0.34989456,5440.892489,,5231.142679,,1,1,0,1.137e-13,0.000e+00,0.000e+00,540783.1795,344881.9225,0,0
2025-10-11,12,30,72,144,72,0,0.34989456,10800.000000,,5296.215743,,1,1,0,1.137e-13,0.000e+00,0.000e+00,238872.6149,245030.2680,0,0
2025-10-11,18,30,36,144,108,0,0.34989456,9553.881064,,3418.137916,,1,1,0,1.137e-13,0.000e+00,0.000e+00,238530.1142,214665.3237,0,0
2025-10-12,0,30,144,144,0,0,0.46847967,8283.693848,0.02726553,36399.786820,35433.669078,4,1,0,5.063e-14,-2.274e-13,0.000e+00,585097.5591,462527.7465,0,0
2025-10-12,6,30,108,144,36,0,0.46847967,9711.272869,,26208.474916,,1,1,0,1.137e-13,0.000e+00,0.000e+00,505332.5557,436932.7301,0,0
2025-10-12,12,30,72,144,72,0,0.46847967,5823.542239,,22802.825027,,1,1,0,1.137e-13,0.000e+00,0.000e+00,382756.5374,229366.1242,0,0
2025-10-12,18,30,36,144,108,0,0.46847967,8467.535164,,14191.804220,,1,1,0,1.137e-13,0.000e+00,0.000e+00,221571.8149,194148.8833,0,0
2025-10-13,0,30,144,144,0,0,0.47656527,7294.595921,0.02368434,39371.356231,38460.446012,3,1,0,0.000e+00,0.000e+00,0.000e+00,619748.3333,466885.2157,0,0
2025-10-13,6,30,108,144,36,0,0.47656527,9768.368461,,28407.756833,,1,1,0,0.000e+00,0.000e+00,0.000e+00,505376.5189,441012.4512,0,0
2025-10-13,12,30,72,144,72,0,0.47656527,7899.215719,,23585.434775,,1,1,0,0.000e+00,0.000e+00,0.000e+00,313012.6122,229401.8872,0,0
2025-10-13,18,30,36,144,108,0,0.47656527,9974.011415,,12368.936017,,1,1,0,0.000e+00,0.000e+00,0.000e+00,213781.7136,200998.6928,0,0
2025-10-14,0,30,144,144,0,0,0.47950160,8721.043170,0.02559121,39306.783647,38325.975657,4,0,1,1.137e-13,0.000e+00,-7.709e-13,552881.4879,452566.9451,0,0
2025-10-14,6,30,108,144,36,0,0.47950160,9574.980917,,29142.994696,,1,1,0,1.137e-13,0.000e+00,0.000e+00,488838.0636,424949.4514,0,0
2025-10-14,12,30,72,144,72,0,0.47950160,5222.621738,,26276.466227,,1,1,0,1.137e-13,0.000e+00,0.000e+00,372124.6292,217598.5311,0,0
2025-10-14,18,30,36,144,108,0,0.47950160,8935.765887,,13292.636730,,1,1,0,1.137e-13,0.000e+00,0.000e+00,209497.4669,195982.4146,0,0
2025-10-15,0,30,144,144,0,0,0.48010905,7659.548662,0.01567299,38706.544174,38109.257994,4,0,1,1.023e-12,0.000e+00,0.000e+00,622821.8541,477126.8125,0,0
2025-10-15,6,30,108,144,36,0,0.48010905,9622.605636,,28203.791483,,1,1,0,1.137e-13,0.000e+00,0.000e+00,522860.0510,449790.6666,0,0
2025-10-15,12,30,72,144,72,0,0.48010905,5818.338019,,25267.184937,,1,1,0,1.137e-13,0.000e+00,0.000e+00,377790.2167,230614.4258,0,0
2025-10-15,18,30,36,144,108,0,0.48010905,8357.179148,,15910.444415,,1,1,0,1.137e-13,0.000e+00,0.000e+00,224927.1291,193016.6278,0,0
2025-10-16,0,30,144,144,0,0,0.48342775,7976.601958,0.01501462,39087.504941,38509.302541,4,0,1,9.592e-13,0.000e+00,0.000e+00,613825.2314,478168.0468,0,0
2025-10-16,6,30,108,144,36,0,0.48342775,9557.303828,,28695.516321,,1,1,0,1.137e-13,0.000e+00,0.000e+00,524657.1702,449805.5213,0,0
2025-10-16,12,30,72,144,72,0,0.48342775,6479.233375,,24584.187263,,1,1,0,1.137e-13,0.000e+00,0.000e+00,363645.9567,233799.0611,0,0
2025-10-16,18,30,36,144,108,0,0.48342775,8419.576523,,15736.122855,,1,1,0,1.137e-13,0.000e+00,0.000e+00,224901.2390,194286.7377,0,0
2025-10-17,0,30,144,144,0,0,0.37200912,8027.998385,0.00013266,10550.852502,10549.452998,2,1,0,2.103e-12,-3.581e-12,-3.013e-12,551474.5697,425103.6799,0,0
2025-10-17,6,30,108,144,36,0,0.37200912,5931.537249,,5850.657492,,1,1,0,0.000e+00,0.000e+00,0.000e+00,536094.5011,356041.3737,0,0
2025-10-17,12,30,72,144,72,0,0.37200912,10800.000000,,5764.286877,,1,1,0,0.000e+00,0.000e+00,0.000e+00,237202.7409,245387.5422,0,0
2025-10-17,18,30,36,144,108,0,0.37200912,10045.432762,,2965.112111,,1,1,0,0.000e+00,0.000e+00,0.000e+00,236156.0156,219534.5370,0,0
2025-10-18,0,30,144,144,0,0,0.37144603,8887.178252,0.00000054,9988.379382,9988.373987,2,1,0,5.329e-15,0.000e+00,0.000e+00,550699.7282,447760.5514,0,0
2025-10-18,6,30,108,144,36,0,0.37144603,5386.536113,,5786.343613,,1,1,0,1.137e-13,0.000e+00,0.000e+00,546356.6388,349725.3113,0,0
2025-10-18,12,30,72,144,72,0,0.37144603,10800.000000,,5592.563045,,1,1,0,1.137e-13,0.000e+00,0.000e+00,237062.4251,245360.5232,0,0
2025-10-18,18,30,36,144,108,0,0.37144603,10019.781041,,2792.758940,,1,1,0,1.137e-13,0.000e+00,0.000e+00,236292.7561,224618.4216,0,0
2025-10-19,0,30,144,144,0,0,0.48630448,8649.593586,0.01481196,39939.065925,39356.124505,4,0,1,1.080e-12,0.000e+00,0.000e+00,599994.5907,484035.7472,0,0
2025-10-19,6,30,108,144,36,0,0.48630448,9662.715006,,29835.783332,,1,1,0,0.000e+00,0.000e+00,0.000e+00,529043.6315,454579.5426,0,0
2025-10-19,12,30,72,144,72,0,0.48630448,6594.435720,,25679.174108,,1,1,0,0.000e+00,0.000e+00,0.000e+00,366255.7892,237809.0317,0,0
2025-10-19,18,30,36,144,108,0,0.48630448,9558.452819,,12707.876852,,1,1,0,0.000e+00,0.000e+00,0.000e+00,225801.8940,222061.7059,0,0
2025-10-20,0,30,144,144,0,0,0.49137889,7625.504912,0.01040793,42204.933649,41770.192324,4,0,1,1.137e-13,0.000e+00,0.000e+00,644855.2499,493863.3576,0,0
2025-10-20,6,30,108,144,36,0,0.49137889,9908.005959,,30911.944712,,1,1,0,1.137e-13,0.000e+00,0.000e+00,536691.0189,467377.4569,0,0
2025-10-20,12,30,72,144,72,0,0.49137889,5246.102923,,29070.574557,,1,1,0,1.137e-13,0.000e+00,0.000e+00,399549.9286,236650.3997,0,0
2025-10-20,18,30,36,144,108,0,0.49137889,10732.578465,,11730.184298,,1,1,0,1.137e-13,0.000e+00,0.000e+00,224862.5889,229065.5401,0,0
2025-10-21,0,30,144,144,0,0,0.49246389,8600.570725,0.00996858,42503.853544,42084.332360,4,0,1,1.137e-13,0.000e+00,-7.727e-13,602152.4668,486119.7588,0,0
2025-10-21,6,30,108,144,36,0,0.49246389,9700.878987,,32036.243562,,1,1,0,1.137e-13,0.000e+00,0.000e+00,530437.0993,457931.2524,0,0
2025-10-21,12,30,72,144,72,0,0.49246389,5093.488553,,29666.669670,,1,1,0,1.137e-13,0.000e+00,0.000e+00,398182.3949,232748.3444,0,0
2025-10-21,18,30,36,144,108,0,0.49246389,9566.442468,,13507.346971,,1,1,0,1.137e-13,0.000e+00,0.000e+00,224044.7058,223092.5938,0,0
2025-10-22,0,30,144,144,0,0,0.49540846,7795.159206,0.00877994,43981.478549,43598.684720,4,0,1,1.137e-13,0.000e+00,0.000e+00,651522.9334,500406.3689,0,0
2025-10-22,6,30,108,144,36,0,0.49540846,9797.132987,,33014.682521,,1,1,0,6.573e-13,0.000e+00,0.000e+00,550160.6972,472317.6144,0,0
2025-10-22,12,30,72,144,72,0,0.49540846,5967.318070,,28142.046666,,1,1,0,1.137e-13,0.000e+00,0.000e+00,403328.6299,249662.8151,0,0
2025-10-22,18,30,36,144,108,0,0.49540846,10666.933751,,11351.158723,,1,1,0,1.137e-13,0.000e+00,0.000e+00,236480.3139,238293.0253,0,0
2025-10-23,0,30,144,144,0,0,0.49665973,8725.810289,0.00839363,44005.816013,43639.521941,4,0,1,3.411e-13,0.000e+00,0.000e+00,616731.2746,496778.0526,0,0
2025-10-23,6,30,108,144,36,0,0.49665973,9794.052782,,33463.450228,,1,1,0,1.137e-13,0.000e+00,0.000e+00,546198.4142,468443.0416,0,0
2025-10-23,12,30,72,144,72,0,0.49665973,9399.894715,,25782.069498,,1,1,0,1.137e-13,0.000e+00,0.000e+00,295898.5726,251804.2525,0,0
2025-10-23,18,30,36,144,108,0,0.49665973,10621.441853,,11101.757529,,1,1,0,1.137e-13,0.000e+00,0.000e+00,237223.5632,238374.6658,0,0
2025-10-24,0,30,144,144,0,0,0.37867966,9109.751036,0.00007983,10333.130742,10332.305873,2,1,0,0.000e+00,0.000e+00,0.000e+00,559712.3413,453658.3623,0,0
2025-10-24,6,30,108,144,36,0,0.37867966,5913.656691,,5934.430515,,1,1,0,0.000e+00,0.000e+00,0.000e+00,553265.9412,362142.2309,0,0
2025-10-24,12,30,72,144,72,0,0.37867966,10800.000000,,5729.202849,,1,1,0,1.261e-13,0.000e+00,0.000e+00,245404.6869,244705.8843,0,0
2025-10-24,18,30,36,144,108,0,0.37867966,9801.997787,,2935.045683,,1,1,0,0.000e+00,0.000e+00,0.000e+00,245249.4074,222987.8073,0,0
2025-10-25,0,30,144,144,0,0,0.37662713,8584.733979,0.00012311,10527.577146,10526.281243,1,1,0,1.776e-14,0.000e+00,0.000e+00,560797.1189,440919.2187,0,0
2025-10-25,6,30,108,144,36,0,0.37662713,6027.330351,,5945.501687,,1,1,0,1.137e-13,0.000e+00,0.000e+00,550275.5091,363346.8168,0,0
2025-10-25,12,30,72,144,72,0,0.37662713,10800.000000,,5832.618344,,1,1,0,1.137e-13,0.000e+00,0.000e+00,245612.2755,245431.6782,0,0
2025-10-25,18,30,36,144,108,0,0.37662713,10014.968769,,2804.939033,,1,1,0,1.137e-13,0.000e+00,0.000e+00,245167.9846,224137.5330,0,0
2025-10-26,0,30,144,144,0,0,0.49488435,8744.764303,0.00866220,42357.947123,41994.184946,4,0,1,1.222e-12,0.000e+00,0.000e+00,633288.6483,505366.0771,0,0
2025-10-26,6,30,108,144,36,0,0.49488435,9668.128327,,32190.898312,,1,1,0,1.137e-13,0.000e+00,0.000e+00,566090.8421,475740.0595,0,0
2025-10-26,12,30,72,144,72,0,0.49488435,7163.641434,,26153.922151,,1,1,0,1.137e-13,0.000e+00,0.000e+00,383617.9813,257950.2595,0,0
2025-10-26,18,30,36,144,108,0,0.49488435,10603.077821,,10934.667302,,1,1,0,1.137e-13,0.000e+00,0.000e+00,244517.4785,239400.8090,0,0
2025-10-27,0,30,144,144,0,0,0.49600015,8922.092496,0.00839274,42839.419297,42482.871493,4,0,1,7.105e-13,0.000e+00,0.000e+00,628738.2505,505647.0628,0,0
2025-10-27,6,30,108,144,36,0,0.49600015,9869.344124,,32389.465906,,1,1,0,1.137e-13,0.000e+00,0.000e+00,562042.7198,476754.7258,0,0
2025-10-27,12,30,72,144,72,0,0.49600015,8304.964203,,26134.979831,,1,1,0,1.137e-13,0.000e+00,0.000e+00,346384.0004,256598.4560,0,0
2025-10-27,18,30,36,144,108,0,0.49600015,10677.238368,,10802.054590,,1,1,0,0.000e+00,0.000e+00,0.000e+00,243559.0018,236861.9698,0,0
2025-10-28,0,30,144,144,0,0,0.49477042,8806.143700,0.00858009,42976.676589,42611.069644,4,0,1,1.535e-12,0.000e+00,0.000e+00,620656.7140,496092.3521,0,0
2025-10-28,6,30,108,144,36,0,0.49477042,9837.690315,,32424.232006,,1,1,0,1.137e-13,0.000e+00,0.000e+00,552295.4788,468347.5216,0,0
2025-10-28,12,30,72,144,72,0,0.49477042,6723.467936,,27010.397370,,1,1,0,1.137e-13,0.000e+00,0.000e+00,400461.4720,260173.4294,0,0
2025-10-28,18,30,36,144,108,0,0.49477042,10797.571634,,10859.592884,,1,1,0,1.137e-13,0.000e+00,0.000e+00,243671.8166,237335.2228,0,0
2025-10-29,0,30,144,144,0,0,0.49534329,9184.461240,0.00865437,42871.935840,42504.089767,4,0,1,1.222e-12,0.000e+00,0.000e+00,624891.6251,509889.6909,0,0
2025-10-29,6,30,108,144,36,0,0.49534329,9906.026340,,32487.265904,,1,1,0,1.137e-13,0.000e+00,0.000e+00,566791.0242,481850.4652,0,0
2025-10-29,12,30,72,144,72,0,0.49534329,4717.252120,,32725.630635,,1,1,0,1.137e-13,0.000e+00,0.000e+00,419099.6422,232049.8816,0,0
2025-10-29,18,30,36,144,108,0,0.49534329,9482.009403,,14507.201754,,1,1,0,1.137e-13,0.000e+00,0.000e+00,245211.4541,223242.5853,0,0
2025-10-30,0,30,144,144,0,0,0.50023830,8450.798562,0.00799871,45175.396479,44816.918892,4,0,1,2.274e-12,0.000e+00,0.000e+00,655877.9813,513263.0972,0,0
2025-10-30,6,30,108,144,36,0,0.50023830,9939.354218,,34327.324400,,1,1,0,1.137e-13,0.000e+00,0.000e+00,574870.1687,487130.4805,0,0
2025-10-30,12,30,72,144,72,0,0.50023830,8959.167688,,26852.421240,,1,1,0,1.137e-13,0.000e+00,0.000e+00,336806.4592,265158.8825,0,0
2025-10-30,18,30,36,144,108,0,0.50023830,10677.888146,,11022.188281,,1,1,0,1.137e-13,0.000e+00,0.000e+00,245407.7604,236998.3812,0,0
2025-10-31,0,30,144,144,0,0,0.38353713,9346.125460,0.00002003,10672.887227,10672.673474,2,1,0,7.958e-12,-1.683e-11,0.000e+00,572674.5362,462271.0934,0,0
2025-10-31,6,30,108,144,36,0,0.38353713,6216.509179,,6219.470986,,1,1,0,1.137e-13,0.000e+00,0.000e+00,567811.1188,373832.0858,0,0
2025-10-31,12,30,72,144,72,0,0.38353713,9300.916878,,6199.252281,,1,1,0,1.137e-13,0.000e+00,0.000e+00,309834.5873,248150.1031,0,0
2025-10-31,18,30,36,144,108,0,0.38353713,9910.215099,,2898.662187,,1,1,0,1.137e-13,0.000e+00,0.000e+00,259380.0648,227069.6795,0,0
2025-11-01,0,30,144,144,0,0,0.38590327,9196.041628,0.00004021,10959.841656,10959.401001,2,1,0,0.000e+00,-2.842e-12,0.000e+00,574711.5806,461044.0212,0,0
2025-11-01,6,30,108,144,36,0,0.38590327,6132.280480,,6498.436125,,1,1,0,0.000e+00,-2.046e-12,0.000e+00,572663.3948,376663.4397,0,0
2025-11-01,12,30,72,144,72,0,0.38590327,10210.439055,,6252.791685,,1,1,0,0.000e+00,-2.046e-12,0.000e+00,280512.5430,250131.5313,0,0
2025-11-01,18,30,36,144,108,0,0.38590327,10133.756515,,2748.986817,,1,1,0,0.000e+00,0.000e+00,0.000e+00,259542.2483,229130.7235,0,0
2025-11-02,0,30,144,144,0,0,0.50192126,9503.322590,0.00681281,45703.078333,45393.819095,4,0,1,1.137e-13,0.000e+00,0.000e+00,654227.8377,521443.2683,0,0
2025-11-02,6,30,108,144,36,0,0.50192126,9551.049097,,35799.315036,,1,1,0,1.137e-13,0.000e+00,0.000e+00,615107.4173,491281.6109,0,0
2025-11-02,12,30,72,144,72,0,0.50192126,6683.568835,,28442.605274,,1,1,0,1.137e-13,0.000e+00,0.000e+00,434890.1906,267073.5496,0,0
2025-11-02,18,30,36,144,108,0,0.50192126,10785.291307,,11101.959389,,1,1,0,1.137e-13,0.000e+00,0.000e+00,269246.7730,236542.5788,0,0
2025-11-03,0,30,144,144,0,0,0.50546422,9831.492685,0.00616200,47224.216696,46935.003216,4,0,1,0.000e+00,0.000e+00,0.000e+00,645910.3138,522043.5459,0,0
2025-11-03,6,30,108,144,36,0,0.50546422,10110.282755,,36980.174027,,1,1,0,0.000e+00,0.000e+00,0.000e+00,614869.2855,504437.7231,0,0
2025-11-03,12,30,72,144,72,0,0.50546422,7378.356753,,29075.768203,,1,1,0,0.000e+00,0.000e+00,0.000e+00,421631.8247,271334.0730,0,0
2025-11-03,18,30,36,144,108,0,0.50546422,10292.723285,,11924.767259,,1,1,0,0.000e+00,0.000e+00,0.000e+00,272177.5259,226009.0291,0,0
2025-11-04,0,30,144,144,0,0,0.50246456,10230.434038,0.00320868,45986.628803,45839.544423,4,0,1,1.137e-13,0.000e+00,0.000e+00,644366.4004,522480.4393,0,0
2025-11-04,6,30,108,144,36,0,0.50246456,10053.914183,,35811.565858,,1,1,0,1.137e-13,0.000e+00,0.000e+00,620661.8056,498054.2615,0,0
2025-11-04,12,30,72,144,72,0,0.50246456,7694.939107,,28217.515450,,1,1,0,1.137e-13,0.000e+00,0.000e+00,418071.5305,266858.0056,0,0
2025-11-04,18,30,36,144,108,0,0.50246456,10351.890426,,11541.408417,,1,1,0,1.137e-13,0.000e+00,0.000e+00,279221.8528,223750.0407,0,0
2025-11-05,0,30,144,144,0,0,0.50039912,10233.176910,0.00337354,45620.733940,45467.348249,4,0,1,1.137e-13,-8.185e-13,0.000e+00,631320.0576,520217.8069,0,0
2025-11-05,6,30,108,144,36,0,0.50039912,10051.553092,,35632.739923,,1,1,0,1.137e-13,0.000e+00,0.000e+00,608992.1828,497022.4882,0,0
2025-11-05,12,30,72,144,72,0,0.50039912,7061.469681,,28136.661047,,1,1,0,1.137e-13,0.000e+00,0.000e+00,425919.6322,265690.6589,0,0
2025-11-05,18,30,36,144,108,0,0.50039912,10160.287996,,11882.150528,,1,1,0,1.137e-13,0.000e+00,0.000e+00,273384.9481,226115.5802,0,0
2025-11-06,0,30,144,144,0,0,0.49991837,10107.461404,0.00346925,46345.927482,46185.697527,3,1,0,2.842e-14,0.000e+00,2.842e-14,633089.2518,518027.9426,0,0
2025-11-06,6,30,108,144,36,0,0.49991837,10196.811887,,36148.516616,,1,1,0,1.137e-13,0.000e+00,0.000e+00,604554.3814,496897.9417,0,0
2025-11-06,12,30,72,144,72,0,0.49991837,6020.173556,,29564.953195,,1,1,0,1.137e-13,0.000e+00,0.000e+00,445937.1736,258999.8969,0,0
2025-11-06,18,30,36,144,108,0,0.49991837,9943.966047,,12262.882530,,1,1,0,1.137e-13,0.000e+00,0.000e+00,271090.5060,214198.3902,0,0
2025-11-07,0,30,144,144,0,0,0.38195924,10126.078858,0.00000000,10907.179891,10907.179891,1,1,0,5.684e-13,-2.865e-12,-5.573e-14,610068.8226,488057.9758,0,0
2025-11-07,6,30,108,144,36,0,0.38195924,6508.994461,,6666.249557,,1,1,0,1.137e-13,-1.228e-12,0.000e+00,606150.3221,387222.7117,0,0
2025-11-07,12,30,72,144,72,0,0.38195924,7947.694013,,6605.888926,,1,1,0,1.137e-13,-1.228e-12,0.000e+00,391485.3558,252188.9769,0,0
2025-11-07,18,30,36,144,108,0,0.38195924,10070.919921,,2774.415175,,1,1,0,1.137e-13,0.000e+00,0.000e+00,294834.1890,230373.6207,0,0
2025-11-08,0,30,144,144,0,0,0.37897580,10505.954367,-0.00000000,10802.021356,10802.021356,1,1,0,0.000e+00,0.000e+00,0.000e+00,607836.9311,498523.8546,0,0
2025-11-08,6,30,108,144,36,0,0.37897580,7083.354713,,6531.820149,,1,1,0,1.137e-13,0.000e+00,0.000e+00,597240.3902,397530.4658,0,0
2025-11-08,12,30,72,144,72,0,0.37897580,9451.760520,,6391.204556,,1,1,0,1.137e-13,0.000e+00,0.000e+00,338738.9034,252091.2183,0,0
2025-11-08,18,30,36,144,108,0,0.37897580,10181.057744,,2696.979602,,1,1,0,1.137e-13,0.000e+00,0.000e+00,292086.3493,230406.0673,0,0
2025-11-09,0,30,144,144,0,0,0.49734744,10448.995734,0.00342462,47097.157016,46936.417797,3,1,0,5.684e-14,-1.137e-13,-1.137e-13,606335.4135,505810.4890,0,0
2025-11-09,6,30,108,144,36,0,0.49734744,10651.949739,,36616.749948,,1,1,0,1.137e-13,0.000e+00,0.000e+00,590314.1428,498012.0371,0,0
2025-11-09,12,30,72,144,72,0,0.49734744,8566.633491,,27428.433889,,1,1,0,1.137e-13,0.000e+00,0.000e+00,372659.7860,262318.9637,0,0
2025-11-09,18,30,36,144,108,0,0.49734744,9996.665806,,12015.030288,,1,1,0,1.137e-13,0.000e+00,0.000e+00,273894.8861,236255.0872,0,0
2025-11-10,0,30,144,144,0,0,0.49583150,9375.730845,0.00305731,47981.252144,47835.005589,4,0,1,1.137e-13,0.000e+00,0.000e+00,657453.2779,509649.2732,0,0
2025-11-10,6,30,108,144,36,0,0.49583150,10630.764398,,37311.750111,,1,1,0,1.137e-13,0.000e+00,0.000e+00,608845.8757,503891.2168,0,0
2025-11-10,12,30,72,144,72,0,0.49583150,6793.811912,,28994.929100,,1,1,0,1.137e-13,0.000e+00,0.000e+00,445285.6006,266823.5713,0,0
2025-11-10,18,30,36,144,108,0,0.49583150,9126.000000,,14093.874039,,1,1,0,1.137e-13,0.000e+00,0.000e+00,285450.8370,214901.6539,0,0
2025-11-11,0,30,144,144,0,0,0.49882235,9698.904664,0.00256726,49822.460362,49694.880744,4,1,0,0.000e+00,-1.137e-13,-4.263e-14,625566.0390,494010.1412,0,0
2025-11-11,6,30,108,144,36,0,0.49882235,10770.484920,,39079.451446,,1,1,0,1.137e-13,0.000e+00,0.000e+00,584071.4173,488632.4032,0,0
2025-11-11,12,30,72,144,72,0,0.49882235,8269.417435,,29408.187546,,1,1,0,1.137e-13,0.000e+00,0.000e+00,405908.4357,273777.8522,0,0
2025-11-11,18,30,36,144,108,0,0.49882235,10250.916811,,11996.841877,,1,1,0,1.137e-13,0.000e+00,0.000e+00,281477.5240,222914.7188,0,0
2025-11-12,0,30,144,144,0,0,0.49726937,10498.825878,0.00250059,49517.868335,49394.353094,2,1,0,4.944e-12,0.000e+00,1.481e-11,607873.6488,502288.9935,0,0
2025-11-12,6,30,108,144,36,0,0.49726937,10800.000000,,38943.312244,,1,1,0,1.137e-13,0.000e+00,0.000e+00,586916.4519,492801.8424,0,0
2025-11-12,12,30,72,144,72,0,0.49726937,8214.891874,,29384.905283,,1,1,0,1.137e-13,0.000e+00,0.000e+00,404920.7991,271270.1352,0,0
2025-11-12,18,30,36,144,108,0,0.49726937,9951.932809,,12441.684633,,1,1,0,1.137e-13,0.000e+00,0.000e+00,274681.1112,208820.3272,0,0
2025-11-13,0,30,144,144,0,0,0.49381962,10611.019896,0.00252510,48970.604272,48847.260062,2,1,0,3.979e-12,0.000e+00,-1.975e-12,606500.1962,504371.0444,0,0
2025-11-13,6,30,108,144,36,0,0.49381962,10487.857850,,38990.003427,,1,1,0,4.547e-13,0.000e+00,0.000e+00,596053.0824,492643.8684,0,0
2025-11-13,12,30,72,144,72,0,0.49381962,9028.556009,,28876.282894,,1,1,0,4.547e-13,0.000e+00,0.000e+00,374673.9548,268835.1802,0,0
2025-11-13,18,30,36,144,108,0,0.49381962,10365.948807,,11728.878292,,1,1,0,4.547e-13,0.000e+00,0.000e+00,274079.8709,221820.7826,0,0
2025-11-14,0,30,144,144,0,0,0.37404652,10465.484924,0.00000000,11139.099178,11139.099178,1,1,0,1.421e-13,0.000e+00,0.000e+00,605240.7605,492338.6170,0,0
2025-11-14,6,30,108,144,36,0,0.37404652,6877.583021,,7059.349669,,1,1,0,0.000e+00,0.000e+00,0.000e+00,603428.5791,393997.3987,0,0
2025-11-14,12,30,72,144,72,0,0.37404652,8104.554944,,6934.001084,,1,1,0,0.000e+00,0.000e+00,0.000e+00,383619.4909,249080.2792,0,0
2025-11-14,18,30,36,144,108,0,0.37404652,10001.635755,,2910.649864,,1,1,0,0.000e+00,0.000e+00,0.000e+00,292824.5906,228513.4812,0,0
2025-11-15,0,30,144,144,0,0,0.37194630,10414.365582,-0.00000000,11113.715717,11113.715717,1,1,0,0.000e+00,-5.684e-14,0.000e+00,606912.9149,492785.2323,0,0
2025-11-15,6,30,108,144,36,0,0.37194630,6647.488883,,7263.639167,,1,1,0,1.137e-13,0.000e+00,0.000e+00,608321.2895,392287.6735,0,0
2025-11-15,12,30,72,144,72,0,0.37194630,7336.165698,,7008.423442,,1,1,0,1.137e-13,0.000e+00,0.000e+00,409665.2530,249903.2293,0,0
2025-11-15,18,30,36,144,108,0,0.37194630,10280.903244,,2780.595151,,1,1,0,1.137e-13,0.000e+00,0.000e+00,292899.1759,229649.1686,0,0
2025-11-16,0,30,144,144,0,0,0.49652101,10345.429342,0.00292905,51195.772884,51046.255859,3,1,0,0.000e+00,0.000e+00,-9.095e-13,594235.2229,486299.6609,0,0
2025-11-16,6,30,108,144,36,0,0.49652101,10720.343909,,40731.257910,,1,1,0,1.137e-13,0.000e+00,0.000e+00,570423.9581,476641.1477,0,0
2025-11-16,12,30,72,144,72,0,0.49652101,7074.492843,,31230.441421,,1,1,0,1.137e-13,0.000e+00,0.000e+00,428784.2225,265602.8394,0,0
2025-11-16,18,30,36,144,108,0,0.49652101,9932.299941,,12737.026798,,1,1,0,1.137e-13,0.000e+00,0.000e+00,272620.2812,208247.2475,0,0
2025-11-17,0,30,144,144,0,0,0.49545841,10471.121317,0.00295912,51516.413552,51364.420211,4,0,1,1.137e-13,0.000e+00,0.000e+00,593264.8507,488903.5703,0,0
2025-11-17,6,30,108,144,36,0,0.49545841,10755.959820,,41010.987084,,1,1,0,1.137e-13,0.000e+00,0.000e+00,572822.5746,479545.1374,0,0
2025-11-17,12,30,72,144,72,0,0.49545841,8360.423859,,30263.569017,,1,1,0,1.137e-13,0.000e+00,0.000e+00,396096.1359,267781.1068,0,0
2025-11-17,18,30,36,144,108,0,0.49545841,10026.787037,,12339.615657,,1,1,0,0.000e+00,0.000e+00,0.000e+00,272443.1434,207914.1113,0,0
2025-11-18,0,30,144,144,0,0,0.49009732,10732.776311,0.00309127,50083.125086,49928.781915,3,1,0,0.000e+00,0.000e+00,-3.886e-12,581199.0434,486189.3052,0,0
2025-11-18,6,30,108,144,36,0,0.49009732,10511.855234,,40447.383612,,1,1,0,1.137e-13,0.000e+00,0.000e+00,572410.6592,473111.6228,0,0
2025-11-18,12,30,72,144,72,0,0.49009732,8541.371220,,29328.112620,,1,1,0,1.137e-13,0.000e+00,0.000e+00,385318.2574,263686.8409,0,0
2025-11-18,18,30,36,144,108,0,0.49009732,9731.666125,,12420.804580,,1,1,0,1.137e-13,0.000e+00,0.000e+00,271594.0500,207042.3337,0,0
2025-11-19,0,30,144,144,0,0,0.49089043,10085.258046,0.00394304,51165.853535,50964.896655,4,0,1,9.717e-13,0.000e+00,0.000e+00,610273.1750,491100.9448,0,0
2025-11-19,6,30,108,144,36,0,0.49089043,10178.985713,,41528.979755,,1,1,0,1.137e-13,0.000e+00,0.000e+00,587775.0033,476586.9214,0,0
2025-11-19,12,30,72,144,72,0,0.49089043,6751.319592,,31253.588817,,1,1,0,1.137e-13,0.000e+00,0.000e+00,430063.9470,261387.8873,0,0
2025-11-19,18,30,36,144,108,0,0.49089043,9967.189914,,12290.354262,,1,1,0,0.000e+00,0.000e+00,0.000e+00,276417.6791,210603.5554,0,0
2025-11-20,0,30,144,144,0,0,0.49239029,10215.893509,0.00496535,51869.320254,51613.043296,3,1,0,0.000e+00,-5.684e-12,0.000e+00,609777.2248,497391.5852,0,0
2025-11-20,6,30,108,144,36,0,0.49239029,10724.701007,,41294.828020,,1,1,0,1.137e-13,0.000e+00,0.000e+00,581260.7747,486806.7245,0,0
2025-11-20,12,30,72,144,72,0,0.49239029,8878.933953,,30019.341066,,1,1,0,1.137e-13,0.000e+00,0.000e+00,377083.0635,265537.4418,0,0
2025-11-20,18,30,36,144,108,0,0.49239029,9953.051510,,12318.861767,,1,1,0,1.137e-13,0.000e+00,0.000e+00,273224.3480,208466.2687,0,0
2025-11-21,0,30,144,144,0,0,0.37507311,10529.207391,0.00009739,11544.984309,11543.860082,1,1,0,4.547e-13,0.000e+00,0.000e+00,603491.5388,492870.7806,0,0
2025-11-21,6,30,108,144,36,0,0.37507311,6922.645585,,7732.383911,,1,1,0,4.547e-13,0.000e+00,0.000e+00,609843.4918,400638.6937,0,0
2025-11-21,12,30,72,144,72,0,0.37507311,7465.225452,,7132.273438,,1,1,0,4.547e-13,0.000e+00,0.000e+00,409750.4549,253039.7343,0,0
2025-11-21,18,30,36,144,108,0,0.37507311,10101.848009,,2847.581764,,1,1,0,4.547e-13,0.000e+00,0.000e+00,297010.0770,233182.7338,0,0
2025-11-22,0,30,144,144,0,0,0.37457220,10592.108099,0.00001422,11523.709258,11523.545345,2,1,0,0.000e+00,0.000e+00,0.000e+00,603453.0160,494596.3123,0,0
2025-11-22,6,30,108,144,36,0,0.37457220,7294.946938,,7363.089554,,1,1,0,0.000e+00,0.000e+00,0.000e+00,603239.1017,405399.6904,0,0
2025-11-22,12,30,72,144,72,0,0.37457220,6575.152032,,7151.773275,,1,1,0,0.000e+00,0.000e+00,0.000e+00,438433.6664,252331.5476,0,0
2025-11-22,18,30,36,144,108,0,0.37457220,9979.699211,,2889.656125,,1,1,0,0.000e+00,0.000e+00,0.000e+00,296009.5157,231191.4930,0,0
2025-11-23,0,30,144,144,0,0,0.49287702,10024.251970,0.00453439,52775.224577,52537.001178,4,0,1,8.669e-13,0.000e+00,0.000e+00,631517.9553,507395.9253,0,0
2025-11-23,6,30,108,144,36,0,0.49287702,10771.567227,,42147.779964,,1,1,0,1.137e-13,0.000e+00,0.000e+00,597412.4150,498939.6246,0,0
2025-11-23,12,30,72,144,72,0,0.49287702,6006.229776,,34752.737999,,1,1,0,1.137e-13,0.000e+00,0.000e+00,443039.9363,256557.9191,0,0
2025-11-23,18,30,36,144,108,0,0.49287702,9969.877618,,12491.681353,,1,1,0,1.137e-13,0.000e+00,0.000e+00,282068.5839,213743.2490,0,0
2025-11-24,0,30,144,144,0,0,0.49061935,10601.693266,0.00531424,51875.861056,51601.637641,4,1,0,5.684e-14,-3.729e-11,-1.474e-12,601153.0830,499309.1123,0,0
2025-11-24,6,30,108,144,36,0,0.49061935,10735.733979,,41651.278537,,1,1,0,1.137e-13,0.000e+00,0.000e+00,585954.7966,489327.6861,0,0
2025-11-24,12,30,72,144,72,0,0.49061935,9197.070216,,29524.826959,,1,1,0,1.137e-13,0.000e+00,0.000e+00,368528.4662,265448.7297,0,0
2025-11-24,18,30,36,144,108,0,0.49061935,10047.925926,,12043.359019,,1,1,0,1.137e-13,0.000e+00,0.000e+00,276947.8542,209490.3271,0,0
2025-11-25,0,30,144,144,0,0,0.48805071,10311.504031,0.00511030,52032.809596,51768.258205,4,0,1,1.137e-13,0.000e+00,0.000e+00,611515.6752,499677.4738,0,0
2025-11-25,6,30,108,144,36,0,0.48805071,10720.394285,,41604.569638,,1,1,0,1.137e-13,0.000e+00,0.000e+00,587536.2826,490207.2143,0,0
2025-11-25,12,30,72,144,72,0,0.48805071,7038.745778,,31175.392458,,1,1,0,1.137e-13,0.000e+00,0.000e+00,426463.9760,261836.8876,0,0
2025-11-25,18,30,36,144,108,0,0.48805071,9625.233098,,12684.714538,,1,1,0,1.137e-13,0.000e+00,0.000e+00,278120.1145,210954.3679,0,0
2025-11-26,0,30,144,144,0,0,0.48732684,10179.291035,0.00528177,51895.082761,51622.425011,4,1,0,4.547e-13,-9.095e-13,-1.430e-11,612322.5045,497525.7093,0,0
2025-11-26,6,30,108,144,36,0,0.48732684,10741.554785,,41572.073326,,1,1,0,4.547e-13,-1.637e-12,0.000e+00,583071.5380,487741.8594,0,0
2025-11-26,12,30,72,144,72,0,0.48732684,6994.901124,,31099.029940,,1,1,0,1.137e-13,0.000e+00,0.000e+00,425082.9456,260265.8009,0,0
2025-11-26,18,30,36,144,108,0,0.48732684,8676.770198,,14489.057622,,1,1,0,1.137e-13,0.000e+00,0.000e+00,276520.0064,202801.8101,0,0
2025-11-27,0,30,144,144,0,0,0.48760540,9624.573221,0.00434940,52749.196206,52520.762645,4,1,0,4.974e-14,0.000e+00,-4.524e-12,627735.0282,493583.4847,0,0
2025-11-27,6,30,108,144,36,0,0.48760540,10649.353404,,42556.914849,,1,1,0,1.137e-13,0.000e+00,0.000e+00,587333.2036,487664.1533,0,0
2025-11-27,12,30,72,144,72,0,0.48760540,8067.409259,,30677.651972,,1,1,0,1.137e-13,0.000e+00,0.000e+00,404659.1625,265197.2567,0,0
2025-11-27,18,30,36,144,108,0,0.48760540,9760.901264,,12456.693004,,1,1,0,1.137e-13,0.000e+00,0.000e+00,277801.3619,210933.1752,0,0
2025-11-28,0,30,144,144,0,0,0.37362000,10580.481446,0.00041358,11928.658452,11923.727085,2,1,0,0.000e+00,0.000e+00,-4.619e-14,597330.5125,489484.4264,0,0
2025-11-28,6,30,108,144,36,0,0.37362000,7730.727958,,7719.842094,,1,1,0,1.137e-13,0.000e+00,0.000e+00,594886.5946,410563.8747,0,0
2025-11-28,12,30,72,144,72,0,0.37362000,6449.004279,,7325.387695,,1,1,0,1.137e-13,0.000e+00,0.000e+00,440326.2326,250824.9371,0,0
2025-11-28,18,30,36,144,108,0,0.37362000,10111.595168,,2837.764097,,1,1,0,1.137e-13,0.000e+00,0.000e+00,294469.5138,229086.0414,0,0
2025-11-29,0,30,144,144,0,0,0.37311021,10453.459420,0.00005830,12073.819915,12073.116102,2,1,0,1.066e-14,0.000e+00,-3.375e-14,603825.5000,490964.0857,0,0
2025-11-29,6,30,108,144,36,0,0.37311021,8085.756385,,7511.745601,,1,1,0,1.137e-13,0.000e+00,0.000e+00,590395.9019,416158.1292,0,0
2025-11-29,12,30,72,144,72,0,0.37311021,5635.084897,,8184.089001,,1,1,0,1.137e-13,0.000e+00,0.000e+00,462681.4840,247773.8779,0,0
2025-11-29,18,30,36,144,108,0,0.37311021,8888.469680,,6734.092544,,1,1,0,1.137e-13,0.000e+00,0.000e+00,296352.8642,208297.3704,0,0
2025-11-30,0,30,144,144,0,0,0.48806694,9753.114423,0.00403959,54835.781583,54615.158850,3,1,0,4.206e-12,0.000e+00,-4.263e-14,622007.5120,493795.7660,0,0
2025-11-30,6,30,108,144,36,0,0.48806694,10509.146582,,44454.950101,,1,1,0,1.137e-13,0.000e+00,0.000e+00,586858.8226,485084.4359,0,0
2025-11-30,12,30,72,144,72,0,0.48806694,6581.838133,,34096.848873,,1,1,0,1.137e-13,0.000e+00,0.000e+00,428394.8833,257031.9330,0,0
2025-11-30,18,30,36,144,108,0,0.48806694,8592.000000,,14760.096255,,1,1,0,1.137e-13,0.000e+00,0.000e+00,275466.2992,200355.1680,0,0
2025-12-01,0,30,144,144,0,0,0.49005488,9263.901743,0.00307828,56727.210048,56553.123422,4,1,0,0.000e+00,-7.276e-13,-2.274e-13,639986.5596,495004.0867,0,0
2025-12-01,6,30,108,144,36,0,0.49005488,9742.924102,,48829.898484,,1,1,0,1.137e-13,0.000e+00,0.000e+00,598735.1241,479608.3867,0,0
2025-12-01,12,30,72,144,72,0,0.49005488,6438.655369,,35710.992605,,1,1,0,1.137e-13,0.000e+00,0.000e+00,430648.4515,256710.0487,0,0
2025-12-01,18,30,36,144,108,0,0.49005488,8664.000000,,14759.049930,,1,1,0,1.137e-13,0.000e+00,0.000e+00,275390.6600,202264.7979,0,0
2025-12-02,0,30,144,144,0,0,0.51333970,9140.872361,0.00417502,67405.338254,67125.089564,4,1,0,0.000e+00,0.000e+00,-4.441e-14,648965.2091,500146.7996,0,0
2025-12-02,6,30,108,144,36,0,0.51333970,10155.580235,,56087.265586,,1,1,0,1.137e-13,0.000e+00,0.000e+00,601279.9047,491199.7098,0,0
2025-12-02,12,30,72,144,72,0,0.51333970,6027.096467,,41303.430336,,1,1,0,1.137e-13,0.000e+00,0.000e+00,438246.4361,255692.7716,0,0
2025-12-02,18,30,36,144,108,0,0.51333970,9744.825898,,14054.188148,,1,1,0,1.137e-13,0.000e+00,0.000e+00,274062.6042,209704.3096,0,0
2025-12-03,0,30,144,144,0,0,0.51439358,10692.236681,0.00288171,67026.015956,66833.421123,4,0,1,1.137e-13,-6.548e-12,0.000e+00,613824.3035,511454.6688,0,0
2025-12-03,6,30,108,144,36,0,0.51439358,10467.175070,,55570.345425,,1,1,0,1.137e-13,0.000e+00,0.000e+00,607201.2273,500582.6421,0,0
2025-12-03,12,30,72,144,72,0,0.51439358,7874.410753,,37561.550082,,1,1,0,1.137e-13,0.000e+00,0.000e+00,423741.2741,277522.1967,0,0
2025-12-03,18,30,36,144,108,0,0.51439358,10747.110237,,12698.247897,,1,1,0,1.137e-13,0.000e+00,0.000e+00,274680.6790,228016.3986,0,0
2025-12-04,0,30,144,144,0,0,0.51403847,10800.000000,0.00267858,66017.715735,65841.354563,4,0,1,6.821e-13,0.000e+00,0.000e+00,610698.9338,520953.6920,0,0
2025-12-04,6,30,108,144,36,0,0.51403847,10333.141938,,54509.246139,,1,1,0,6.821e-13,0.000e+00,0.000e+00,606943.5036,506626.8791,0,0
2025-12-04,12,30,72,144,72,0,0.51403847,6981.030533,,37172.514054,,1,1,0,6.821e-13,0.000e+00,0.000e+00,438921.3337,280756.1347,0,0
2025-12-04,18,30,36,144,108,0,0.51403847,10476.794095,,12049.615501,,1,1,0,1.137e-13,0.000e+00,0.000e+00,264054.6552,228204.3811,0,0
2025-12-05,0,30,144,144,0,0,0.39046732,9968.653287,0.01043700,17380.815014,17201.285135,3,1,0,7.105e-15,-5.684e-14,0.000e+00,557284.1616,455436.0024,0,0
2025-12-05,6,30,108,144,36,0,0.39046732,8884.722597,,12544.744410,,1,1,0,2.274e-13,0.000e+00,0.000e+00,548942.0179,425753.0618,0,0
2025-12-05,12,30,72,144,72,0,0.39046732,5237.093627,,12194.836596,,1,1,0,2.274e-13,0.000e+00,0.000e+00,419758.4664,225736.0345,0,0
2025-12-05,18,30,36,144,108,0,0.39046732,9241.807461,,4761.206275,,1,1,0,2.274e-13,0.000e+00,0.000e+00,265201.2218,216848.5940,0,0
2025-12-06,0,30,144,144,0,0,0.39768724,9818.056125,0.01052189,18836.756139,18640.621625,3,1,0,0.000e+00,0.000e+00,0.000e+00,557303.6855,450866.2847,0,0
2025-12-06,6,30,108,144,36,0,0.39768724,9456.283078,,12744.687437,,1,1,0,1.137e-13,0.000e+00,0.000e+00,536159.3422,427587.2276,0,0
2025-12-06,12,30,72,144,72,0,0.39768724,4176.531511,,17108.932253,,1,1,0,1.137e-13,0.000e+00,0.000e+00,406463.2350,196275.0426,0,0
2025-12-06,18,30,36,144,108,0,0.39768724,8854.824956,,7238.897943,,1,1,0,1.137e-13,0.000e+00,0.000e+00,262924.9131,207373.2594,0,0
2025-12-07,0,30,144,144,0,0,0.53062023,9100.852851,0.00419441,74217.931172,73907.930856,4,1,0,5.063e-14,0.000e+00,0.000e+00,683993.2841,524294.9675,0,0
2025-12-07,6,30,108,144,36,0,0.53062023,10770.643429,,59991.158342,,1,1,0,1.137e-13,0.000e+00,0.000e+00,625037.5094,520482.3847,0,0
2025-12-07,12,30,72,144,72,0,0.53062023,9990.150517,,38532.991232,,1,1,0,0.000e+00,0.000e+00,0.000e+00,386224.2723,301513.6652,0,0
2025-12-07,18,30,36,144,108,0,0.53062023,10800.000000,,12664.490888,,1,1,0,0.000e+00,0.000e+00,0.000e+00,275002.6878,228303.2077,0,0
2025-12-08,0,30,144,144,0,0,0.51756414,10800.000000,0.00281475,67491.533006,67302.094128,3,1,0,9.095e-13,-3.411e-13,-3.297e-12,624004.9894,530975.6397,0,0
2025-12-08,6,30,108,144,36,0,0.51756414,10734.502371,,55067.170224,,1,1,0,1.137e-13,0.000e+00,0.000e+00,613110.0641,519739.0180,0,0
2025-12-08,12,30,72,144,72,0,0.51756414,8448.217376,,36686.840443,,1,1,0,1.137e-13,0.000e+00,0.000e+00,422733.8360,297253.2277,0,0
2025-12-08,18,30,36,144,108,0,0.51756414,10800.000000,,11938.655376,,1,1,0,1.137e-13,0.000e+00,0.000e+00,265434.7205,228209.3234,0,0
2025-12-09,0,30,144,144,0,0,0.51809197,10401.055900,0.00374267,67357.985320,67106.826668,4,0,1,2.685e-11,0.000e+00,0.000e+00,625562.3658,520085.3986,0,0
2025-12-09,6,30,108,144,36,0,0.51809197,10782.818740,,54842.486606,,1,1,0,1.137e-13,0.000e+00,0.000e+00,607651.4218,514755.0262,0,0
2025-12-09,12,30,72,144,72,0,0.51809197,8389.102313,,36206.855628,,1,1,0,1.137e-13,0.000e+00,0.000e+00,423914.4496,296243.6180,0,0
2025-12-09,18,30,36,144,108,0,0.51809197,10715.867495,,11915.776567,,1,1,0,1.137e-13,0.000e+00,0.000e+00,266304.1818,228301.1796,0,0
2025-12-10,0,30,144,144,0,0,0.51777173,9918.768364,0.00464402,67290.243889,66979.191237,4,0,1,1.137e-13,0.000e+00,-6.111e-13,669302.1198,539135.0373,0,0
2025-12-10,6,30,108,144,36,0,0.51777173,10761.314417,,54397.473878,,1,1,0,1.137e-13,0.000e+00,0.000e+00,637324.5414,535140.0379,0,0
2025-12-10,12,30,72,144,72,0,0.51777173,8082.492246,,36824.284764,,1,1,0,1.137e-13,0.000e+00,0.000e+00,462085.9507,318599.1947,0,0
2025-12-10,18,30,36,144,108,0,0.51777173,10796.432247,,11508.862861,,1,1,0,1.137e-13,0.000e+00,0.000e+00,282507.7889,241586.9164,0,0
2025-12-11,0,30,144,144,0,0,0.51873265,10361.504023,0.00416314,66863.785098,66586.576135,4,0,1,1.137e-13,0.000e+00,0.000e+00,652133.3922,537564.0114,0,0
2025-12-11,6,30,108,144,36,0,0.51873265,10736.583339,,54247.551669,,1,1,0,1.137e-13,0.000e+00,0.000e+00,631448.4670,529993.5946,0,0
2025-12-11,12,30,72,144,72,0,0.51873265,7734.251835,,37043.963542,,1,1,0,1.137e-13,0.000e+00,0.000e+00,465386.8264,312119.9508,0,0
2025-12-11,18,30,36,144,108,0,0.51873265,10703.075272,,11284.767335,,1,1,0,0.000e+00,0.000e+00,0.000e+00,282044.7861,241077.0875,0,0
2025-12-12,0,30,144,144,0,0,0.39239141,10321.402385,0.00974608,16278.824856,16121.701445,2,1,0,1.762e-12,-8.527e-14,-1.137e-12,561058.6249,465113.1651,0,0
2025-12-12,6,30,108,144,36,0,0.39239141,9102.515016,,11158.782815,,1,1,0,8.065e-13,0.000e+00,0.000e+00,561715.4390,435779.4760,0,0
2025-12-12,12,30,72,144,72,0,0.39239141,3775.638751,,15855.290688,,1,1,0,1.137e-13,0.000e+00,0.000e+00,445614.7291,205175.1341,0,0
2025-12-12,18,30,36,144,108,0,0.39239141,7269.184021,,14179.087904,,1,1,0,1.137e-13,0.000e+00,0.000e+00,279220.8427,165110.7055,0,0
2025-12-13,0,30,144,144,0,0,0.40272735,9623.811986,0.01395497,19442.374232,19174.790587,4,0,1,1.137e-13,0.000e+00,0.000e+00,566612.2767,451765.1107,0,0
2025-12-13,6,30,108,144,36,0,0.40272735,9995.128270,,12383.278774,,1,1,0,1.137e-13,0.000e+00,0.000e+00,528971.2802,430754.3670,0,0
2025-12-13,12,30,72,144,72,0,0.40272735,6245.517494,,9709.653262,,1,1,0,1.137e-13,0.000e+00,0.000e+00,416820.6703,238708.0362,0,0
2025-12-13,18,30,36,144,108,0,0.40272735,10557.275749,,2646.254148,,1,1,0,1.137e-13,0.000e+00,0.000e+00,271483.3822,232735.3506,0,0
2025-12-14,0,30,144,144,0,0,0.52914723,9827.637132,0.00491634,73375.308177,73016.334874,4,0,1,2.274e-13,0.000e+00,0.000e+00,689260.6549,550837.8805,0,0
2025-12-14,6,30,108,144,36,0,0.52914723,10800.000000,,59579.506775,,1,1,0,1.137e-13,-9.158e-15,0.000e+00,650890.8339,545464.1195,0,0
2025-12-14,12,30,72,144,72,0,0.52914723,8877.604734,,38758.923023,,1,1,0,1.137e-13,0.000e+00,0.000e+00,445202.7806,324788.4870,0,0
2025-12-14,18,30,36,144,108,0,0.52914723,10800.000000,,12188.357460,,1,1,0,1.137e-13,0.000e+00,0.000e+00,285609.6388,243782.3096,0,0
2025-12-15,0,30,144,144,0,0,0.51985732,10800.000000,0.00362427,68723.763421,68475.589187,4,0,1,7.201e-13,0.000e+00,0.000e+00,658118.7202,553565.4091,0,0
2025-12-15,6,30,108,144,36,0,0.51985732,10729.385757,,56449.789334,,1,1,0,1.137e-13,0.000e+00,0.000e+00,647552.3347,542884.0801,0,0
2025-12-15,12,30,72,144,72,0,0.51985732,7243.045315,,37835.701622,,1,1,0,1.137e-13,0.000e+00,0.000e+00,488322.3159,317932.2398,0,0
2025-12-15,18,30,36,144,108,0,0.51985732,10770.981835,,11314.475641,,1,1,0,1.137e-13,0.000e+00,0.000e+00,280281.6287,239461.3556,0,0
2025-12-16,0,30,144,144,0,0,0.51821359,10306.346977,0.00601683,69023.489424,68610.670425,4,0,1,1.137e-13,0.000e+00,0.000e+00,659143.3605,540955.1339,0,0
2025-12-16,6,30,108,144,36,0,0.51821359,10607.304371,,56617.188299,,1,1,0,1.137e-13,0.000e+00,0.000e+00,642618.1998,535382.9761,0,0
2025-12-16,12,30,72,144,72,0,0.51821359,7272.495098,,37291.062666,,1,1,0,1.137e-13,0.000e+00,0.000e+00,488059.5085,318194.3165,0,0
2025-12-16,18,30,36,144,108,0,0.51821359,10769.547877,,11547.762545,,1,1,0,1.137e-13,0.000e+00,0.000e+00,279871.1838,238533.0544,0,0
2025-12-17,0,30,144,144,0,0,0.51937454,10016.950954,0.00524022,69333.976643,68972.545396,4,0,1,1.137e-13,0.000e+00,0.000e+00,666111.1435,538732.8896,0,0
2025-12-17,6,30,108,144,36,0,0.51937454,10557.109214,,56968.142326,,1,1,0,0.000e+00,0.000e+00,0.000e+00,638873.7076,531137.0757,0,0
2025-12-17,12,30,72,144,72,0,0.51937454,8598.324180,,36217.425910,,1,1,0,0.000e+00,0.000e+00,0.000e+00,442196.2030,315804.0547,0,0
2025-12-17,18,30,36,144,108,0,0.51937454,10789.913456,,11242.378232,,1,1,0,0.000e+00,0.000e+00,0.000e+00,280116.5356,239133.7162,0,0
2025-12-18,0,30,144,144,0,0,0.51862730,10389.670982,0.00534208,68582.472140,68218.045906,4,1,0,2.274e-13,-1.137e-13,0.000e+00,646139.0275,533669.3964,0,0
2025-12-18,6,30,108,144,36,0,0.51862730,10632.288665,,56335.815194,,1,1,0,1.137e-13,0.000e+00,0.000e+00,627681.7568,524920.6515,0,0
2025-12-18,12,30,72,144,72,0,0.51862730,7855.735817,,35868.715915,,1,1,0,1.137e-13,0.000e+00,0.000e+00,460280.4176,310940.0586,0,0
2025-12-18,18,30,36,144,108,0,0.51862730,10766.439556,,11341.884528,,1,1,0,1.137e-13,0.000e+00,0.000e+00,276770.3474,236492.8624,0,0
2025-12-19,0,30,144,144,0,0,0.39737936,10438.655306,0.01315149,17636.264083,17407.331672,3,1,0,1.137e-13,-5.116e-13,0.000e+00,514669.2236,437020.2000,0,0
2025-12-19,6,30,108,144,36,0,0.39737936,9755.233732,,11354.099794,,1,1,0,1.137e-13,0.000e+00,0.000e+00,504633.1442,411536.6912,0,0
2025-12-19,12,30,72,144,72,0,0.39737936,5944.657038,,8766.061756,,1,1,0,1.137e-13,0.000e+00,0.000e+00,407359.2147,223459.3460,0,0
2025-12-19,18,30,36,144,108,0,0.39737936,9230.824457,,3319.617787,,1,1,0,1.137e-13,0.000e+00,0.000e+00,251666.4411,214641.8867,0,0
2025-12-20,0,30,144,144,0,0,0.40318717,8564.176304,0.01506188,19910.719736,19615.276720,4,0,1,1.137e-13,0.000e+00,0.000e+00,568542.3695,429587.3631,0,0
2025-12-20,6,30,108,144,36,0,0.40318717,10167.918226,,12243.235495,,1,1,0,1.137e-13,0.000e+00,0.000e+00,495030.3996,411768.8346,0,0
2025-12-20,12,30,72,144,72,0,0.40318717,6379.523767,,9458.618325,,1,1,0,1.137e-13,0.000e+00,0.000e+00,395041.3774,224789.7996,0,0
2025-12-20,18,30,36,144,108,0,0.40318717,10662.714768,,2833.853886,,1,1,0,1.137e-13,0.000e+00,0.000e+00,251232.1995,216642.1645,0,0
2025-12-21,0,30,144,144,0,0,0.52111796,9887.131316,0.00594609,70331.496062,69915.770731,4,0,1,1.137e-13,0.000e+00,0.000e+00,684438.3479,548046.7342,0,0
2025-12-21,6,30,108,144,36,0,0.52111796,10757.940261,,57161.319826,,1,1,0,1.137e-13,0.000e+00,0.000e+00,650851.0417,543685.2364,0,0
2025-12-21,12,30,72,144,72,0,0.52111796,7365.830572,,36985.079694,,1,1,0,1.137e-13,0.000e+00,0.000e+00,499993.6824,327388.8914,0,0
2025-12-21,18,30,36,144,108,0,0.52111796,10796.305348,,11494.307485,,1,1,0,1.137e-13,0.000e+00,0.000e+00,281687.2672,240454.3461,0,0
2025-12-22,0,30,144,144,0,0,0.51732942,10505.788868,0.00522253,68114.580202,67760.698032,4,1,0,2.274e-13,0.000e+00,-3.682e-12,656892.6826,544486.7216,0,0
2025-12-22,6,30,108,144,36,0,0.51732942,10439.508266,,56222.561855,,1,1,0,1.137e-13,0.000e+00,0.000e+00,648565.9127,536422.6092,0,0
2025-12-22,12,30,72,144,72,0,0.51732942,7315.894143,,36319.765279,,1,1,0,1.137e-13,0.000e+00,0.000e+00,492281.5380,320504.2800,0,0
2025-12-22,18,30,36,144,108,0,0.51732942,10755.107713,,11314.179185,,1,1,0,1.137e-13,0.000e+00,0.000e+00,272912.1610,232995.1142,0,0
2025-12-23,0,30,144,144,0,0,0.51920546,9958.259757,0.00577986,68914.218075,68518.192743,4,1,0,3.553e-14,0.000e+00,0.000e+00,670948.1907,541160.0003,0,0
2025-12-23,6,30,108,144,36,0,0.51920546,10790.837540,,55858.493113,,1,1,0,1.137e-13,0.000e+00,0.000e+00,638150.3673,536166.5347,0,0
2025-12-23,12,30,72,144,72,0,0.51920546,8247.387068,,36144.717021,,1,1,0,1.137e-13,0.000e+00,0.000e+00,463245.1975,321066.8169,0,0
2025-12-23,18,30,36,144,108,0,0.51920546,10748.512294,,11472.883914,,1,1,0,1.137e-13,0.000e+00,0.000e+00,272974.6576,232815.3519,0,0
2025-12-24,0,30,144,144,0,0,0.51727367,10250.836700,0.00614101,67338.296477,66927.295244,4,1,0,1.066e-14,0.000e+00,0.000e+00,656823.5453,537005.9063,0,0
2025-12-24,6,30,108,144,36,0,0.51727367,10780.969101,,54938.561785,,1,1,0,1.137e-13,0.000e+00,0.000e+00,634883.5556,532549.3599,0,0
2025-12-24,12,30,72,144,72,0,0.51727367,7679.582041,,35590.645069,,1,1,0,1.137e-13,0.000e+00,0.000e+00,481672.4201,320667.8062,0,0
2025-12-24,18,30,36,144,108,0,0.51727367,10779.373018,,11339.851448,,1,1,0,1.137e-13,0.000e+00,0.000e+00,274785.5039,234515.1285,0,0
2025-12-25,0,30,144,144,0,0,0.51619652,10261.299367,0.00586778,67067.703798,66676.460679,4,0,1,1.137e-13,-1.637e-12,-7.958e-13,674182.6614,548717.9746,0,0
2025-12-25,6,30,108,144,36,0,0.51619652,10723.285895,,54456.999918,,1,1,0,1.137e-13,0.000e+00,0.000e+00,653773.4788,544140.8248,0,0
2025-12-25,12,30,72,144,72,0,0.51619652,7402.728623,,36139.776442,,1,1,0,1.137e-13,0.000e+00,0.000e+00,501776.0047,328706.1073,0,0
2025-12-25,18,30,36,144,108,0,0.51619652,10732.406119,,11323.052837,,1,1,0,1.137e-13,0.000e+00,0.000e+00,284299.8289,241331.3302,0,0
2025-12-26,0,30,144,144,0,0,0.40505464,10407.342427,0.00998968,18650.149027,18465.682695,3,1,0,3.553e-14,0.000e+00,-1.705e-13,498948.3921,426078.2400,0,0
2025-12-26,6,30,108,144,36,0,0.40505464,10082.307491,,11733.736752,,1,1,0,1.137e-13,0.000e+00,0.000e+00,481491.4502,402358.0094,0,0
2025-12-26,12,30,72,144,72,0,0.40505464,6264.853077,,9291.509803,,1,1,0,1.137e-13,0.000e+00,0.000e+00,385911.3839,215897.4404,0,0
2025-12-26,18,30,36,144,108,0,0.40505464,9565.764404,,3375.920072,,1,1,0,1.137e-13,0.000e+00,0.000e+00,239974.3062,207184.1723,0,0
2025-12-27,0,30,144,144,0,0,0.41010602,9312.691720,0.01166060,19649.347760,19422.865489,2,1,0,2.487e-14,-1.751e-12,0.000e+00,533564.2557,424122.6545,0,0
2025-12-27,6,30,108,144,36,0,0.41010602,10228.674074,,12152.118066,,1,1,0,1.137e-13,0.000e+00,0.000e+00,480838.7030,404448.4408,0,0
2025-12-27,12,30,72,144,72,0,0.41010602,6413.426977,,9512.278044,,1,1,0,1.137e-13,0.000e+00,0.000e+00,375261.3719,215864.1914,0,0
2025-12-27,18,30,36,144,108,0,0.41010602,10209.061663,,3086.161073,,1,1,0,1.137e-13,0.000e+00,0.000e+00,239537.4652,206860.5112,0,0
2025-12-28,0,30,144,144,0,0,0.51935961,9604.488160,0.00631000,68074.093359,67647.239601,4,0,1,4.093e-12,0.000e+00,0.000e+00,690185.7745,543113.5966,0,0
2025-12-28,6,30,108,144,36,0,0.51935961,10662.979276,,55559.649423,,1,1,0,1.137e-13,0.000e+00,0.000e+00,648642.5144,537727.7487,0,0
2025-12-28,12,30,72,144,72,0,0.51935961,7685.505932,,36091.941916,,1,1,0,1.137e-13,0.000e+00,0.000e+00,485852.9673,323011.3683,0,0
2025-12-28,18,30,36,144,108,0,0.51935961,10764.304099,,10850.505702,,1,1,0,1.137e-13,0.000e+00,0.000e+00,285576.5902,242621.1111,0,0
2025-12-29,0,30,144,144,0,0,0.51783368,10445.330817,0.00557232,66763.606645,66393.639793,4,0,1,1.137e-13,0.000e+00,-7.265e-13,652686.3410,536908.1064,0,0
2025-12-29,6,30,108,144,36,0,0.51783368,10700.427432,,54081.649206,,1,1,0,1.137e-13,0.000e+00,0.000e+00,636316.3209,530283.5540,0,0
2025-12-29,12,30,72,144,72,0,0.51783368,8559.001761,,34734.275750,,1,1,0,1.137e-13,0.000e+00,0.000e+00,445594.1241,314334.4161,0,0
2025-12-29,18,30,36,144,108,0,0.51783368,10800.000000,,10921.206068,,1,1,0,1.137e-13,0.000e+00,0.000e+00,279453.0659,237841.7076,0,0
2025-12-30,0,30,144,144,0,0,0.51830636,9971.833915,0.00412326,66237.603221,65965.609879,4,1,0,0.000e+00,0.000e+00,0.000e+00,663800.3411,532932.4037,0,0
2025-12-30,6,30,108,144,36,0,0.51830636,10777.474138,,53454.530934,,1,1,0,1.137e-13,0.000e+00,0.000e+00,629124.6602,526494.6212,0,0
2025-12-30,12,30,72,144,72,0,0.51830636,7540.443166,,34516.470190,,1,1,0,1.137e-13,0.000e+00,0.000e+00,471067.7567,308119.2259,0,0
2025-12-30,18,30,36,144,108,0,0.51830636,10800.000000,,10965.644694,,1,1,0,1.137e-13,0.000e+00,0.000e+00,279561.5890,238116.5897,0,0
2025-12-31,0,30,144,144,0,0,0.51700205,10203.247267,0.00448472,64721.157734,64432.197471,3,1,0,0.000e+00,-5.844e-11,-3.125e-12,653268.7406,530616.6444,0,0
2025-12-31,6,30,108,108,36,0,0.51700205,10763.281668,,52148.892204,,1,1,0,1.137e-13,-1.023e-12,0.000e+00,626629.6963,524192.9938,0,0
2025-12-31,12,30,72,72,72,0,0.51700205,6573.551585,,34891.453993,,1,1,0,1.137e-13,0.000e+00,0.000e+00,487134.1320,300659.9577,0,0
2025-12-31,18,30,36,36,108,0,0.51700205,9635.345701,,14026.057890,,1,1,0,1.137e-13,0.000e+00,0.000e+00,283661.5980,229414.2471,0,0
